frame,timestamp,anchor_to_bottom_lip_top_center,lips_label,teeth_label
0,0.0,87.44989083494357,Closed,Open
1,0.0333355063016079,86.71338103434303,Closed,Open
2,0.0666710126032159,88.84632253678751,Closed,Open
3,0.1000065189048239,87.67295529843925,Closed,Open
4,0.1333420252064319,88.73127800986833,Closed,Open
5,0.16667753150804,89.85684159633628,Closed,Open
6,0.2000130378096479,87.2579896731161,Closed,Open
7,0.2333485441112559,88.67118820128044,Closed,Open
8,0.2666840504128639,87.80755964940764,Closed,Open
9,0.3000195567144719,85.7952260953447,Closed,Open
10,0.33335506301608,85.21395473904352,Closed,Open
11,0.3666905693176879,87.21910987196514,Closed,Open
12,0.4000260756192959,87.68200891967581,Closed,Open
13,0.4333615819209039,87.25425061377805,Closed,Open
14,0.4666970882225119,86.8171178136682,Closed,Open
15,0.50003259452412,86.6723219053285,Closed,Open
16,0.5333681008257279,89.19522310655259,Closed,Open
17,0.5667036071273359,88.6177669573311,Closed,Open
18,0.6000391134289439,86.57314548116784,Closed,Open
19,0.6333746197305519,86.16452782702352,Closed,Open
20,0.66671012603216,89.11418860650981,Closed,Open
21,0.7000456323337679,88.68362899143327,Closed,Open
22,0.7333811386353759,90.78028831902742,Closed,Open
23,0.7667166449369839,88.06788469204983,Closed,Open
24,0.8000521512385919,87.54603954654274,Closed,Open
25,0.8333876575401998,85.73267856238797,Closed,Open
26,0.8667231638418079,87.14372991612271,Closed,Open
27,0.9000586701434159,83.75578486437064,Closed,Open
28,0.933394176445024,84.98471169102282,Closed,Open
29,0.9667296827466318,85.41335697007341,Closed,Open
30,1.00006518904824,86.43812245846925,Closed,Open
31,1.0334006953498478,79.26076744137806,Closed,Open
32,1.066736201651456,93.54260064059524,Closed,Open
33,1.1000717079530635,88.90151159685593,Closed,Open
34,1.1334072142546718,92.36197730074473,Closed,Open
35,1.16674272055628,90.64843057381756,Closed,Open
36,1.2000782268578878,87.10638252024948,Closed,Open
37,1.233413733159496,80.6974558283104,Closed,Open
38,1.2667492394611035,83.17792347306133,Closed,Open
39,1.3000847457627118,89.14266868147175,Closed,Open
40,1.33342025206432,92.07841704636598,Closed,Open
41,1.3667557583659278,83.7230170987801,Closed,Open
42,1.400091264667536,100.72680508593628,Open,Open
43,1.4334267709691435,93.61643372272805,Closed,Open
44,1.4667622772707518,86.10776872121335,Closed,Open
45,1.5000977835723597,81.95883931389773,Closed,Open
46,1.5334332898739678,92.7851888965774,Closed,Open
47,1.566768796175576,84.04725422472308,Closed,Open
48,1.6001043024771835,87.93699946321276,Closed,Open
49,1.6334398087787918,91.52916181463875,Closed,Open
50,1.6667753150803997,104.58785563213252,Open,Open
51,1.7001108213820078,90.74075085756388,Closed,Open
52,1.7334463276836158,85.70025413285467,Closed,Open
53,1.7667818339852237,84.25785332526152,Closed,Open
54,1.8001173402868318,81.4117753566169,Closed,Open
55,1.8334528465884397,85.54237890278968,Closed,Open
56,1.8667883528900475,87.39993483935075,Closed,Open
57,1.900123859191656,82.0891335749226,Closed,Open
58,1.9334593654932637,84.83788646491118,Closed,Open
59,1.966794871794872,82.31322265906061,Closed,Open
60,2.00013037809648,79.67714852027353,Closed,Open
61,2.0334658843980877,77.68178517718928,Closed,Open
62,2.0668013906996956,77.69512584204236,Closed,Open
63,2.100136897001304,78.66758975097264,Closed,Open
64,2.133472403302912,78.84540305399179,Closed,Open
65,2.1668079096045196,79.30064818310979,Closed,Open
66,2.2001434159061275,73.208858054813,Closed,Open
67,2.233478922207736,71.32868332514218,Closed,Open
68,2.2668144285093437,72.80116304724923,Closed,Open
69,2.3001499348109515,74.73423485156374,Closed,Open
70,2.33348544111256,72.00384592629001,Closed,Open
71,2.3668209474141677,69.7551058267641,Closed,Open
72,2.4001564537157756,68.50362299817223,Closed,Closed
73,2.433491960017383,67.52999300341266,Closed,Closed
74,2.4668274663189917,96.12363799656124,Closed,Open
75,2.5001629726205996,71.66878811208113,Closed,Open
76,2.5334984789222075,77.81738071710737,Closed,Open
77,2.566833985223816,73.7972302876622,Closed,Open
78,2.6001694915254236,85.72373436029287,Closed,Open
79,2.6335049978270315,77.17583701429336,Closed,Open
80,2.66684050412864,78.63406011768427,Closed,Open
81,2.7001760104302477,87.91939559229809,Closed,Open
82,2.7335115167318556,87.38576865066017,Closed,Open
83,2.7668470230334634,83.92740431508437,Closed,Open
84,2.8001825293350717,82.85191767721122,Closed,Open
85,2.8335180356366796,83.88237165232391,Closed,Open
86,2.8668535419382875,80.6833340055504,Closed,Open
87,2.900189048239896,80.22676598205219,Closed,Open
88,2.9335245545415036,76.57367362067494,Closed,Open
89,2.9668600608431115,73.42950747611374,Closed,Open
90,3.0001955671447194,70.14516464895311,Closed,Open
91,3.0335310734463277,70.0192099508123,Closed,Open
92,3.0668665797479355,67.31042167682973,Closed,Closed
93,3.1002020860495434,68.34865048682086,Closed,Closed
94,3.1335375923511517,71.18050626568737,Closed,Open
95,3.1668730986527596,74.78942400906257,Closed,Open
96,3.200208604954367,78.57261310856354,Closed,Open
97,3.2335441112559757,87.73620337304395,Closed,Open
98,3.2668796175575836,84.15008444159199,Closed,Open
99,3.3002151238591915,81.170565457649,Closed,Open
100,3.3335506301607993,83.20691400273648,Closed,Open
101,3.3668861364624076,83.15292200959985,Closed,Open
102,3.4002216427640155,83.80669393083357,Closed,Open
103,3.4335571490656234,81.02478195270956,Closed,Open
104,3.4668926553672317,80.60177441405628,Closed,Open
105,3.5002281616688395,76.93863122416158,Closed,Open
106,3.5335636679704474,76.79650127928502,Closed,Open
107,3.5668991742720553,70.84815171069769,Closed,Open
108,3.6002346805736636,72.25704556059344,Closed,Open
109,3.633570186875271,76.25884892782226,Closed,Open
110,3.6669056931768793,72.67339819580545,Closed,Open
111,3.700241199478488,75.95631499189173,Closed,Open
112,3.733576705780095,78.35339225777473,Closed,Open
113,3.7669122120817033,78.6815018108136,Closed,Open
114,3.800247718383312,80.33040030194519,Closed,Open
115,3.833583224684919,87.7801097122748,Closed,Open
116,3.8669187309865274,83.46244400604354,Closed,Open
117,3.9002542372881353,83.68472573439513,Closed,Open
118,3.933589743589744,87.57332442056546,Closed,Open
119,3.966925249891351,85.12569279310163,Closed,Open
120,4.00026075619296,89.94536994221795,Closed,Open
121,4.033596262494568,83.298515513819,Closed,Open
122,4.0669317687961755,77.67183165800756,Closed,Open
123,4.100267275097783,84.29181806173446,Closed,Open
124,4.133602781399391,80.28618683372908,Closed,Open
125,4.166938287700999,78.38121752193469,Closed,Open
126,4.200273794002608,74.88251826700305,Closed,Open
127,4.233609300304216,74.4681423339064,Closed,Open
128,4.2669448066058235,73.71219952868762,Closed,Open
129,4.300280312907431,69.53501138075258,Closed,Closed
130,4.333615819209039,69.11669641767557,Closed,Closed
131,4.366951325510647,74.23061676446369,Closed,Open
132,4.400286831812255,84.31350242951336,Closed,Open
133,4.433622338113864,85.541655004522,Closed,Open
134,4.466957844415472,88.84230041723472,Closed,Open
135,4.5002933507170795,95.23452775325968,Closed,Open
136,4.533628857018687,94.66481755343165,Closed,Open
137,4.566964363320295,93.0852131222182,Closed,Open
138,4.600299869621903,92.48611647022192,Closed,Open
139,4.633635375923511,83.8914398338393,Closed,Open
140,4.66697088222512,92.34003624086304,Closed,Open
141,4.700306388526728,85.16288758852329,Closed,Open
142,4.733641894828335,83.78339556930615,Closed,Open
143,4.766977401129943,81.91778476544832,Closed,Open
144,4.800312907431551,79.56330966651001,Closed,Open
145,4.833648413733159,79.94198019858905,Closed,Open
146,4.866983920034767,78.47594477903962,Closed,Open
147,4.900319426336376,76.45652199883392,Closed,Open
148,4.9336549326379835,74.00985797082697,Closed,Open
149,4.966990438939591,73.83563623217364,Closed,Open
150,5.000325945241199,79.84595209862445,Closed,Open
151,5.033661451542807,85.54060439104285,Closed,Open
152,5.066996957844415,89.46054441865193,Closed,Open
153,5.100332464146024,86.90732577637773,Closed,Open
154,5.133667970447632,92.87398729566677,Closed,Open
155,5.167003476749239,93.190470119715,Closed,Open
156,5.200338983050847,88.98681208682888,Closed,Open
157,5.233674489352455,86.16093260045479,Closed,Open
158,5.267009995654063,79.75920409760752,Closed,Open
159,5.300345501955671,82.04122254650255,Closed,Open
160,5.33368100825728,74.0366515763717,Closed,Open
161,5.3670165145588875,73.76078779406345,Closed,Open
162,5.400352020860495,75.30869458810479,Closed,Open
163,5.433687527162103,74.37968720369909,Closed,Open
164,5.467023033463711,70.1248579950984,Closed,Open
165,5.500358539765319,69.32655185941852,Closed,Closed
166,5.533694046066927,70.90922722712278,Closed,Open
167,5.567029552368536,68.54484601070928,Closed,Closed
168,5.6003650586701434,69.2620948866286,Closed,Closed
169,5.633700564971751,77.18416440784958,Closed,Open
170,5.667036071273359,84.96433651301297,Closed,Open
171,5.700371577574967,83.76837963892095,Closed,Open
172,5.733707083876575,87.95315936195504,Closed,Open
173,5.767042590178183,86.41927480346352,Closed,Open
174,5.8003780964797915,89.00872478765842,Closed,Open
175,5.833713602781399,84.81682122951895,Closed,Open
176,5.867049109083007,85.09879384369722,Closed,Open
177,5.900384615384615,82.12960275891288,Closed,Open
178,5.933720121686223,80.528985254248,Closed,Open
179,5.967055627987831,83.63933067750833,Closed,Open
180,6.000391134289439,87.67597903643085,Closed,Open
181,6.0337266405910475,75.09354741501323,Closed,Open
182,6.067062146892655,77.63925588909622,Closed,Open
183,6.100397653194263,75.34141455584813,Closed,Open
184,6.133733159495871,80.45468839212924,Closed,Open
185,6.167068665797479,73.83897704294407,Closed,Open
186,6.200404172099087,75.54442251822084,Closed,Open
187,6.2337396784006955,81.88095552122073,Closed,Open
188,6.267075184702303,84.15236508202054,Closed,Open
189,6.300410691003911,85.66774911940736,Closed,Open
190,6.333746197305519,90.5025251881154,Closed,Open
191,6.367081703607127,84.16407673308346,Closed,Open
192,6.400417209908735,96.67011717656752,Closed,Open
193,6.433752716210343,92.0147218311496,Closed,Open
194,6.4670882225119515,91.4795217000929,Closed,Open
195,6.500423728813559,86.83663712125772,Closed,Open
196,6.533759235115167,83.16549962395285,Closed,Open
197,6.567094741416775,81.19516461490491,Closed,Open
198,6.600430247718383,77.79514739271865,Closed,Open
199,6.633765754019991,78.57822800779925,Closed,Open
200,6.667101260321599,77.04583150690702,Closed,Open
201,6.700436766623207,74.73879193106185,Closed,Open
202,6.733772272924815,76.1220577838832,Closed,Open
203,6.767107779226423,75.40677061159323,Closed,Open
204,6.800443285528031,73.18033109273486,Closed,Open
205,6.833778791829639,81.36955360682981,Closed,Open
206,6.867114298131247,83.8639348049101,Closed,Open
207,6.900449804432855,87.8520388732941,Closed,Open
208,6.933785310734463,88.0,Closed,Open
209,6.967120817036071,93.71821571816862,Closed,Open
210,7.000456323337679,90.81718636257872,Closed,Open
211,7.033791829639287,88.42316236165475,Closed,Open
212,7.067127335940895,85.95530825078671,Closed,Open
213,7.100462842242503,83.96561430091742,Closed,Open
214,7.1337983485441105,76.91920642879687,Closed,Open
215,7.167133854845719,77.00357124637428,Closed,Open
216,7.200469361147327,78.66007653365483,Closed,Open
217,7.233804867448935,75.8884779927501,Closed,Open
218,7.267140373750543,72.80758754525952,Closed,Open
219,7.300475880052151,70.2672829201343,Closed,Open
220,7.333811386353759,68.68304542176244,Closed,Closed
221,7.367146892655367,69.79646613328863,Closed,Open
222,7.400482398956975,69.64123775803702,Closed,Closed
223,7.433817905258583,72.11363182432149,Closed,Open
224,7.467153411560191,75.01828860398737,Closed,Open
225,7.500488917861799,80.46992926219106,Closed,Open
226,7.533824424163407,82.75394777431174,Closed,Open
227,7.567159930465015,93.11811701272302,Closed,Open
228,7.600495436766623,91.08846015417836,Closed,Open
229,7.633830943068231,93.34788423794636,Closed,Open
230,7.667166449369839,93.18646295333777,Closed,Open
231,7.700501955671447,88.39347269072725,Closed,Open
232,7.733837461973055,91.3140766236922,Closed,Open
233,7.767172968274663,85.78086305215274,Closed,Open
234,7.8005084745762705,86.96931313513576,Closed,Open
235,7.833843980877879,83.68375661956631,Closed,Open
236,7.867179487179487,84.34416404837049,Closed,Open
237,7.900514993481095,84.3645523483951,Closed,Open
238,7.933850499782703,81.45395749998693,Closed,Open
239,7.967186006084311,79.07008492417233,Closed,Open
240,8.00052151238592,77.15000878872183,Closed,Open
241,8.033857018687527,77.96372826926367,Closed,Open
242,8.067192524989135,79.96989762431436,Closed,Open
243,8.100528031290743,78.28029243618153,Closed,Open
244,8.133863537592351,78.26035793053342,Closed,Open
245,8.167199043893959,78.7360622533857,Closed,Open
246,8.200534550195567,84.09601490486344,Closed,Open
247,8.233870056497175,86.74111935665763,Closed,Open
248,8.267205562798782,90.05273136199683,Closed,Open
249,8.30054106910039,94.1958999093334,Closed,Open
250,8.333876575401998,93.39250924551274,Closed,Open
251,8.367212081703606,96.56404507286484,Closed,Open
252,8.400547588005216,92.8388868532928,Closed,Open
253,8.433883094306823,92.3501203276713,Closed,Open
254,8.467218600608431,90.4607281043296,Closed,Open
255,8.50055410691004,89.01081764469689,Closed,Open
256,8.533889613211647,88.82036350855074,Closed,Open
257,8.567225119513255,82.96142094408894,Closed,Open
258,8.600560625814863,84.08790771376155,Closed,Open
259,8.63389613211647,81.78035018757504,Closed,Open
260,8.667231638418079,80.59564735726646,Closed,Open
261,8.700567144719686,76.30786702430447,Closed,Open
262,8.733902651021294,72.4355898308043,Closed,Open
263,8.767238157322902,71.76051025977188,Closed,Open
264,8.80057366362451,71.65363345233573,Closed,Open
265,8.833909169926118,74.98698323835349,Closed,Open
266,8.867244676227727,75.90490038857195,Closed,Open
267,8.900580182529335,82.13505534680962,Closed,Open
268,8.933915688830943,88.8050419252292,Closed,Open
269,8.967251195132551,92.79571132170798,Closed,Open
270,9.000586701434159,93.3513484599438,Closed,Open
271,9.033922207735769,92.77364914821808,Closed,Open
272,9.067257714037376,89.41621145380101,Closed,Open
273,9.100593220338984,95.64919875392128,Closed,Open
274,9.13392872664059,91.86892126349676,Closed,Open
275,9.167264232942198,89.32940730839655,Closed,Open
276,9.200599739243806,83.63356347397989,Closed,Open
277,9.233935245545414,90.63927179135356,Closed,Open
278,9.267270751847022,89.23200040417044,Closed,Open
279,9.300606258148632,87.34334922644314,Closed,Open
280,9.33394176445024,85.91964163831378,Closed,Open
281,9.367277270751847,86.1843416214856,Closed,Open
282,9.400612777053457,81.80221082250635,Closed,Open
283,9.433948283355065,81.70605959393967,Closed,Open
284,9.46728378965667,78.1451618557737,Closed,Open
285,9.50061929595828,74.36778732521391,Closed,Open
286,9.533954802259888,75.92776499445665,Closed,Open
287,9.567290308561494,76.58753515830134,Closed,Open
288,9.600625814863102,79.90163299585927,Closed,Open
289,9.63396132116471,87.72536243211496,Closed,Open
290,9.667296827466318,90.7317556892221,Closed,Open
291,9.700632333767926,96.29238070744056,Closed,Open
292,9.733967840069534,96.30605425158788,Closed,Open
293,9.767303346371143,94.23239560584656,Closed,Open
294,9.800638852672751,93.90857347298228,Closed,Open
295,9.83397435897436,92.2959429524715,Closed,Open
296,9.867309865275969,91.70872614973644,Closed,Open
297,9.900645371577577,91.64772522230705,Closed,Open
298,9.933980877879184,89.48312417355828,Closed,Open
299,9.96731638418079,88.24559580400475,Closed,Open
300,10.000651890482398,87.15306731507428,Closed,Open
301,10.033987396784006,89.25181037272947,Closed,Open
302,10.067322903085614,83.68200973159858,Closed,Open
303,10.100658409387222,76.88703307796916,Closed,Open
304,10.13399391568883,74.61638125684533,Closed,Open
305,10.167329421990438,70.28270931514427,Closed,Open
306,10.200664928292047,71.58364773663389,Closed,Open
307,10.234000434593655,71.34423733169318,Closed,Open
308,10.267335940895263,76.15119107742579,Closed,Open
309,10.300671447196873,81.61020534952846,Closed,Open
310,10.33400695349848,85.03809815226387,Closed,Open
311,10.367342459800089,92.9775449844771,Closed,Open
312,10.400677966101696,95.41659847240388,Closed,Open
313,10.434013472403302,94.35871324805667,Closed,Open
314,10.46734897870491,94.56776670494916,Closed,Open
315,10.500684485006518,95.28364412626055,Closed,Open
316,10.534019991308126,92.77619687668034,Closed,Open
317,10.567355497609734,92.6700696032598,Closed,Open
318,10.600691003911342,94.27058232936398,Closed,Open
319,10.63402651021295,90.78529486090272,Closed,Open
320,10.66736201651456,89.86972477925366,Closed,Open
321,10.700697522816167,90.8611094227018,Closed,Open
322,10.734033029117777,87.82175777328283,Closed,Open
323,10.767368535419385,82.95071769405399,Closed,Open
324,10.80070404172099,83.35530448661441,Closed,Open
325,10.8340395480226,85.37801912266056,Closed,Open
326,10.867375054324206,78.01196832640348,Closed,Open
327,10.900710560625814,81.75579039803353,Closed,Open
328,10.934046066927422,80.37428765163638,Closed,Open
329,10.96738157322903,75.32714374920225,Closed,Open
330,11.000717079530638,76.28093070328556,Closed,Open
331,11.034052585832246,85.3279939960265,Closed,Open
332,11.067388092133854,85.90160241144085,Closed,Open
333,11.100723598435462,91.57803618218728,Closed,Open
334,11.134059104737071,93.38877178773842,Closed,Open
335,11.16739461103868,95.64706534439624,Closed,Open
336,11.200730117340289,94.46255121200988,Closed,Open
337,11.234065623641897,92.9633785567198,Closed,Open
338,11.267401129943504,91.50549202871328,Closed,Open
339,11.30073663624511,87.5270163803632,Closed,Open
340,11.334072142546718,86.12385225426601,Closed,Open
341,11.367407648848326,87.2750891366177,Closed,Open
342,11.400743155149934,85.76848288672558,Closed,Open
343,11.434078661451542,80.91533613277333,Closed,Open
344,11.46741416775315,81.43790576426973,Closed,Open
345,11.500749674054758,82.7628683056517,Closed,Open
346,11.534085180356366,80.33483507029618,Closed,Open
347,11.567420686657975,76.23785545725808,Closed,Open
348,11.600756192959585,73.52872332788091,Closed,Open
349,11.634091699261193,70.43118000328764,Closed,Open
350,11.6674272055628,70.64326418433383,Closed,Open
351,11.700762711864408,78.53166283953712,Closed,Open
352,11.734098218166016,82.884951914082,Closed,Open
353,11.767433724467622,89.88093800448803,Closed,Open
354,11.80076923076923,95.3772890632311,Closed,Open
355,11.834104737070838,96.25430622746656,Closed,Open
356,11.867440243372446,94.74637886906268,Closed,Open
357,11.900775749674054,88.49202445755034,Closed,Open
358,11.934111255975662,87.00592297628923,Closed,Open
359,11.96744676227727,91.14181690868648,Closed,Open
360,12.000782268578876,89.6283076411072,Closed,Open
361,12.034117774880489,85.39097697715744,Closed,Open
362,12.067453281182097,80.38508362736314,Closed,Open
363,12.100788787483705,81.96308062311579,Closed,Open
364,12.13412429378531,77.97600130495621,Closed,Open
365,12.16745980008692,79.9565543977703,Closed,Open
366,12.200795306388526,79.09003037092353,Closed,Open
367,12.234130812690134,83.5583838022723,Closed,Open
368,12.267466318991742,85.08021667842753,Closed,Open
369,12.30080182529335,75.64037867285259,Closed,Open
370,12.334137331594958,80.45520903137017,Closed,Open
371,12.367472837896566,86.9947495489297,Closed,Open
372,12.400808344198174,92.2001281424669,Closed,Open
373,12.43414385049978,94.73741401384063,Closed,Open
374,12.467479356801393,94.56966487312934,Closed,Open
375,12.500814863103,94.29239656942786,Closed,Open
376,12.534150369404609,87.24340279281019,Closed,Open
377,12.567485875706216,89.82492102032495,Closed,Open
378,12.600821382007824,87.73178058344584,Closed,Open
379,12.63415688830943,91.11046226153243,Closed,Open
380,12.667492394611038,90.10092581303236,Closed,Open
381,12.700827900912646,89.94699088556462,Closed,Open
382,12.734163407214254,87.8314734951022,Closed,Open
383,12.767498913515862,85.37861975307689,Closed,Open
384,12.80083441981747,79.9578451601609,Closed,Open
385,12.834169926119078,76.51819473865442,Closed,Open
386,12.867505432420684,71.76164427839478,Closed,Open
387,12.900840938722292,68.34800551743068,Closed,Closed
388,12.934176445023905,62.67308988133769,Closed,Closed
389,12.96751195132551,68.8119387353623,Closed,Closed
390,13.00084745762712,64.33292614629086,Closed,Closed
391,13.034182963928728,72.27571850242916,Closed,Open
392,13.067518470230334,71.8475702755776,Closed,Open
393,13.100853976531942,79.38155363293035,Closed,Open
394,13.13418948283355,84.05724092448315,Closed,Open
395,13.167524989135158,90.20721087949995,Closed,Open
396,13.200860495436766,93.48112678996974,Closed,Open
397,13.234196001738374,90.64120629123607,Closed,Open
398,13.267531508039982,91.56691692048676,Closed,Open
399,13.30086701434159,92.53953223642525,Closed,Open
400,13.334202520643196,90.85336976330338,Closed,Open
401,13.367538026944809,87.92741650710786,Closed,Open
402,13.400873533246417,89.17202208364716,Closed,Open
403,13.434209039548024,87.70106279300131,Closed,Open
404,13.46754454584963,87.5172777675088,Closed,Open
405,13.500880052151238,85.5625501465751,Closed,Open
406,13.534215558452846,86.6232255123179,Closed,Open
407,13.567551064754454,85.27299730440464,Closed,Open
408,13.600886571056062,81.59087243356073,Closed,Open
409,13.63422207735767,81.53920262974026,Closed,Open
410,13.667557583659278,76.63156488223203,Closed,Open
411,13.700893089960886,78.18268430922974,Closed,Open
412,13.734228596262492,77.3796222511481,Closed,Open
413,13.7675641025641,77.74679476642541,Closed,Open
414,13.80089960886571,72.97752241301217,Closed,Open
415,13.83423511516732,72.00916414865874,Closed,Open
416,13.867570621468928,72.47336001442835,Closed,Open
417,13.900906127770536,77.02171814781943,Closed,Open
418,13.934241634072142,82.77999048703688,Closed,Open
419,13.96757714037375,85.07089085078908,Closed,Open
420,14.000912646675358,91.25637353852592,Closed,Open
421,14.034248152976966,92.59844948896836,Closed,Open
422,14.067583659278574,95.654684252758,Closed,Open
423,14.100919165580182,94.22466190070814,Closed,Open
424,14.13425467188179,92.14134880349911,Closed,Open
425,14.167590178183396,94.1220248253758,Closed,Open
426,14.200925684485004,92.12358310319804,Closed,Open
427,14.234261190786611,88.41870744032664,Closed,Open
428,14.26759669708822,87.42006027215686,Closed,Open
429,14.30093220338983,87.83071623348215,Closed,Open
430,14.33426770969144,86.0356715201987,Closed,Open
431,14.367603215993046,79.79314614071468,Closed,Open
432,14.400938722294654,77.86423554309178,Closed,Open
433,14.434274228596262,75.91179749486729,Closed,Open
434,14.46760973489787,75.59456148674582,Closed,Open
435,14.500945241199478,71.9399017641168,Closed,Open
436,14.534280747501086,69.72266527224014,Closed,Open
437,14.567616253802694,70.17304807821387,Closed,Open
438,14.600951760104302,71.81910786360862,Closed,Open
439,14.63428726640591,70.24180099032228,Closed,Open
440,14.667622772707515,68.7403288441582,Closed,Closed
441,14.700958279009123,82.46044139201585,Closed,Open
442,14.734293785310737,84.90671778297687,Closed,Open
443,14.767629291612344,83.78953829580207,Closed,Open
444,14.80096479791395,84.08161438356122,Closed,Open
445,14.834300304215558,87.89823785126467,Closed,Open
446,14.867635810517166,85.71567262703692,Closed,Open
447,14.900971316818774,85.36325080013161,Closed,Open
448,14.934306823120382,79.13844935307344,Closed,Open
449,14.96764232942199,75.63676463938671,Closed,Open
450,15.000977835723598,72.6736009772397,Closed,Open
451,15.034313342025206,80.5506123921611,Closed,Open
452,15.067648848326812,83.95290423101001,Closed,Open
453,15.10098435462842,86.6499085673963,Closed,Open
454,15.13431986093003,88.64701555668444,Closed,Open
455,15.167655367231635,89.89712448929752,Closed,Open
456,15.200990873533248,87.72422034461931,Closed,Open
457,15.234326379834854,87.87008113298444,Closed,Open
458,15.267661886136462,86.35619066523361,Closed,Open
459,15.30099739243807,82.55545458946997,Closed,Open
460,15.334332898739678,81.1890702510552,Closed,Open
461,15.367668405041286,78.72183372504178,Closed,Open
462,15.401003911342894,80.63922062108722,Closed,Open
463,15.434339417644502,77.1201712381621,Closed,Open
464,15.46767492394611,77.04298988623033,Closed,Open
465,15.501010430247716,73.8044482140039,Closed,Open
466,15.534345936549323,70.30065668657767,Closed,Open
467,15.567681442850931,66.65326817779143,Closed,Closed
468,15.60101694915254,69.43109741082418,Closed,Closed
469,15.63435245545415,65.62261232295963,Closed,Closed
470,15.66768796175576,69.6023081671045,Closed,Closed
471,15.701023468057366,75.46397070298596,Closed,Open
472,15.734358974358974,80.30240684702781,Closed,Open
473,15.767694480660582,86.64653088814363,Closed,Open
474,15.80102998696219,89.52956049652735,Closed,Open
475,15.834365493263798,91.88832636286152,Closed,Open
476,15.867700999565406,90.417316890479,Closed,Open
477,15.901036505867014,90.8534265806484,Closed,Open
478,15.93437201216862,89.76372100725408,Closed,Open
479,15.96770751847023,88.47321856536703,Closed,Open
480,16.00104302477184,86.96770322452761,Closed,Open
481,16.034378531073447,86.49252389675834,Closed,Open
482,16.067714037375055,81.7266583896172,Closed,Open
483,16.101049543676663,81.29524241089955,Closed,Open
484,16.13438504997827,79.23306081372863,Closed,Open
485,16.16772055627988,79.91831330653613,Closed,Open
486,16.201056062581486,78.78058593220442,Closed,Open
487,16.234391568883094,78.7744307774528,Closed,Open
488,16.267727075184702,76.54817919590764,Closed,Open
489,16.30106258148631,71.36642878306677,Closed,Open
490,16.334398087787918,69.28739277447197,Closed,Closed
491,16.367733594089525,65.5011585702827,Closed,Closed
492,16.401069100391133,66.95102662065467,Closed,Closed
493,16.43440460669274,70.90670424176005,Closed,Open
494,16.46774011299435,79.58271593624431,Closed,Open
495,16.501075619295957,83.63387459473307,Closed,Open
496,16.534411125597565,88.97443881562165,Closed,Open
497,16.567746631899173,93.44060452646184,Closed,Open
498,16.60108213820078,94.29886394231984,Closed,Open
499,16.63441764450239,95.94159153181477,Closed,Open
500,16.667753150803996,93.8246108202321,Closed,Open
501,16.701088657105604,91.0352922475367,Closed,Open
502,16.734424163407212,91.59464255564905,Closed,Open
503,16.767759669708823,89.96372958948706,Closed,Open
504,16.80109517601043,89.31059775744146,Closed,Open
505,16.83443068231204,87.96501087749664,Closed,Open
506,16.867766188613647,83.9159486179185,Closed,Open
507,16.901101694915255,80.26903718021882,Closed,Open
508,16.934437201216863,81.7617666606513,Closed,Open
509,16.96777270751847,78.20602149338546,Closed,Open
510,17.00110821382008,76.60620790253586,Closed,Open
511,17.034443720121686,75.56291381137592,Closed,Open
512,17.067779226423294,74.75290939345697,Closed,Open
513,17.101114732724902,74.10184221020216,Closed,Open
514,17.13445023902651,74.61647170336583,Closed,Open
515,17.167785745328118,68.50048119339984,Closed,Closed
516,17.201121251629726,77.04372245325537,Closed,Open
517,17.234456757931333,76.94550424665792,Closed,Open
518,17.26779226423294,83.52412669594018,Closed,Open
519,17.30112777053455,88.17656160749553,Closed,Open
520,17.334463276836157,93.2069980456551,Closed,Open
521,17.367798783137765,92.4321492356201,Closed,Open
522,17.401134289439373,94.3893126277543,Closed,Open
523,17.43446979574098,93.7934075889318,Closed,Open
524,17.46780530204259,94.3101147632338,Closed,Open
525,17.501140808344196,92.92494366546646,Closed,Open
526,17.534476314645804,90.23914410226902,Closed,Open
527,17.567811820947412,91.80347462717124,Closed,Open
528,17.60114732724902,88.81337401347037,Closed,Open
529,17.634482833550628,87.26095499312373,Closed,Open
530,17.667818339852236,84.63761596204952,Closed,Open
531,17.701153846153847,80.66429831255653,Closed,Open
532,17.734489352455455,75.67227460679891,Closed,Open
533,17.767824858757063,74.66286561512605,Closed,Open
534,17.80116036505867,73.57007956731306,Closed,Open
535,17.83449587136028,71.09323778628799,Closed,Open
536,17.867831377661886,73.99685575044475,Closed,Open
537,17.901166883963494,67.61407620981936,Closed,Closed
538,17.934502390265102,68.00598831490501,Closed,Closed
539,17.96783789656671,69.62333160633716,Closed,Closed
540,18.001173402868318,68.98729763202935,Closed,Closed
541,18.03450890916993,74.61908136524065,Closed,Open
542,18.067844415471537,83.62530330707082,Closed,Open
543,18.10117992177314,91.17847051084595,Closed,Open
544,18.13451542807475,96.33922682530792,Closed,Open
545,18.167850934376357,94.57801964075756,Closed,Open
546,18.201186440677965,96.7510242443383,Closed,Open
547,18.234521946979573,96.54845299105318,Closed,Open
548,18.26785745328118,93.71735403192876,Closed,Open
549,18.30119295958279,93.90314615305968,Closed,Open
550,18.334528465884397,91.99226790740916,Closed,Open
551,18.367863972186004,91.53624889998564,Closed,Open
552,18.401199478487612,89.87095997793128,Closed,Open
553,18.43453498478922,87.90312216274788,Closed,Open
554,18.467870491090828,87.31638892911857,Closed,Open
555,18.501205997392436,89.11015110124386,Closed,Open
556,18.534541503694044,85.51204644437564,Closed,Open
557,18.56787700999565,81.90249930047325,Closed,Open
558,18.601212516297263,75.79657271765089,Closed,Open
559,18.63454802259887,73.609373232983,Closed,Open
560,18.66788352890048,71.13509561785683,Closed,Open
561,18.701219035202087,70.99197535550923,Closed,Open
562,18.734554541503694,70.99197535550923,Closed,Open
563,18.767890047805302,70.3036319060374,Closed,Open
564,18.80122555410691,72.55976806044706,Closed,Open
565,18.83456106040852,75.89315346118468,Closed,Open
566,18.86789656671013,84.33336065407025,Closed,Open
567,18.901232073011737,92.46290740434878,Closed,Open
568,18.93456757931334,96.00318566015974,Closed,Open
569,18.96790308561495,97.47738236817816,Closed,Open
570,19.001238591916557,98.13180318191344,Open,Open
571,19.034574098218165,97.75479742743984,Open,Open
572,19.067909604519773,94.051616619751,Closed,Open
573,19.10124511082138,94.04375448453304,Closed,Open
574,19.13458061712299,92.04500178074196,Closed,Open
575,19.167916123424597,91.15899493012547,Closed,Open
576,19.201251629726205,91.55735169374913,Closed,Open
577,19.234587136027812,87.48119440177577,Closed,Open
578,19.26792264232942,87.02455991209773,Closed,Open
579,19.301258148631028,87.04029937017503,Closed,Open
580,19.334593654932636,84.22649500695957,Closed,Open
581,19.367929161234244,77.23439331856582,Closed,Open
582,19.40126466753585,72.45528955423678,Closed,Open
583,19.43460017383746,71.88718418257326,Closed,Open
584,19.467935680139068,83.0882953944975,Closed,Open
585,19.50127118644068,75.43467675657257,Closed,Open
586,19.534606692742287,78.69129233177237,Closed,Open
587,19.567942199043895,82.17547243010513,Closed,Open
588,19.601277705345503,81.6360652609215,Closed,Open
589,19.63461321164711,85.13661254408777,Closed,Open
590,19.66794871794872,81.80640662623782,Closed,Open
591,19.70128422425033,81.56235972048873,Closed,Open
592,19.734619730551938,83.95392090578721,Closed,Open
593,19.767955236853545,83.83414928755275,Closed,Open
594,19.80129074315515,87.01097795889653,Closed,Open
595,19.83462624945676,87.05732875484625,Closed,Open
596,19.867961755758365,83.86006392445306,Closed,Open
597,19.901297262059973,82.94569700452152,Closed,Open
598,19.93463276836158,86.48430386470761,Closed,Open
599,19.96796827466319,82.21786875887588,Closed,Open
600,20.001303780964797,83.23105000758835,Closed,Open
601,20.034639287266405,85.1002529134753,Closed,Open
602,20.067974793568013,88.59456627914862,Closed,Open
603,20.10131029986962,90.40529507382766,Closed,Open
604,20.13464580617123,91.67427644127034,Closed,Open
605,20.167981312472836,92.44169587005888,Closed,Open
606,20.201316818774444,89.40500718520511,Closed,Open
607,20.234652325076052,89.51280136939292,Closed,Open
608,20.26798783137766,89.07362149797021,Closed,Open
609,20.301323337679268,92.86500697389864,Closed,Open
610,20.334658843980876,89.31059775744146,Closed,Open
611,20.367994350282483,91.88241656806406,Closed,Open
612,20.401329856584095,90.02515037110922,Closed,Open
613,20.434665362885703,91.35367861620156,Closed,Open
614,20.46800086918731,91.8513994027936,Closed,Open
615,20.50133637548892,91.05563724254976,Closed,Open
616,20.534671881790526,87.59646633677038,Closed,Open
617,20.568007388092138,92.49163665157056,Closed,Open
618,20.601342894393746,88.51255353593882,Closed,Open
619,20.63467840069535,90.4092061604081,Closed,Open
620,20.66801390699696,91.4986797244461,Closed,Open
621,20.70134941329857,93.04016979538284,Closed,Open
622,20.734684919600173,93.48395645648432,Closed,Open
623,20.76802042590178,93.40999652106088,Closed,Open
624,20.80135593220339,89.40800402052608,Closed,Open
625,20.834691438504997,88.50928841646933,Closed,Open
626,20.868026944806605,91.3964500102086,Closed,Open
627,20.901362451108213,92.17235985450122,Closed,Open
628,20.93469795740982,91.56373406091306,Closed,Open
629,20.96803346371143,90.09464255564905,Closed,Open
630,21.001368970013036,90.07643669072796,Closed,Open
631,21.034704476314644,88.83705722201337,Closed,Open
632,21.068039982616252,85.94570557791128,Closed,Open
633,21.10137548891786,85.75248240426114,Closed,Open
634,21.134710995219468,85.3465884907295,Closed,Open
635,21.168046501521076,83.23160873079075,Closed,Open
636,21.201382007822684,86.04427644910007,Closed,Open
637,21.23471751412429,88.26016745209517,Closed,Open
638,21.2680530204259,89.93758881423312,Closed,Open
639,21.30138852672751,88.70566662287266,Closed,Open
640,21.33472403302912,91.5710880678185,Closed,Open
641,21.368059539330726,91.56845027579178,Closed,Open
642,21.401395045632334,88.89980794588358,Closed,Open
643,21.434730551933946,90.21091306932456,Closed,Open
644,21.46806605823555,94.37639112972764,Closed,Open
645,21.50140156453716,91.81809907214463,Closed,Open
646,21.53473707083877,93.47114584074512,Closed,Open
647,21.568072577140377,91.6646106128976,Closed,Open
648,21.60140808344198,93.29312248788486,Closed,Open
649,21.63474358974359,95.77083567209276,Closed,Open
650,21.668079096045197,91.82136016284804,Closed,Open
651,21.701414602346805,91.54843074017931,Closed,Open
652,21.734750108648413,91.05124296844927,Closed,Open
653,21.76808561495002,91.59175083453432,Closed,Open
654,21.80142112125163,92.38393268600883,Closed,Open
655,21.834756627553237,90.89852422935904,Closed,Open
656,21.868092133854844,91.95610113468663,Closed,Open
657,21.901427640156452,89.9525053708233,Closed,Open
658,21.93476314645806,90.5070480050778,Closed,Open
659,21.968098652759668,90.41393267237576,Closed,Open
660,22.001434159061276,88.0444779873052,Closed,Open
661,22.034769665362884,91.04675130017336,Closed,Open
662,22.06810517166449,89.91088085604856,Closed,Open
663,22.1014406779661,89.87233661293752,Closed,Open
664,22.134776184267707,90.46674706925418,Closed,Open
665,22.168111690569315,88.36858764925944,Closed,Open
666,22.201447196870923,89.02875980784614,Closed,Open
667,22.234782703172534,93.41424874985069,Closed,Open
668,22.268118209474142,88.32693748781611,Closed,Open
669,22.30145371577575,89.38365311408239,Closed,Open
670,22.33478922207736,88.93741340714958,Closed,Open
671,22.36812472837897,89.4072744499267,Closed,Open
672,22.401460234680577,88.82065775209338,Closed,Open
673,22.43479574098218,91.13472238302307,Closed,Open
674,22.46813124728379,90.05130245755404,Closed,Open
675,22.501466753585397,90.50412284315016,Closed,Open
676,22.534802259887005,92.01319069854632,Closed,Open
677,22.568137766188613,94.59920714324092,Closed,Open
678,22.60147327249022,90.9616697808444,Closed,Open
679,22.63480877879183,88.31973054290853,Closed,Open
680,22.668144285093437,92.84596571033372,Closed,Open
681,22.701479791395045,91.44738750682627,Closed,Open
682,22.734815297696652,91.45070949923236,Closed,Open
683,22.76815080399826,90.82064431277504,Closed,Open
684,22.801486310299868,93.91306388554736,Closed,Open
685,22.834821816601476,90.55284578533256,Closed,Open
686,22.868157322903084,93.99295024269844,Closed,Open
687,22.90149282920469,90.37317956076964,Closed,Open
688,22.9348283355063,93.25128396395452,Closed,Open
689,22.968163841807907,91.33408869393324,Closed,Open
690,23.001499348109515,91.37297135757008,Closed,Open
691,23.034834854411123,92.44416192166956,Closed,Open
692,23.06817036071273,91.85411189017904,Closed,Open
693,23.10150586701434,89.47189896966816,Closed,Open
694,23.13484137331595,90.337962781815,Closed,Open
695,23.16817687961756,91.75171666059995,Closed,Open
696,23.20151238591917,90.37317956076964,Closed,Open
697,23.234847892220778,91.8033099409306,Closed,Open
698,23.268183398522385,89.75905009444428,Closed,Open
699,23.30151890482399,87.78286099543794,Closed,Open
700,23.3348544111256,90.78853291599114,Closed,Open
701,23.368189917427205,90.24086990165408,Closed,Open
702,23.401525423728813,89.77476384925015,Closed,Open
703,23.43486093003042,89.23708377769948,Closed,Open
704,23.46819643633203,90.2844825268526,Closed,Open
705,23.501531942633637,88.27842914432239,Closed,Open
706,23.534867448935245,90.36450986340606,Closed,Open
707,23.568202955236853,87.29486307051377,Closed,Open
708,23.60153846153846,89.2028898213672,Closed,Open
709,23.63487396784007,87.86411707656525,Closed,Open
710,23.668209474141676,92.27739659791268,Closed,Open
711,23.701544980443284,89.26144173660158,Closed,Open
712,23.734880486744892,88.84289174726257,Closed,Open
713,23.7682159930465,87.34263828342137,Closed,Open
714,23.801551499348108,86.7199888333279,Closed,Open
715,23.834887005649716,89.83677190917984,Closed,Open
716,23.868222511951323,87.29486307051377,Closed,Open
717,23.90155801825293,87.28719776168711,Closed,Open
718,23.93489352455454,88.26539932827677,Closed,Open
719,23.968229030856147,90.80260624518344,Closed,Open
720,24.001564537157755,86.37470724656409,Closed,Open
721,24.034900043459366,85.05010006360708,Closed,Open
722,24.068235549760978,83.89357835365394,Closed,Open
723,24.101571056062586,86.59321070261387,Closed,Open
724,24.13490656236419,93.49990295490603,Closed,Open
725,24.1682420686658,93.31704597210296,Closed,Open
726,24.20157757496741,93.70569755554382,Closed,Open
727,24.234913081269013,93.21328702365231,Closed,Open
728,24.26824858757062,89.62027173227133,Closed,Open
729,24.30158409387223,83.9934494548223,Closed,Open
730,24.334919600173837,84.61975860339894,Closed,Open
731,24.368255106475445,86.73048217139731,Closed,Open
732,24.401590612777053,89.65774438254883,Closed,Open
733,24.43492611907866,92.2879710631817,Closed,Open
734,24.46826162538027,87.45289124996887,Closed,Open
735,24.501597131681876,84.61847578025605,Closed,Open
736,24.534932637983484,85.76475438585268,Closed,Open
737,24.568268144285092,88.51318935101884,Closed,Open
738,24.6016036505867,86.18812567567102,Closed,Open
739,24.634939156888308,80.58494026506429,Closed,Open
740,24.668274663189916,82.12340557059767,Closed,Open
741,24.701610169491524,79.12806178475682,Closed,Open
742,24.73494567579313,85.79477344547718,Closed,Open
743,24.76828118209474,84.84428567796269,Closed,Open
744,24.801616688396347,83.91825906806523,Closed,Open
745,24.834952194697955,75.94132892093063,Closed,Open
746,24.868287700999563,84.70663173251191,Closed,Open
747,24.90162320730117,80.50328933131973,Closed,Open
748,24.934958713602786,85.46510520733295,Closed,Open
749,24.96829421990439,83.38746035107854,Closed,Open
750,25.001629726206,84.59243852647607,Closed,Open
751,25.03496523250761,86.5844156950609,Closed,Open
752,25.068300738809217,87.64562523467058,Closed,Open
753,25.10163624511082,90.55936190603325,Closed,Open
754,25.13497175141243,90.02061455666649,Closed,Open
755,25.168307257714037,88.15201296558254,Closed,Open
756,25.201642764015645,91.67554352759134,Closed,Open
757,25.234978270317253,88.98705730029522,Closed,Open
758,25.26831377661886,88.65471394420771,Closed,Open
759,25.30164928292047,87.36781119930305,Closed,Open
760,25.334984789222077,80.60619726697973,Closed,Open
761,25.368320295523684,74.54703641029207,Closed,Open
762,25.401655801825292,71.3674950748348,Closed,Open
763,25.4349913081269,71.2185748886679,Closed,Open
764,25.468326814428508,70.08981131297693,Closed,Open
765,25.501662320730116,67.82327720818402,Closed,Closed
766,25.534997827031724,67.78261042141118,Closed,Closed
767,25.56833333333333,68.10097974619745,Closed,Closed
768,25.60166883963494,73.60276840196423,Closed,Open
769,25.635004345936547,80.47060131948263,Closed,Open
770,25.668339852238155,85.14988818438346,Closed,Open
771,25.701675358539763,89.68948450990243,Closed,Open
772,25.73501086484137,95.66701607453476,Closed,Open
773,25.76834637114298,92.9591892759974,Closed,Open
774,25.801681877444587,91.28589957694771,Closed,Open
775,25.8350173837462,89.36044895372629,Closed,Open
776,25.86835289004781,90.80699699039668,Closed,Open
777,25.901688396349417,88.80732341034359,Closed,Open
778,25.93502390265102,87.88330682767614,Closed,Open
779,25.96835940895263,86.68033109273486,Closed,Open
780,26.001694915254237,87.67177886979078,Closed,Open
781,26.035030421555845,84.78049582317934,Closed,Open
782,26.068365927857453,86.20355996977807,Closed,Open
783,26.10170143415906,82.08395691603326,Closed,Open
784,26.13503694046067,74.96738030196914,Closed,Open
785,26.168372446762277,74.11469024754456,Closed,Open
786,26.201707953063885,70.62873127959742,Closed,Open
787,26.235043459365492,72.60960958218894,Closed,Open
788,26.2683789656671,72.86690337372394,Closed,Open
789,26.301714471968708,78.75213825728127,Closed,Open
790,26.335049978270316,84.5375838886796,Closed,Open
791,26.368385484571924,91.83441366783484,Closed,Open
792,26.40172099087353,94.3548324670507,Closed,Open
793,26.43505649717514,95.51242982433192,Closed,Open
794,26.468392003476747,92.679199815778,Closed,Open
795,26.501727509778355,89.28196331460103,Closed,Open
796,26.535063016079963,87.47675660671378,Closed,Open
797,26.56839852238157,80.23695682338894,Closed,Open
798,26.60173402868318,83.45687668545656,Closed,Open
799,26.635069534984787,82.58321876310134,Closed,Open
800,26.668405041286395,79.12000673218614,Closed,Open
801,26.701740547588003,72.95762389209224,Closed,Open
802,26.735076053889617,73.70323361998547,Closed,Open
803,26.768411560191225,75.79645499527544,Closed,Open
804,26.80174706649283,67.88397380078925,Closed,Closed
805,26.83508257279444,68.39274608348055,Closed,Closed
806,26.868418079096045,75.60959263671711,Closed,Open
807,26.901753585397653,81.50165984562548,Closed,Open
808,26.93508909169926,91.29076994974594,Closed,Open
809,26.96842459800087,92.85640851092762,Closed,Open
810,27.001760104302477,95.04492114708478,Closed,Open
811,27.035095610604085,96.01239641415528,Closed,Open
812,27.068431116905693,96.71875080768535,Closed,Open
813,27.1017666232073,95.77200926939253,Closed,Open
814,27.13510212950891,94.68568878580852,Closed,Open
815,27.168437635810516,89.85180921122685,Closed,Open
816,27.201773142112124,87.46166522156618,Closed,Open
817,27.235108648413732,82.81496535327781,Closed,Open
818,27.26844415471534,75.07765862951017,Closed,Open
819,27.301779661016948,71.67806652275391,Closed,Open
820,27.335115167318556,69.13018083633975,Closed,Closed
821,27.368450673620163,71.17645065603224,Closed,Open
822,27.40178617992177,70.73958633354923,Closed,Open
823,27.43512168622338,70.78702613656233,Closed,Open
824,27.468457192524987,80.7594115493205,Closed,Open
825,27.501792698826595,90.11602378527272,Closed,Open
826,27.535128205128203,95.84121107232389,Closed,Open
827,27.56846371142981,101.10336683724842,Open,Open
828,27.60179921773142,99.67229297394914,Open,Open
829,27.635134724033023,93.29207072120968,Closed,Open
830,27.66847023033464,93.96541218553888,Closed,Open
831,27.70180573663625,91.29556878011718,Closed,Open
832,27.735141242937853,91.10905680766834,Closed,Open
833,27.76847674923946,85.01172401418272,Closed,Open
834,27.80181225554107,80.1150435774854,Closed,Open
835,27.835147761842677,77.55124837953326,Closed,Open
836,27.868483268144285,75.91834183546922,Closed,Open
837,27.901818774445893,78.95244822774765,Closed,Open
838,27.9351542807475,71.62005261820894,Closed,Open
839,27.96848978704911,70.57909436908835,Closed,Open
840,28.001825293350716,69.87455116366928,Closed,Open
841,28.035160799652324,67.98054691990434,Closed,Closed
842,28.068496305953932,74.99976770190496,Closed,Open
843,28.10183181225554,82.7810092348126,Closed,Open
844,28.135167318557148,93.7139676107011,Closed,Open
845,28.168502824858756,94.37301364821552,Closed,Open
846,28.201838331160364,95.74363537534578,Closed,Open
847,28.23517383746197,95.44893631043472,Closed,Open
848,28.26850934376358,92.81540952477594,Closed,Open
849,28.301844850065187,91.27816347601444,Closed,Open
850,28.335180356366795,90.00387506128467,Closed,Open
851,28.368515862668403,90.22036195620586,Closed,Open
852,28.40185136897001,86.92425453660468,Closed,Open
853,28.43518687527162,86.9358871440039,Closed,Open
854,28.468522381573223,83.39727335594674,Closed,Open
855,28.50185788787483,82.18424990312964,Closed,Open
856,28.53519339417644,85.55190469882245,Closed,Open
857,28.568528900478057,87.04452105761476,Closed,Open
858,28.60186440677966,83.44031425701809,Closed,Open
859,28.63519991308127,86.72759027836779,Closed,Open
860,28.668535419382877,86.89274032113008,Closed,Open
861,28.701870925684485,87.33027840135041,Closed,Open
862,28.735206431986093,87.89784190351817,Closed,Open
863,28.7685419382877,85.64691954637644,Closed,Open
864,28.80187744458931,86.25257289698408,Closed,Open
865,28.835212950890917,80.72523429685987,Closed,Open
866,28.868548457192524,83.03419962203176,Closed,Open
867,28.901883963494132,76.60755148619404,Closed,Open
868,28.93521946979574,67.68883369317717,Closed,Closed
869,28.968554976097348,72.2047154917796,Closed,Open
870,29.001890482398956,69.45364679801793,Closed,Closed
871,29.035225988700564,69.46247470690795,Closed,Closed
872,29.06856149500217,70.66901435127484,Closed,Open
873,29.10189700130378,79.02537740818101,Closed,Open
874,29.135232507605387,87.9934833651668,Closed,Open
875,29.168568013906995,92.87978946449932,Closed,Open
876,29.201903520208603,95.13742824133128,Closed,Open
877,29.23523902651021,94.5734343348656,Closed,Open
878,29.26857453281182,91.44101171342244,Closed,Open
879,29.301910039113427,92.57008779162187,Closed,Open
880,29.33524554541503,89.76272598694888,Closed,Open
881,29.36858105171664,87.7652091923859,Closed,Open
882,29.40191655801825,84.79725027224224,Closed,Open
883,29.435252064319855,89.2412283830395,Closed,Open
884,29.46858757062147,80.41493111889591,Closed,Open
885,29.501923076923077,82.15057993780854,Closed,Open
886,29.535258583224685,79.02346625480565,Closed,Open
887,29.568594089526293,73.88531617318016,Closed,Open
888,29.6019295958279,72.74031795594414,Closed,Open
889,29.63526510212951,73.1091377048097,Closed,Open
890,29.668600608431117,73.18429909678159,Closed,Open
891,29.701936114732725,78.51388674620311,Closed,Open
892,29.735271621034332,90.69129642985575,Closed,Open
893,29.76860712733594,88.28507605914115,Closed,Open
894,29.801942633637548,90.29459495126044,Closed,Open
895,29.835278139939156,94.56097590129356,Closed,Open
896,29.868613646240764,91.3459753715561,Closed,Open
897,29.90194915254237,87.42720454886523,Closed,Open
898,29.93528465884398,91.44539159663732,Closed,Open
899,29.968620165145587,89.50628389378875,Closed,Open
900,30.001955671447195,86.46946738471158,Closed,Open
901,30.035291177748803,84.79070019765301,Closed,Open
902,30.06862668405041,83.38603563657436,Closed,Open
903,30.10196219035202,80.49495596319576,Closed,Open
904,30.135297696653627,78.35974966746414,Closed,Open
905,30.168633202955235,75.93264786156689,Closed,Open
906,30.201968709256843,76.6752865581947,Closed,Open
907,30.23530421555845,72.83412855241278,Closed,Open
908,30.26863972186006,72.56328704845485,Closed,Open
909,30.301975228161663,70.85780760355712,Closed,Open
910,30.33531073446327,72.89173544222305,Closed,Open
911,30.368646240764885,78.14173377767781,Closed,Open
912,30.401981747066493,89.46619459144623,Closed,Open
913,30.4353172533681,84.369266198145,Closed,Open
914,30.46865275966971,91.36026307829174,Closed,Open
915,30.501988265971317,91.19743568985976,Closed,Open
916,30.535323772272925,87.43748549570108,Closed,Open
917,30.568659278574533,91.24726509401526,Closed,Open
918,30.60199478487614,85.00450993235175,Closed,Open
919,30.63533029117775,85.23370334790509,Closed,Open
920,30.668665797479356,80.83478331849822,Closed,Open
921,30.702001303780964,84.96475151326928,Closed,Open
922,30.735336810082572,78.76892767907313,Closed,Open
923,30.76867231638418,79.6528330258277,Closed,Open
924,30.802007822685788,77.50651232108109,Closed,Open
925,30.835343328987395,74.78688691961176,Closed,Open
926,30.868678835289003,75.22243773015234,Closed,Open
927,30.90201434159061,78.21925261892238,Closed,Open
928,30.93534984789222,72.42615517473087,Closed,Open
929,30.968685354193827,73.31257830094043,Closed,Open
930,31.002020860495435,83.70550054859947,Closed,Open
931,31.035356366797043,88.78968281318635,Closed,Open
932,31.06869187309865,92.57403164749375,Closed,Open
933,31.10202737940026,95.55474397823576,Closed,Open
934,31.135362885701863,95.84063246879276,Closed,Open
935,31.16869839200347,100.0643793082821,Open,Open
936,31.20203389830508,91.45628333591311,Closed,Open
937,31.23536940460669,91.91740218493808,Closed,Open
938,31.2687049109083,92.67492118555744,Closed,Open
939,31.30204041720991,90.47549214227776,Closed,Open
940,31.335375923511517,85.84720896810694,Closed,Open
941,31.368711429813125,81.531492212389,Closed,Open
942,31.402046936114733,81.37236049728841,Closed,Open
943,31.43538244241634,81.47830228090858,Closed,Open
944,31.46871794871795,80.30829382570343,Closed,Open
945,31.502053455019556,76.23698228159516,Closed,Open
946,31.535388961321164,73.08918055350773,Closed,Open
947,31.568724467622772,73.05716731834968,Closed,Open
948,31.60205997392438,73.6143006300006,Closed,Open
949,31.635395480225988,77.75255816064798,Closed,Open
950,31.668730986527596,77.92500982038445,Closed,Open
951,31.702066492829204,84.08359005479711,Closed,Open
952,31.73540199913081,90.8715861508864,Closed,Open
953,31.76873750543242,93.86978449018308,Closed,Open
954,31.802073011734027,100.95679721386026,Open,Open
955,31.835408518035635,101.00876200575864,Open,Open
956,31.868744024337243,95.80634787986858,Closed,Open
957,31.90207953063885,90.59103059063042,Closed,Open
958,31.93541503694046,90.61876501480155,Closed,Open
959,31.968750543242063,88.77746782300953,Closed,Open
960,32.00208604954368,91.65227950198866,Closed,Open
961,32.03542155584528,94.22456320972842,Closed,Open
962,32.068757062146894,87.59188659123708,Closed,Open
963,32.1020925684485,83.76047892307565,Closed,Open
964,32.13542807475011,80.4376456203645,Closed,Open
965,32.168763581051714,76.73125801188735,Closed,Open
966,32.202099087353325,73.26543193981328,Closed,Open
967,32.23543459365493,70.6987371425107,Closed,Open
968,32.26877009995654,73.71421260398765,Closed,Open
969,32.302105606258145,80.12932210889721,Closed,Open
970,32.33544111255976,86.04840717612521,Closed,Open
971,32.36877661886136,96.72352713167996,Closed,Open
972,32.40211212516297,97.37999363081224,Closed,Open
973,32.43544763146458,101.99619573758385,Open,Open
974,32.46878313776619,95.44444283524814,Closed,Open
975,32.50211864406779,94.3898442244577,Closed,Open
976,32.535454150369404,89.94267410147248,Closed,Open
977,32.56878965667101,86.41908707803003,Closed,Open
978,32.60212516297262,83.34716616727829,Closed,Open
979,32.63546066927423,84.10063352357804,Closed,Open
980,32.668796175575835,80.18280311745531,Closed,Open
981,32.70213168187745,77.7737713525913,Closed,Open
982,32.73546718817905,74.86807698649942,Closed,Open
983,32.76880269448066,73.90602617643256,Closed,Open
984,32.80213820078227,70.38236339311712,Closed,Open
985,32.83547370708388,71.02899073066652,Closed,Open
986,32.86880921338548,66.3742507108197,Closed,Closed
987,32.902144719687094,66.62785474509946,Closed,Closed
988,32.9354802259887,68.64803079411381,Closed,Closed
989,32.96881573229031,70.45346318982905,Closed,Open
990,33.002151238591914,67.99470580369518,Closed,Closed
991,33.035486744893525,70.1321953606414,Closed,Open
992,33.06882225119513,72.36509866612076,Closed,Open
993,33.10215775749674,79.12364072851187,Closed,Open
994,33.135493263798345,77.22700664623011,Closed,Open
995,33.16882877009996,88.72173802967689,Closed,Open
996,33.20216427640156,91.345821875468,Closed,Open
997,33.23549978270317,96.38024606043544,Closed,Open
998,33.26883528900478,96.50314376434592,Closed,Open
999,33.30217079530639,95.12973694436536,Closed,Open
1000,33.33550630160799,90.7922664215942,Closed,Open
1001,33.368841807909604,90.6538973532624,Closed,Open
1002,33.40217731421121,88.24605445736476,Closed,Open
1003,33.43551282051282,84.75646284663267,Closed,Open
1004,33.468848326814424,83.27011915423797,Closed,Open
1005,33.502183833116035,82.46174619238676,Closed,Open
1006,33.53551933941765,80.4826711985427,Closed,Open
1007,33.56885484571925,79.35896446174613,Closed,Open
1008,33.60219035202086,76.2432629294836,Closed,Open
1009,33.63552585832247,73.6095541357837,Closed,Open
1010,33.66886136462408,72.90805362796385,Closed,Open
1011,33.70219687092568,76.1006387915788,Closed,Open
1012,33.735532377227294,70.62725750817289,Closed,Open
1013,33.7688678835289,87.98100399093538,Closed,Open
1014,33.80220338983051,79.01756301804173,Closed,Open
1015,33.835538896132114,84.39326381112127,Closed,Open
1016,33.868874402433725,87.47997430231656,Closed,Open
1017,33.90220990873533,93.58814912194994,Closed,Open
1018,33.93554541503694,97.13909038391108,Closed,Open
1019,33.968880921338545,97.30548655363876,Closed,Open
1020,34.00221642764016,94.81629175934452,Closed,Open
1021,34.03555193394176,92.3257216142473,Closed,Open
1022,34.06888744024337,92.3582638769966,Closed,Open
1023,34.10222294654498,88.41735664247874,Closed,Open
1024,34.13555845284659,88.32454366029603,Closed,Open
1025,34.16889395914819,86.73859468029548,Closed,Open
1026,34.202229465449804,81.83470799519216,Closed,Open
1027,34.23556497175141,78.95721578640851,Closed,Open
1028,34.26890047805302,74.87098871924802,Closed,Open
1029,34.302235984354624,73.80978363125146,Closed,Open
1030,34.335571490656235,72.37090300965467,Closed,Open
1031,34.36890699695784,69.09189182060418,Closed,Closed
1032,34.40224250325945,67.89026280758421,Closed,Closed
1033,34.43557800956106,68.91071108700172,Closed,Closed
1034,34.46891351586267,68.04811333586144,Closed,Closed
1035,34.50224902216428,72.75713606279052,Closed,Open
1036,34.53558452846588,77.88578789000508,Closed,Open
1037,34.568920034767494,82.13253525986286,Closed,Open
1038,34.6022555410691,89.33954816520875,Closed,Open
1039,34.63559104737071,95.11371985513924,Closed,Open
1040,34.668926553672314,96.88793872489757,Closed,Open
1041,34.702262059973926,91.96534997595144,Closed,Open
1042,34.73559756627553,96.01072761538217,Closed,Open
1043,34.76893307257714,94.13882907300108,Closed,Open
1044,34.802268578878746,92.9389485043578,Closed,Open
1045,34.83560408518036,92.44169587005888,Closed,Open
1046,34.86893959148196,89.81792509401916,Closed,Open
1047,34.90227509778357,92.01922407721835,Closed,Open
1048,34.93561060408518,91.99803715565696,Closed,Open
1049,34.96894611038679,87.42006027215686,Closed,Open
1050,35.00228161668839,92.10081422984928,Closed,Open
1051,35.035617122990004,87.09941043125359,Closed,Open
1052,35.06895262929161,82.24952745569139,Closed,Open
1053,35.10228813559322,79.39631302775875,Closed,Open
1054,35.135623641894824,80.9703068340847,Closed,Open
1055,35.168959148196436,83.5313441592923,Closed,Open
1056,35.20229465449804,85.69049600501444,Closed,Open
1057,35.23563016079965,87.66914255925852,Closed,Open
1058,35.268965667101256,89.20261795752462,Closed,Open
1059,35.30230117340287,90.72417369678556,Closed,Open
1060,35.33563667970447,89.6349765411961,Closed,Open
1061,35.36897218600608,90.17847547874943,Closed,Open
1062,35.402307692307694,86.85459242014505,Closed,Open
1063,35.4356431986093,84.21562381247479,Closed,Open
1064,35.46897870491091,84.6802708457314,Closed,Open
1065,35.502314211212514,76.92134749170424,Closed,Open
1066,35.535649717514126,74.01031049195296,Closed,Open
1067,35.56898522381573,70.94107067087879,Closed,Open
1068,35.60232073011734,70.89614255572302,Closed,Open
1069,35.635656236418946,65.22171186178672,Closed,Closed
1070,35.66899174272056,65.24492433946368,Closed,Closed
1071,35.70232724902216,74.81911422959624,Closed,Open
1072,35.73566275532377,77.09746684127465,Closed,Open
1073,35.76899826162538,80.00434175474443,Closed,Open
1074,35.80233376792699,84.30576118446014,Closed,Open
1075,35.83566927422859,93.24692108887,Closed,Open
1076,35.869004780530204,94.88166541799342,Closed,Open
1077,35.90234028683181,95.88698437651615,Closed,Open
1078,35.93567579313342,95.29770121776932,Closed,Open
1079,35.969011299435024,92.7346114572806,Closed,Open
1080,36.002346805736636,90.25250298354368,Closed,Open
1081,36.03568231203824,89.65660132702178,Closed,Open
1082,36.06901781833985,88.15863398034838,Closed,Open
1083,36.102353324641456,87.18577883128054,Closed,Open
1084,36.13568883094307,85.62361739307715,Closed,Open
1085,36.16902433724467,84.62486997526211,Closed,Open
1086,36.20235984354628,78.56606107167345,Closed,Open
1087,36.23569534984789,79.59198101915877,Closed,Open
1088,36.2690308561495,76.94619254189381,Closed,Open
1089,36.30236636245111,72.69391176633881,Closed,Open
1090,36.335701868752714,74.3543491803924,Closed,Open
1091,36.369037375054326,71.36710836173282,Closed,Open
1092,36.40237288135593,69.46472763923802,Closed,Closed
1093,36.43570838765754,72.40240711325245,Closed,Open
1094,36.469043893959146,81.90166234815263,Closed,Open
1095,36.50237940026076,86.51045992531989,Closed,Open
1096,36.53571490656236,94.5934792584183,Closed,Open
1097,36.56905041286397,97.63109746373686,Open,Open
1098,36.60238591916558,95.3111810131144,Closed,Open
1099,36.63572142546719,95.16122932647502,Closed,Open
1100,36.66905693176879,94.83843481447224,Closed,Open
1101,36.702392438070405,91.43486204513844,Closed,Open
1102,36.73572794437201,91.41120001430151,Closed,Open
1103,36.76906345067362,91.57184925460508,Closed,Open
1104,36.802398956975225,88.42017167253633,Closed,Open
1105,36.83573446327683,89.86666035435931,Closed,Open
1106,36.86906996957844,83.7307455538358,Closed,Open
1107,36.90240547588005,79.60458020357166,Closed,Open
1108,36.935740982181656,80.56391310703279,Closed,Open
1109,36.96907648848327,77.04639291201178,Closed,Open
1110,37.00241199478487,74.54777891914318,Closed,Open
1111,37.03574750108648,69.2360962001136,Closed,Closed
1112,37.06908300738809,69.06488039654732,Closed,Closed
1113,37.1024185136897,69.95517978341672,Closed,Open
1114,37.1357540199913,69.66411520393174,Closed,Open
1115,37.169089526292915,73.73569397209235,Closed,Open
1116,37.202425032594526,80.09266867589292,Closed,Open
1117,37.23576053889613,87.89687546174929,Closed,Open
1118,37.26909604519774,94.18402253254472,Closed,Open
1119,37.302431551499346,96.05975536923088,Closed,Open
1120,37.33576705780096,94.90077617095494,Closed,Open
1121,37.36910256410256,92.74769070249076,Closed,Open
1122,37.40243807040417,92.7651746897586,Closed,Open
1123,37.43577357670578,95.25963395105654,Closed,Open
1124,37.46910908300739,91.21286481523094,Closed,Open
1125,37.50244458930899,94.72399888326876,Closed,Open
1126,37.535780095610605,92.28527480541464,Closed,Open
1127,37.56911560191221,89.20211940494312,Closed,Open
1128,37.60245110821382,89.68640806579708,Closed,Open
1129,37.635786614515425,88.60846809659125,Closed,Open
1130,37.66912212081704,86.61234224026316,Closed,Open
1131,37.70245762711864,78.11171693962106,Closed,Open
1132,37.73579313342025,80.9701473111194,Closed,Open
1133,37.769128639721856,77.82034431313038,Closed,Open
1134,37.80246414602347,76.59743827733217,Closed,Open
1135,37.83579965232507,71.83765776382165,Closed,Open
1136,37.86913515862668,73.9883160777683,Closed,Open
1137,37.90247066492829,75.98151706112546,Closed,Open
1138,37.9358061712299,74.42544506223754,Closed,Open
1139,37.9691416775315,77.4936378545608,Closed,Open
1140,38.002477183833115,76.67909066337359,Closed,Open
1141,38.03581269013472,88.1332299096868,Closed,Open
1142,38.06914819643633,89.64223463890633,Closed,Open
1143,38.10248370273794,93.27553294193626,Closed,Open
1144,38.135819209039546,96.3961508240919,Closed,Open
1145,38.16915471534116,95.54098830520276,Closed,Open
1146,38.20249022164276,98.4934885132528,Open,Open
1147,38.23582572794437,97.32280928636752,Closed,Open
1148,38.26916123424598,93.35313839938053,Closed,Open
1149,38.30249674054759,91.36598018878992,Closed,Open
1150,38.33583224684919,91.31666470413144,Closed,Open
1151,38.369167753150805,89.8649529472782,Closed,Open
1152,38.40250325945241,88.36307375568444,Closed,Open
1153,38.43583876575402,82.84858416256964,Closed,Open
1154,38.469174272055625,80.65561396347523,Closed,Open
1155,38.50250977835723,79.95183278658305,Closed,Open
1156,38.53584528465884,79.34841419958565,Closed,Open
1157,38.56918079096045,77.1211973928707,Closed,Open
1158,38.602516297262056,74.23879313643252,Closed,Open
1159,38.63585180356367,71.63292746591566,Closed,Open
1160,38.66918730986527,71.91978038831022,Closed,Open
1161,38.70252281616688,73.42380458778695,Closed,Open
1162,38.73585832246849,72.44244698461972,Closed,Open
1163,38.7691938287701,71.44632832977618,Closed,Open
1164,38.8025293350717,75.4916263296566,Closed,Open
1165,38.835864841373315,88.68031682968012,Closed,Open
1166,38.86920034767492,89.0839069972827,Closed,Open
1167,38.90253585397653,95.28076295506692,Closed,Open
1168,38.935871360278135,98.67014751320065,Open,Open
1169,38.969206866579746,99.0991647734231,Open,Open
1170,39.00254237288136,104.2544718888318,Open,Open
1171,39.03587787918296,100.43899081051887,Open,Open
1172,39.069213385484574,96.07566001781302,Closed,Open
1173,39.10254889178618,98.740442859837,Open,Open
1174,39.13588439808779,95.61412841391044,Closed,Open
1175,39.169219904389394,95.03973840809006,Closed,Open
1176,39.202555410691005,91.86019220964435,Closed,Open
1177,39.23589091699261,90.21064110063406,Closed,Open
1178,39.26922642329422,87.1539499914436,Closed,Open
1179,39.302561929595825,84.120451268751,Closed,Open
1180,39.33589743589744,82.79928109428336,Closed,Open
1181,39.36923294219904,76.21339782977182,Closed,Open
1182,39.40256844850065,72.10451861097914,Closed,Open
1183,39.43590395480226,74.84823090265922,Closed,Open
1184,39.46923946110387,71.02341002095302,Closed,Open
1185,39.50257496740547,68.63870134162423,Closed,Closed
1186,39.53591047370709,74.06793799612394,Closed,Open
1187,39.56924598000869,70.21575207699236,Closed,Open
1188,39.6025814863103,75.14610656205991,Closed,Open
1189,39.635916992611904,81.21429802971755,Closed,Open
1190,39.669252498913515,89.54370251806574,Closed,Open
1191,39.70258800521512,94.08632964786976,Closed,Open
1192,39.73592351151673,98.01734800243656,Open,Open
1193,39.769259017818335,99.8498999697904,Open,Open
1194,39.80259452411995,98.7815117898556,Open,Open
1195,39.83593003042155,99.7246620074722,Open,Open
1196,39.86926553672316,96.63419039632588,Closed,Open
1197,39.902601043024774,95.69378600237548,Closed,Open
1198,39.93593654932638,96.53482754514204,Closed,Open
1199,39.96927205562799,92.49472892969308,Closed,Open
1200,40.002607561929594,88.41396904344695,Closed,Open
1201,40.035943068231205,86.08094732633937,Closed,Open
1202,40.06927857453281,78.34853977580724,Closed,Open
1203,40.10261408083442,78.01819289699728,Closed,Open
1204,40.135949587136025,75.64146023718628,Closed,Open
1205,40.16928509343764,77.50703517178448,Closed,Open
1206,40.20262059973924,80.96069515327017,Closed,Open
1207,40.23595610604085,76.88914779972764,Closed,Open
1208,40.26929161234246,85.93903916839024,Closed,Open
1209,40.30262711864407,79.37852575771032,Closed,Open
1210,40.33596262494567,77.80663526748006,Closed,Open
1211,40.36929813124728,79.33926256365376,Closed,Open
1212,40.40263363754889,79.90165828004251,Closed,Open
1213,40.4359691438505,81.27091180717116,Closed,Open
1214,40.469304650152104,81.27128764050242,Closed,Open
1215,40.502640156453715,83.2237176305606,Closed,Open
1216,40.53597566275532,83.03566118616482,Closed,Open
1217,40.56931116905693,84.87582550470009,Closed,Open
1218,40.602646675358535,83.09117364415744,Closed,Open
1219,40.63598218166015,82.63863929386375,Closed,Open
1220,40.66931768796175,79.7644047403066,Closed,Open
1221,40.70265319426336,84.78376960510822,Closed,Open
1222,40.73598870056497,84.48406653394522,Closed,Open
1223,40.76932420686658,84.2585660926488,Closed,Open
1224,40.80265971316819,86.98752011218176,Closed,Open
1225,40.835995219469794,89.39221301030511,Closed,Open
1226,40.869330725771405,94.76584470878215,Closed,Open
1227,40.90266623207301,97.14378653886,Closed,Open
1228,40.93600173837462,96.9676130014778,Closed,Open
1229,40.969337244676225,96.46969698566222,Closed,Open
1230,41.00267275097784,97.04524364020116,Closed,Open
1231,41.03600825727944,95.15478854163224,Closed,Open
1232,41.06934376358105,95.47715539045704,Closed,Open
1233,41.10267926988266,93.43416845017632,Closed,Open
1234,41.13601477618427,93.4749346110984,Closed,Open
1235,41.16935028248587,94.26054150207536,Closed,Open
1236,41.20268578878749,89.82078451374879,Closed,Open
1237,41.23602129508909,94.81373679315163,Closed,Open
1238,41.2693568013907,91.4214129317769,Closed,Open
1239,41.302692307692304,91.9138484211954,Closed,Open
1240,41.336027813993915,92.32657476154944,Closed,Open
1241,41.36936332029552,91.38338026947092,Closed,Open
1242,41.40269882659713,91.38832279964753,Closed,Open
1243,41.436034332898735,93.69454860203864,Closed,Open
1244,41.46936983920035,92.9437158859244,Closed,Open
1245,41.50270534550195,88.8957669743202,Closed,Open
1246,41.53604085180356,88.27908263290301,Closed,Open
1247,41.56937635810517,86.2372465799507,Closed,Open
1248,41.60271186440678,85.13903076227925,Closed,Open
1249,41.63604737070838,84.51826939477023,Closed,Open
1250,41.669382877009994,88.23223062457618,Closed,Open
1251,41.702718383311606,92.19486329448328,Closed,Open
1252,41.73605388961321,89.7575249669504,Closed,Open
1253,41.76938939591482,93.0598450526917,Closed,Open
1254,41.802724902216426,98.91655739187745,Open,Open
1255,41.83606040851804,90.54191981041032,Closed,Open
1256,41.86939591481964,98.34892728817456,Open,Open
1257,41.90273142112125,101.80863971078774,Open,Open
1258,41.93606692742286,95.92375815047043,Closed,Open
1259,41.96940243372447,96.39293353829476,Closed,Open
1260,42.00273794002607,91.61225546704424,Closed,Open
1261,42.03607344632768,93.71040139359992,Closed,Open
1262,42.06940895262929,91.7336275915558,Closed,Open
1263,42.1027444589309,91.73212111938872,Closed,Open
1264,42.136079965232504,95.25937879822646,Closed,Open
1265,42.16941547153411,91.85804852707705,Closed,Open
1266,42.20275097783572,92.04687589640623,Closed,Open
1267,42.23608648413733,89.90275435509008,Closed,Open
1268,42.269421990438936,90.92496058371742,Closed,Open
1269,42.30275749674055,91.47775218786998,Closed,Open
1270,42.33609300304215,89.81370716108678,Closed,Open
1271,42.36942850934376,91.82751885125244,Closed,Open
1272,42.40276401564537,89.80787886913907,Closed,Open
1273,42.43609952194698,92.39680812010764,Closed,Open
1274,42.46943502824858,90.98771234453264,Closed,Open
1275,42.502770534550194,93.43571382887843,Closed,Open
1276,42.5361060408518,91.41471385114464,Closed,Open
1277,42.56944154715341,94.40562721695316,Closed,Open
1278,42.60277705345502,92.95674186676838,Closed,Open
1279,42.636112559756626,95.02969326690736,Closed,Open
1280,42.66944806605824,94.5319022515378,Closed,Open
1281,42.70278357235984,94.48837833047256,Closed,Open
1282,42.73611907866145,95.97702430992057,Closed,Open
1283,42.76945458496306,97.37951708269638,Closed,Open
1284,42.80279009126467,95.52660421837312,Closed,Open
1285,42.83612559756627,96.49848298628852,Closed,Open
1286,42.86946110386789,91.91794788822293,Closed,Open
1287,42.90279661016949,91.85460871803996,Closed,Open
1288,42.9361321164711,91.82622335924586,Closed,Open
1289,42.969467622772704,89.74467926326949,Closed,Open
1290,43.00280312907432,92.93719838258744,Closed,Open
1291,43.03613863537592,92.14527359920932,Closed,Open
1292,43.06947414167753,88.78198563447583,Closed,Open
1293,43.102809647979136,90.94946172597672,Closed,Open
1294,43.13614515428075,87.94117132928167,Closed,Open
1295,43.16948066058235,88.93896639555334,Closed,Open
1296,43.20281616688396,90.12000928869722,Closed,Open
1297,43.23615167318557,90.92112239726517,Closed,Open
1298,43.26948717948718,90.09282559039586,Closed,Open
1299,43.30282268578878,87.85454325105394,Closed,Open
1300,43.336158192090394,89.40551313585476,Closed,Open
1301,43.369493698392,88.85699312363747,Closed,Open
1302,43.40282920469361,86.82915453913975,Closed,Open
1303,43.436164710995214,89.53291695027417,Closed,Open
1304,43.469500217296826,93.2618846530698,Closed,Open
1305,43.50283572359844,95.10326305231908,Closed,Open
1306,43.53617122990004,97.12562916651436,Closed,Open
1307,43.56950673620165,95.92189770200416,Closed,Open
1308,43.60284224250326,94.73741401384063,Closed,Open
1309,43.63617774880487,94.71112225856804,Closed,Open
1310,43.66951325510647,95.97136406422176,Closed,Open
1311,43.70284876140808,93.61995696398812,Closed,Open
1312,43.73618426770969,94.0465421929847,Closed,Open
1313,43.7695197740113,93.48723619549096,Closed,Open
1314,43.802855280312905,93.21915224033214,Closed,Open
1315,43.83619078661451,90.37182823808868,Closed,Open
1316,43.86952629291612,90.60276949283389,Closed,Open
1317,43.90286179921773,88.42229280258753,Closed,Open
1318,43.936197305519336,89.12232859148847,Closed,Open
1319,43.96953281182095,89.4551700542828,Closed,Open
1320,44.00286831812255,89.58336455379393,Closed,Open
1321,44.03620382442416,89.06878899139775,Closed,Open
1322,44.06953933072577,87.9969633454605,Closed,Open
1323,44.10287483702738,89.7590111848276,Closed,Open
1324,44.13621034332898,93.64742418694324,Closed,Open
1325,44.169545849630595,85.61508941007699,Closed,Open
1326,44.2028813559322,82.45429222658393,Closed,Open
1327,44.23621686223381,90.8837503552605,Closed,Open
1328,44.269552368535415,79.60104742630742,Closed,Open
1329,44.302887874837026,76.61186368910737,Closed,Open
1330,44.33622338113863,76.95591840260676,Closed,Open
1331,44.36955888744024,74.1232255123179,Closed,Open
1332,44.402894393741846,76.19482080357949,Closed,Open
1333,44.43622990004346,72.40579501499789,Closed,Open
1334,44.46956540634507,71.14322268032012,Closed,Open
1335,44.50290091264667,81.34705908206567,Closed,Open
1336,44.536236418948285,79.06782853073557,Closed,Open
1337,44.56957192524989,79.77845583591201,Closed,Open
1338,44.6029074315515,80.00210295203826,Closed,Open
1339,44.636242937853105,72.18419181512255,Closed,Open
1340,44.66957844415472,63.84777750271292,Closed,Closed
1341,44.70291395045632,69.80758452657504,Closed,Open
1342,44.73624945675793,65.23703129306539,Closed,Closed
1343,44.769584963059536,69.03075587535443,Closed,Closed
1344,44.80292046936115,65.79748884507674,Closed,Closed
1345,44.83625597566275,67.0219475145095,Closed,Closed
1346,44.86959148196436,67.07709761930099,Closed,Closed
1347,44.90292698826597,68.59268957733138,Closed,Closed
1348,44.93626249456758,68.35464448889758,Closed,Closed
1349,44.96959800086918,73.18906886352397,Closed,Open
1350,45.002933507170795,70.26751849336648,Closed,Open
1351,45.0362690134724,74.96724036101584,Closed,Open
1352,45.06960451977401,86.38173251567665,Closed,Open
1353,45.102940026075615,88.32861074205954,Closed,Open
1354,45.136275532377226,88.57964777004979,Closed,Open
1355,45.16961103867883,86.70827271431605,Closed,Open
1356,45.20294654498044,90.57184758565764,Closed,Open
1357,45.236282051282046,93.13507409481552,Closed,Open
1358,45.26961755758366,93.7117273194246,Closed,Open
1359,45.30295306388526,98.40579663372388,Open,Open
1360,45.33628857018687,92.074854184185,Closed,Open
1361,45.369624076488485,91.65970855187192,Closed,Open
1362,45.40295958279009,94.11226760876986,Closed,Open
1363,45.4362950890917,89.57999172958856,Closed,Open
1364,45.469630595393305,86.1140572175999,Closed,Open
1365,45.50296610169491,89.70163195790153,Closed,Open
1366,45.53630160799652,93.5755699385181,Closed,Open
1367,45.56963711429813,94.13952426166982,Closed,Open
1368,45.602972620599736,95.69467972360802,Closed,Open
1369,45.63630812690135,95.88986793968957,Closed,Open
1370,45.66964363320295,97.01841276191912,Closed,Open
1371,45.70297913950456,98.1531974394778,Open,Open
1372,45.73631464580617,96.03963043953668,Closed,Open
1373,45.76965015210778,98.50524717400948,Open,Open
1374,45.80298565840938,95.43667050662488,Closed,Open
1375,45.836321164710995,95.54780927709773,Closed,Open
1376,45.8696566710126,91.9543905525946,Closed,Open
1377,45.90299217731421,84.22081468442377,Closed,Open
1378,45.936327683615815,87.497308018931,Closed,Open
1379,45.969663189917426,86.3481753743476,Closed,Open
1380,46.00299869621903,87.97873929063844,Closed,Open
1381,46.03633420252064,88.5760908100205,Closed,Open
1382,46.069669708822246,85.32814428411467,Closed,Open
1383,46.10300521512386,84.88911529185918,Closed,Open
1384,46.13634072142546,83.93951345156117,Closed,Open
1385,46.169676227727074,79.3262516707349,Closed,Open
1386,46.20301173402868,81.31387831396265,Closed,Open
1387,46.23634724033029,72.87103798214328,Closed,Open
1388,46.2696827466319,86.1537199838865,Closed,Open
1389,46.303018252933505,86.28422300157382,Closed,Open
1390,46.33635375923512,90.89313631998893,Closed,Open
1391,46.36968926553672,81.76341604530766,Closed,Open
1392,46.40302477183833,85.8267849636089,Closed,Open
1393,46.43636027813994,83.84702648518845,Closed,Open
1394,46.46969578444155,91.00447536910588,Closed,Open
1395,46.50303129074315,95.23560575509832,Closed,Open
1396,46.53636679704477,99.37952098527728,Open,Open
1397,46.56970230334637,99.24590594421753,Open,Open
1398,46.60303780964798,95.00952294584287,Closed,Open
1399,46.636373315949584,97.5405812482806,Closed,Open
1400,46.669708822251195,96.0592947759686,Closed,Open
1401,46.7030443285528,95.5951066666896,Closed,Open
1402,46.73637983485441,91.38669086759492,Closed,Open
1403,46.769715341156015,90.64599131479414,Closed,Open
1404,46.80305084745763,87.28684648161128,Closed,Open
1405,46.83638635375923,88.88034373043214,Closed,Open
1406,46.86972186006084,85.70110810738849,Closed,Open
1407,46.90305736636245,79.47919372197148,Closed,Open
1408,46.93639287266406,81.6618449669227,Closed,Open
1409,46.96972837896566,80.66460654513943,Closed,Open
1410,47.003063885267274,92.29274750603142,Closed,Open
1411,47.03639939156888,81.2235245523869,Closed,Open
1412,47.06973489787049,78.01352955675762,Closed,Open
1413,47.103070404172094,81.73394466937359,Closed,Open
1414,47.136405910473705,83.25889047218101,Closed,Open
1415,47.16974141677532,83.4903408192745,Closed,Open
1416,47.20307692307692,83.62400830855637,Closed,Open
1417,47.23641242937853,88.5614544170966,Closed,Open
1418,47.26974793568014,91.37540158346376,Closed,Open
1419,47.30308344198175,92.24101296238626,Closed,Open
1420,47.33641894828335,95.5347894962463,Closed,Open
1421,47.36975445458496,92.66481325003608,Closed,Open
1422,47.40308996088657,95.55050599538752,Closed,Open
1423,47.43642546718818,93.39071174193242,Closed,Open
1424,47.469760973489784,95.03995259803494,Closed,Open
1425,47.503096479791395,93.86394648798944,Closed,Open
1426,47.536431986093,90.16205410057768,Closed,Open
1427,47.56976749239461,87.80810310072069,Closed,Open
1428,47.603102998696215,80.74972031753578,Closed,Open
1429,47.63643850499783,74.01580908681052,Closed,Open
1430,47.66977401129943,86.78454463450343,Closed,Open
1431,47.70310951760104,81.90223023693989,Closed,Open
1432,47.73644502390265,84.74054737775094,Closed,Open
1433,47.76978053020426,87.11939554617214,Closed,Open
1434,47.80311603650586,84.9562777533657,Closed,Open
1435,47.836451542807474,87.09477591543936,Closed,Open
1436,47.86978704910908,90.58856218961024,Closed,Open
1437,47.90312255541069,92.75085795432858,Closed,Open
1438,47.936458061712294,92.53329209989964,Closed,Open
1439,47.969793568013905,91.7280749204391,Closed,Open
1440,48.00312907431551,89.947006893102,Closed,Open
1441,48.03646458061712,91.47547556479904,Closed,Open
1442,48.06980008691873,93.00459401747798,Closed,Open
1443,48.10313559322034,91.89434768213732,Closed,Open
1444,48.13647109952195,91.56266404273704,Closed,Open
1445,48.16980660582355,92.368887067279,Closed,Open
1446,48.20314211212517,91.51575320201223,Closed,Open
1447,48.23647761842677,90.96124087388108,Closed,Open
1448,48.26981312472838,91.36280155771576,Closed,Open
1449,48.303148631029984,91.03917390408051,Closed,Open
1450,48.336484137331595,92.39192010871363,Closed,Open
1451,48.3698196436332,91.43527314391793,Closed,Open
1452,48.40315514993481,92.05368408214562,Closed,Open
1453,48.436490656236415,92.31140338018102,Closed,Open
1454,48.46982616253803,91.44397581018164,Closed,Open
1455,48.50316166883963,93.8436270378244,Closed,Open
1456,48.53649717514124,92.88975958057928,Closed,Open
1457,48.56983268144285,88.3645633531099,Closed,Open
1458,48.60316818774446,93.2630989948493,Closed,Open
1459,48.63650369404606,88.99540480451816,Closed,Open
1460,48.669839200347674,85.0221824325393,Closed,Open
1461,48.70317470664928,89.25881406560367,Closed,Open
1462,48.73651021295089,85.63321702472176,Closed,Open
1463,48.769845719252494,86.63718757674671,Closed,Open
1464,48.803181225554106,86.39804400570088,Closed,Open
1465,48.83651673185571,88.5329216615236,Closed,Open
1466,48.86985223815732,91.21252333230896,Closed,Open
1467,48.903187744458926,92.99670218860685,Closed,Open
1468,48.93652325076054,88.22358067484416,Closed,Open
1469,48.96985875706215,87.71402354682012,Closed,Open
1470,49.00319426336375,88.03943918684728,Closed,Open
1471,49.03652976966536,92.18198028312426,Closed,Open
1472,49.06986527596697,94.30641665183455,Closed,Open
1473,49.10320078226858,92.11254988809318,Closed,Open
1474,49.136536288570184,94.40562721695316,Closed,Open
1475,49.16987179487179,95.05779164159046,Closed,Open
1476,49.2032073011734,93.35267187441538,Closed,Open
1477,49.23654280747501,93.9924994374156,Closed,Open
1478,49.269878313776616,94.80444078999632,Closed,Open
1479,49.30321382007823,94.670124496623,Closed,Open
1480,49.33654932637983,93.3796407892995,Closed,Open
1481,49.36988483268144,90.98513763394304,Closed,Open
1482,49.40322033898305,94.8241827859151,Closed,Open
1483,49.43655584528466,98.80903756518627,Open,Open
1484,49.46989135158626,93.79154470028544,Closed,Open
1485,49.503226857887874,92.06793388987064,Closed,Open
1486,49.53656236418948,92.57647094076754,Closed,Open
1487,49.56989787049109,89.2961474123062,Closed,Open
1488,49.603233376792694,89.8690664909472,Closed,Open
1489,49.636568883094306,86.05939077991667,Closed,Open
1490,49.66990438939591,92.73468746193488,Closed,Open
1491,49.70323989569752,97.44323633313792,Closed,Open
1492,49.736575401999126,94.80653978899042,Closed,Open
1493,49.76991090830074,90.83480689398228,Closed,Open
1494,49.80324641460234,89.89042553503486,Closed,Open
1495,49.83658192090395,89.85780488588219,Closed,Open
1496,49.86991742720557,84.5873869584393,Closed,Open
1497,49.90325293350717,87.4829512424985,Closed,Open
1498,49.93658843980878,84.134541570695,Closed,Open
1499,49.969923946110384,90.32432943016272,Closed,Open
1500,50.003259452412,91.98810519256295,Closed,Open
1501,50.0365949587136,89.429889859318,Closed,Open
1502,50.06993046501521,90.32742696030796,Closed,Open
1503,50.103265971316816,91.8513994027936,Closed,Open
1504,50.13660147761843,92.84730054773698,Closed,Open
1505,50.16993698392003,88.99550405101388,Closed,Open
1506,50.20327249022164,90.8172058768438,Closed,Open
1507,50.23660799652325,90.30521559325484,Closed,Open
1508,50.26994350282486,89.34749145868906,Closed,Open
1509,50.30327900912646,90.53414373560469,Closed,Open
1510,50.336614515428074,95.32916263130376,Closed,Open
1511,50.36995002172968,88.60922772745789,Closed,Open
1512,50.40328552803129,89.45658696841546,Closed,Open
1513,50.436621034332894,83.17344451471712,Closed,Open
1514,50.469956540634506,92.82564969146476,Closed,Open
1515,50.50329204693611,93.34876890184847,Closed,Open
1516,50.53662755323772,85.44035833061932,Closed,Open
1517,50.569963059539326,89.70360489190793,Closed,Open
1518,50.60329856584094,88.52146614920869,Closed,Open
1519,50.63663407214254,89.48312417355828,Closed,Open
1520,50.66996957844415,90.9036025544381,Closed,Open
1521,50.70330508474576,94.54760838702371,Closed,Open
1522,50.73664059104737,84.87916336655809,Closed,Open
1523,50.76997609734898,89.71821241629502,Closed,Open
1524,50.803311603650585,91.85221034301308,Closed,Open
1525,50.83664710995219,91.51063822102869,Closed,Open
1526,50.8699826162538,91.33448448665575,Closed,Open
1527,50.90331812255541,90.30730613131188,Closed,Open
1528,50.936653628857016,88.76804464589043,Closed,Open
1529,50.96998913515863,93.19869020215636,Closed,Open
1530,51.00332464146023,87.58347735396512,Closed,Open
1531,51.03666014776184,87.72496204365206,Closed,Open
1532,51.06999565406345,87.67029958613318,Closed,Open
1533,51.10333116036506,82.96379829589355,Closed,Open
