frame,timestamp,anchor_to_chin,lips_label,teeth_label
0,0.0,170.86180757473022,Closed,Open
1,0.0333355063016079,177.22456534710636,Closed,Open
2,0.0666710126032159,178.96564453269997,Closed,Open
3,0.1000065189048239,180.367068593113,Closed,Open
4,0.1333420252064319,179.7059238462423,Closed,Open
5,0.16667753150804,178.59961474143674,Closed,Open
6,0.2000130378096479,178.4248583596611,Closed,Open
7,0.2333485441112559,181.10853166730132,Closed,Open
8,0.2666840504128639,179.61911348738874,Closed,Open
9,0.3000195567144719,179.898839765319,Closed,Open
10,0.33335506301608,178.80674759778904,Closed,Open
11,0.3666905693176879,177.30675094269012,Closed,Open
12,0.4000260756192959,179.75078521149962,Closed,Open
13,0.4333615819209039,177.57463313490206,Closed,Open
14,0.4666970882225119,180.13655787396337,Closed,Open
15,0.50003259452412,178.3006392540887,Closed,Open
16,0.5333681008257279,181.26633121751556,Closed,Open
17,0.5667036071273359,180.0470186535308,Closed,Open
18,0.6000391134289439,180.18489591483885,Closed,Open
19,0.6333746197305519,176.85815054701294,Closed,Open
20,0.66671012603216,181.02590208942263,Closed,Open
21,0.7000456323337679,181.3655333199061,Closed,Open
22,0.7333811386353759,179.86920733580592,Closed,Open
23,0.7667166449369839,179.6063814098389,Closed,Open
24,0.8000521512385919,177.5648598409552,Closed,Open
25,0.8333876575401998,177.78233116280333,Closed,Open
26,0.8667231638418079,178.28071288428094,Closed,Open
27,0.9000586701434159,180.6797359219567,Closed,Open
28,0.933394176445024,185.93782598856745,Closed,Open
29,0.9667296827466318,184.8544408184685,Closed,Open
30,1.00006518904824,187.7262821525656,Closed,Open
31,1.0334006953498478,187.04710324421129,Closed,Open
32,1.066736201651456,198.4128901770864,Closed,Open
33,1.1000717079530635,198.46151539420453,Closed,Open
34,1.1334072142546718,200.74683111920444,Closed,Open
35,1.16674272055628,184.1274015850807,Closed,Open
36,1.2000782268578878,184.3380716489959,Closed,Open
37,1.233413733159496,183.4301000292469,Closed,Open
38,1.2667492394611035,194.52650990879232,Closed,Open
39,1.3000847457627118,193.97482676010225,Closed,Open
40,1.33342025206432,202.15719418886016,Closed,Open
41,1.3667557583659278,189.5299887742456,Closed,Open
42,1.400091264667536,211.19298256377175,Open,Open
43,1.4334267709691435,196.85493122795137,Closed,Open
44,1.4667622772707518,188.85059436471036,Closed,Open
45,1.5000977835723597,182.2429533635394,Closed,Open
46,1.5334332898739678,186.7527770189665,Closed,Open
47,1.566768796175576,177.07097925234285,Closed,Open
48,1.6001043024771835,189.6774779378169,Closed,Open
49,1.6334398087787918,196.19439723072213,Closed,Open
50,1.6667753150803997,204.7025075620844,Closed,Open
51,1.7001108213820078,198.64401162416203,Closed,Open
52,1.7334463276836158,182.57080861505904,Closed,Open
53,1.7667818339852237,172.8192060366771,Closed,Open
54,1.8001173402868318,165.93520130895735,Closed,Open
55,1.8334528465884397,169.84817979591458,Closed,Open
56,1.8667883528900475,177.9799333044192,Closed,Open
57,1.900123859191656,183.1350346867034,Closed,Open
58,1.9334593654932637,171.85709464788448,Closed,Open
59,1.966794871794872,191.63486907483815,Closed,Open
60,2.00013037809648,189.15932910937465,Closed,Open
61,2.0334658843980877,194.93331449141175,Closed,Open
62,2.0668013906996956,193.71444795250335,Closed,Open
63,2.100136897001304,186.374015403155,Closed,Open
64,2.133472403302912,176.69338908358262,Closed,Open
65,2.1668079096045196,192.2903399695651,Closed,Open
66,2.2001434159061275,181.85553150479453,Closed,Open
67,2.233478922207736,175.0496085025668,Closed,Open
68,2.2668144285093437,166.57780231974502,Closed,Open
69,2.3001499348109515,173.9779561994945,Closed,Open
70,2.33348544111256,169.71106628998078,Closed,Open
71,2.3668209474141677,167.07682570085677,Closed,Open
72,2.4001564537157756,160.9019277632225,Closed,Closed
73,2.433491960017383,166.31433738504404,Closed,Open
74,2.4668274663189917,212.57173996863472,Open,Open
75,2.5001629726205996,180.33066488149953,Closed,Open
76,2.5334984789222075,193.6681562260971,Closed,Open
77,2.566833985223816,182.0099263575028,Closed,Open
78,2.6001694915254236,192.77530888097897,Closed,Open
79,2.6335049978270315,191.06930340936935,Closed,Open
80,2.66684050412864,185.8033754144571,Closed,Open
81,2.7001760104302477,193.4265347821763,Closed,Open
82,2.7335115167318556,190.3033460616332,Closed,Open
83,2.7668470230334634,188.25826517655997,Closed,Open
84,2.8001825293350717,188.06972703473272,Closed,Open
85,2.8335180356366796,185.83149244125417,Closed,Open
86,2.8668535419382875,177.33413654936908,Closed,Open
87,2.900189048239896,187.1818329206528,Closed,Open
88,2.9335245545415036,175.54795924819658,Closed,Open
89,2.9668600608431115,165.52667318996834,Closed,Open
90,3.0001955671447194,157.93732643546264,Closed,Closed
91,3.0335310734463277,159.91484871430586,Closed,Closed
92,3.0668665797479355,153.38207956738938,Closed,Closed
93,3.1002020860495434,161.94342765130963,Closed,Closed
94,3.1335375923511517,171.8581971656828,Closed,Open
95,3.1668730986527596,185.0299745893159,Closed,Open
96,3.200208604954367,187.75076265833047,Closed,Open
97,3.2335441112559757,196.13210332356851,Closed,Open
98,3.2668796175575836,194.56687608478416,Closed,Open
99,3.3002151238591915,194.72783932015184,Closed,Open
100,3.3335506301607993,193.27244827294544,Closed,Open
101,3.3668861364624076,188.32595452544703,Closed,Open
102,3.4002216427640155,188.06509359677017,Closed,Open
103,3.4335571490656234,186.5157656285446,Closed,Open
104,3.4668926553672317,189.0422672627919,Closed,Open
105,3.5002281616688395,189.1595092241813,Closed,Open
106,3.5335636679704474,182.37266464446225,Closed,Open
107,3.5668991742720553,178.08970227992234,Closed,Open
108,3.6002346805736636,174.1902695567111,Closed,Open
109,3.633570186875271,177.24080024360862,Closed,Open
110,3.6669056931768793,161.23119889488993,Closed,Closed
111,3.700241199478488,184.8177482142039,Closed,Open
112,3.733576705780095,197.81496858536292,Closed,Open
113,3.7669122120817033,184.98862516413695,Closed,Open
114,3.800247718383312,177.71286411717793,Closed,Open
115,3.833583224684919,191.45246426382687,Closed,Open
116,3.8669187309865274,195.54162988825357,Closed,Open
117,3.9002542372881353,191.64686631156547,Closed,Open
118,3.933589743589744,195.16066306159135,Closed,Open
119,3.966925249891351,191.193718927277,Closed,Open
120,4.00026075619296,192.5700389019101,Closed,Open
121,4.033596262494568,187.99547516150983,Closed,Open
122,4.0669317687961755,185.9298461523914,Closed,Open
123,4.100267275097783,186.7772060534874,Closed,Open
124,4.133602781399391,188.2988242372704,Closed,Open
125,4.166938287700999,189.93645710161377,Closed,Open
126,4.200273794002608,191.13665424444451,Closed,Open
127,4.233609300304216,176.60357663767903,Closed,Open
128,4.2669448066058235,180.23947357953944,Closed,Open
129,4.300280312907431,176.36944538132485,Closed,Open
130,4.333615819209039,173.53582898387697,Closed,Open
131,4.366951325510647,180.91828037771657,Closed,Open
132,4.400286831812255,194.79484667734687,Closed,Open
133,4.433622338113864,196.40172209902977,Closed,Open
134,4.466957844415472,194.78960939608865,Closed,Open
135,4.5002933507170795,198.737338809891,Closed,Open
136,4.533628857018687,194.74816563853625,Closed,Open
137,4.566964363320295,194.4392905696983,Closed,Open
138,4.600299869621903,193.63951525369572,Closed,Open
139,4.633635375923511,191.25011293778113,Closed,Open
140,4.66697088222512,196.17682780792555,Closed,Open
141,4.700306388526728,188.5133407208152,Closed,Open
142,4.733641894828335,186.37758823780817,Closed,Open
143,4.766977401129943,181.84219799499024,Closed,Open
144,4.800312907431551,182.62492211280227,Closed,Open
145,4.833648413733159,188.15971209890745,Closed,Open
146,4.866983920034767,189.24053478020687,Closed,Open
147,4.900319426336376,177.9197092951636,Closed,Open
148,4.9336549326379835,172.77785317286884,Closed,Open
149,4.966990438939591,177.0461652667139,Closed,Open
150,5.000325945241199,185.87320026165327,Closed,Open
151,5.033661451542807,191.6887302010465,Closed,Open
152,5.066996957844415,192.39600507111476,Closed,Open
153,5.100332464146024,195.7326321856325,Closed,Open
154,5.133667970447632,196.27243149179463,Closed,Open
155,5.167003476749239,197.21059734802344,Closed,Open
156,5.200338983050847,191.87317744370813,Closed,Open
157,5.233674489352455,189.02224341080404,Closed,Open
158,5.267009995654063,193.5822041805028,Closed,Open
159,5.300345501955671,184.7232309013653,Closed,Open
160,5.33368100825728,183.61431276106953,Closed,Open
161,5.3670165145588875,186.21078494257216,Closed,Open
162,5.400352020860495,181.77221981069695,Closed,Open
163,5.433687527162103,181.6218580347862,Closed,Open
164,5.467023033463711,170.31285844908317,Closed,Open
165,5.500358539765319,176.4249065011042,Closed,Open
166,5.533694046066927,175.11167810871254,Closed,Open
167,5.567029552368536,169.09491880279353,Closed,Open
168,5.6003650586701434,167.54360488280113,Closed,Open
169,5.633700564971751,177.34982605551008,Closed,Open
170,5.667036071273359,190.16476042992232,Closed,Open
171,5.700371577574967,187.40425976308163,Closed,Open
172,5.733707083876575,190.32200163186053,Closed,Open
173,5.767042590178183,191.30064804792795,Closed,Open
174,5.8003780964797915,189.4490250776753,Closed,Open
175,5.833713602781399,188.5390404558701,Closed,Open
176,5.867049109083007,190.2177707773135,Closed,Open
177,5.900384615384615,187.4311819009057,Closed,Open
178,5.933720121686223,182.85181328684172,Closed,Open
179,5.967055627987831,180.33849969792908,Closed,Open
180,6.000391134289439,194.92847821559064,Closed,Open
181,6.0337266405910475,174.00403642667345,Closed,Open
182,6.067062146892655,185.98407740350228,Closed,Open
183,6.100397653194263,184.3059986802501,Closed,Open
184,6.133733159495871,164.92798435815882,Closed,Open
185,6.167068665797479,177.37761958126129,Closed,Open
186,6.200404172099087,171.16015862611027,Closed,Open
187,6.2337396784006955,191.11988966633328,Closed,Open
188,6.267075184702303,191.70622436259907,Closed,Open
189,6.300410691003911,193.26986282865596,Closed,Open
190,6.333746197305519,195.33514293295497,Closed,Open
191,6.367081703607127,189.09453462837035,Closed,Open
192,6.400417209908735,196.97630580474063,Closed,Open
193,6.433752716210343,195.4423681819411,Closed,Open
194,6.4670882225119515,192.6093724653191,Closed,Open
195,6.500423728813559,189.60660980159147,Closed,Open
196,6.533759235115167,186.64334938905864,Closed,Open
197,6.567094741416775,187.87463295258272,Closed,Open
198,6.600430247718383,182.30712412149623,Closed,Open
199,6.633765754019991,185.8950443789153,Closed,Open
200,6.667101260321599,188.9152818146464,Closed,Open
201,6.700436766623207,185.61925944726255,Closed,Open
202,6.733772272924815,186.05259822230357,Closed,Open
203,6.767107779226423,184.51627489697637,Closed,Open
204,6.800443285528031,173.7251357145916,Closed,Open
205,6.833778791829639,194.3419108911173,Closed,Open
206,6.867114298131247,198.15050655639544,Closed,Open
207,6.900449804432855,194.28562245193865,Closed,Open
208,6.933785310734463,191.67748310080455,Closed,Open
209,6.967120817036071,195.1345539710394,Closed,Open
210,7.000456323337679,192.1354137782681,Closed,Open
211,7.033791829639287,191.04315851634232,Closed,Open
212,7.067127335940895,188.6594163165228,Closed,Open
213,7.100462842242503,187.1697848081198,Closed,Open
214,7.1337983485441105,182.39366964842503,Closed,Open
215,7.167133854845719,185.2600690591198,Closed,Open
216,7.200469361147327,190.00798309201105,Closed,Open
217,7.233804867448935,186.1414396103797,Closed,Open
218,7.267140373750543,171.7231641806795,Closed,Open
219,7.300475880052151,177.04343431141672,Closed,Open
220,7.333811386353759,152.79562915268184,Closed,Closed
221,7.367146892655367,172.16166533345228,Closed,Open
222,7.400482398956975,157.59933389066268,Closed,Closed
223,7.433817905258583,160.3521211357812,Closed,Closed
224,7.467153411560191,185.1625255283848,Closed,Open
225,7.500488917861799,186.1728868098384,Closed,Open
226,7.533824424163407,189.0264636176905,Closed,Open
227,7.567159930465015,193.3035236646332,Closed,Open
228,7.600495436766623,190.4108183786667,Closed,Open
229,7.633830943068231,193.4709064505561,Closed,Open
230,7.667166449369839,191.78289458364105,Closed,Open
231,7.700501955671447,194.2457269360453,Closed,Open
232,7.733837461973055,194.30728307576717,Closed,Open
233,7.767172968274663,190.56762157465045,Closed,Open
234,7.8005084745762705,190.2993852043545,Closed,Open
235,7.833843980877879,185.9234539427377,Closed,Open
236,7.867179487179487,183.7133860863021,Closed,Open
237,7.900514993481095,184.8544408184685,Closed,Open
238,7.933850499782703,187.6412076910344,Closed,Open
239,7.967186006084311,185.39179048560575,Closed,Open
240,8.00052151238592,185.45222552965305,Closed,Open
241,8.033857018687527,183.02216180105216,Closed,Open
242,8.067192524989135,173.31956716726452,Closed,Open
243,8.100528031290743,170.12437353459285,Closed,Open
244,8.133863537592351,183.5461300757804,Closed,Open
245,8.167199043893959,176.74789280273194,Closed,Open
246,8.200534550195567,188.73400741372885,Closed,Open
247,8.233870056497175,196.30029952189665,Closed,Open
248,8.267205562798782,192.07898372126832,Closed,Open
249,8.30054106910039,197.40067548100484,Closed,Open
250,8.333876575401998,192.6585692418529,Closed,Open
251,8.367212081703606,197.81707922983136,Closed,Open
252,8.400547588005216,193.30444211035484,Closed,Open
253,8.433883094306823,192.80024816443265,Closed,Open
254,8.467218600608431,189.7456831422828,Closed,Open
255,8.50055410691004,191.3109029159727,Closed,Open
256,8.533889613211647,186.86811571898207,Closed,Open
257,8.567225119513255,189.4679237551095,Closed,Open
258,8.600560625814863,189.41830063613995,Closed,Open
259,8.63389613211647,189.96052630061735,Closed,Open
260,8.667231638418079,190.9144847434316,Closed,Open
261,8.700567144719686,188.51759389063335,Closed,Open
262,8.733902651021294,172.4209078796622,Closed,Open
263,8.767238157322902,162.5831825184546,Closed,Open
264,8.80057366362451,175.09518416651457,Closed,Open
265,8.833909169926118,181.05056658753932,Closed,Open
266,8.867244676227727,186.0382291512622,Closed,Open
267,8.900580182529335,195.09930006877545,Closed,Open
268,8.933915688830943,191.7091779580623,Closed,Open
269,8.967251195132551,194.87897195268857,Closed,Open
270,9.000586701434159,195.42644499427303,Closed,Open
271,9.033922207735769,204.37757696140815,Closed,Open
272,9.067257714037376,192.10166734072868,Closed,Open
273,9.100593220338984,196.72827178228417,Closed,Open
274,9.13392872664059,191.9620544858774,Closed,Open
275,9.167264232942198,188.14013126859584,Closed,Open
276,9.200599739243806,185.8830286646114,Closed,Open
277,9.233935245545414,192.6085225148833,Closed,Open
278,9.267270751847022,190.01966465080895,Closed,Open
279,9.300606258148632,192.3867162142584,Closed,Open
280,9.33394176445024,187.9227545936076,Closed,Open
281,9.367277270751847,188.6594163165228,Closed,Open
282,9.400612777053457,187.7275435217647,Closed,Open
283,9.433948283355065,188.17188945817728,Closed,Open
284,9.46728378965667,175.7972532007347,Closed,Open
285,9.50061929595828,185.48238178088445,Closed,Open
286,9.533954802259888,179.4909298996867,Closed,Open
287,9.567290308561494,185.75026103050655,Closed,Open
288,9.600625814863102,188.25811719479995,Closed,Open
289,9.63396132116471,193.09339514708876,Closed,Open
290,9.667296827466318,195.10873907611503,Closed,Open
291,9.700632333767926,195.30559873708563,Closed,Open
292,9.733967840069534,193.1313099944364,Closed,Open
293,9.767303346371143,194.52709405209353,Closed,Open
294,9.800638852672751,191.30073596511588,Closed,Open
295,9.83397435897436,188.4035153768133,Closed,Open
296,9.867309865275969,194.74340020871043,Closed,Open
297,9.900645371577577,187.53413942931084,Closed,Open
298,9.933980877879184,195.5422131207784,Closed,Open
299,9.96731638418079,183.54970764026305,Closed,Open
300,10.000651890482398,184.08098144823072,Closed,Open
301,10.033987396784006,185.9298143471125,Closed,Open
302,10.067322903085614,194.2485519092396,Closed,Open
303,10.100658409387222,188.57549143961336,Closed,Open
304,10.13399391568883,183.19337500358972,Closed,Open
305,10.167329421990438,172.8163982514677,Closed,Open
306,10.200664928292047,173.69605415775004,Closed,Open
307,10.234000434593655,162.4506074065864,Closed,Open
308,10.267335940895263,176.9512870426276,Closed,Open
309,10.300671447196873,193.39736859408757,Closed,Open
310,10.33400695349848,193.90530939182975,Closed,Open
311,10.367342459800089,195.12314588662548,Closed,Open
312,10.400677966101696,192.71314730071728,Closed,Open
313,10.434013472403302,193.7339776630746,Closed,Open
314,10.46734897870491,192.7453694189244,Closed,Open
315,10.500684485006518,194.98654229685013,Closed,Open
316,10.534019991308126,190.4166040703323,Closed,Open
317,10.567355497609734,191.0182214942109,Closed,Open
318,10.600691003911342,191.2368258566783,Closed,Open
319,10.63402651021295,186.8621362261474,Closed,Open
320,10.66736201651456,190.7943594430521,Closed,Open
321,10.700697522816167,190.20748814618256,Closed,Open
322,10.734033029117777,185.71908978301013,Closed,Open
323,10.767368535419385,189.4223425427396,Closed,Open
324,10.80070404172099,190.53613366872335,Closed,Open
325,10.8340395480226,184.7485175875458,Closed,Open
326,10.867375054324206,184.9669958920012,Closed,Open
327,10.900710560625814,187.67194699043955,Closed,Open
328,10.934046066927422,182.22988266932524,Closed,Open
329,10.96738157322903,166.18527342880327,Closed,Open
330,11.000717079530638,181.4053180450761,Closed,Open
331,11.034052585832246,198.2476935276812,Closed,Open
332,11.067388092133854,194.71419099917625,Closed,Open
333,11.100723598435462,193.7702523493348,Closed,Open
334,11.134059104737071,192.50319842295448,Closed,Open
335,11.16739461103868,194.04370334263368,Closed,Open
336,11.200730117340289,192.56532260643235,Closed,Open
337,11.234065623641897,188.86984927632392,Closed,Open
338,11.267401129943504,185.67909529282645,Closed,Open
339,11.30073663624511,187.09983049171248,Closed,Open
340,11.334072142546718,184.0515682531453,Closed,Open
341,11.367407648848326,192.3920532282483,Closed,Open
342,11.400743155149934,184.38240572095515,Closed,Open
343,11.434078661451542,183.1502262629522,Closed,Open
344,11.46741416775315,183.23344735718325,Closed,Open
345,11.500749674054758,187.95811610399804,Closed,Open
346,11.534085180356366,186.08767770378756,Closed,Open
347,11.567420686657975,182.3853774029592,Closed,Open
348,11.600756192959585,174.40563530121932,Closed,Open
349,11.634091699261193,182.744190351344,Closed,Open
350,11.6674272055628,181.57868863965385,Closed,Open
351,11.700762711864408,188.2111536688193,Closed,Open
352,11.734098218166016,192.1158786991253,Closed,Open
353,11.767433724467622,193.455903334616,Closed,Open
354,11.80076923076923,192.35207712972675,Closed,Open
355,11.834104737070838,193.98770667480497,Closed,Open
356,11.867440243372446,190.82471303941767,Closed,Open
357,11.900775749674054,193.4523026000753,Closed,Open
358,11.934111255975662,190.6933935604008,Closed,Open
359,11.96744676227727,190.5338419896426,Closed,Open
360,12.000782268578876,193.0344641871229,Closed,Open
361,12.034117774880489,190.6038248324665,Closed,Open
362,12.067453281182097,184.35881501535616,Closed,Open
363,12.100788787483705,187.77153820803431,Closed,Open
364,12.13412429378531,183.688125432912,Closed,Open
365,12.16745980008692,192.0267373294243,Closed,Open
366,12.200795306388526,179.66093489532756,Closed,Open
367,12.234130812690134,184.26445896415544,Closed,Open
368,12.267466318991742,189.93065964608485,Closed,Open
369,12.30080182529335,184.86720802862655,Closed,Open
370,12.334137331594958,180.46023637256351,Closed,Open
371,12.367472837896566,197.7927893956229,Closed,Open
372,12.400808344198174,198.3181761010764,Closed,Open
373,12.43414385049978,194.71987733471664,Closed,Open
374,12.467479356801393,196.66462118200445,Closed,Open
375,12.500814863103,193.857244556202,Closed,Open
376,12.534150369404609,187.8712192562486,Closed,Open
377,12.567485875706216,188.8511245337086,Closed,Open
378,12.600821382007824,189.06793508835747,Closed,Open
379,12.63415688830943,188.50944066068655,Closed,Open
380,12.667492394611038,185.12172254952392,Closed,Open
381,12.700827900912646,186.1991856853075,Closed,Open
382,12.734163407214254,188.25774633296183,Closed,Open
383,12.767498913515862,190.56875399780364,Closed,Open
384,12.80083441981747,192.93231818990108,Closed,Open
385,12.834169926119078,193.43557304057884,Closed,Open
386,12.867505432420684,186.862577325006,Closed,Open
387,12.900840938722292,177.12756338569412,Closed,Open
388,12.934176445023905,171.67637050510564,Closed,Open
389,12.96751195132551,169.0428124731892,Closed,Open
390,13.00084745762712,172.79594756937365,Closed,Open
391,13.034182963928728,179.89398171732563,Closed,Open
392,13.067518470230334,174.81766111174724,Closed,Open
393,13.100853976531942,190.19463016284405,Closed,Open
394,13.13418948283355,193.23986148952048,Closed,Open
395,13.167524989135158,196.84906422142228,Closed,Open
396,13.200860495436766,192.592993027088,Closed,Open
397,13.234196001738374,190.11836871779613,Closed,Open
398,13.267531508039982,190.2808542803673,Closed,Open
399,13.30086701434159,188.9364960821044,Closed,Open
400,13.334202520643196,192.46349482377184,Closed,Open
401,13.367538026944809,185.45938890221012,Closed,Open
402,13.400873533246417,191.23017168078823,Closed,Open
403,13.434209039548024,188.74538497661672,Closed,Open
404,13.46754454584963,188.4604950769057,Closed,Open
405,13.500880052151238,190.01732905390844,Closed,Open
406,13.534215558452846,190.26819970333585,Closed,Open
407,13.567551064754454,193.31757932256767,Closed,Open
408,13.600886571056062,193.1029555987124,Closed,Open
409,13.63422207735767,185.4460338966604,Closed,Open
410,13.667557583659278,187.47983687149528,Closed,Open
411,13.700893089960886,184.32116766036455,Closed,Open
412,13.734228596262492,179.9150426644046,Closed,Open
413,13.7675641025641,181.95333758524544,Closed,Open
414,13.80089960886571,163.68984486346756,Closed,Open
415,13.83423511516732,169.25911923488508,Closed,Open
416,13.867570621468928,171.91255460715234,Closed,Open
417,13.900906127770536,176.29905378835846,Closed,Open
418,13.934241634072142,190.20285366451787,Closed,Open
419,13.96757714037375,196.44936532374328,Closed,Open
420,14.000912646675358,192.66942871818793,Closed,Open
421,14.034248152976966,193.20322953481332,Closed,Open
422,14.067583659278574,190.26838106765192,Closed,Open
423,14.100919165580182,195.1103910631317,Closed,Open
424,14.13425467188179,189.94293336637264,Closed,Open
425,14.167590178183396,190.8274281203308,Closed,Open
426,14.200925684485004,188.10472805647916,Closed,Open
427,14.234261190786611,184.8092628071528,Closed,Open
428,14.26759669708822,182.20238874947563,Closed,Open
429,14.30093220338983,188.1664814420746,Closed,Open
430,14.33426770969144,182.50733256129155,Closed,Open
431,14.367603215993046,194.62612968314383,Closed,Open
432,14.400938722294654,187.71484669751385,Closed,Open
433,14.434274228596262,190.4382652264616,Closed,Open
434,14.46760973489787,187.70727719479777,Closed,Open
435,14.500945241199478,175.77020516863723,Closed,Open
436,14.534280747501086,180.12284820059227,Closed,Open
437,14.567616253802694,169.89005983667715,Closed,Open
438,14.600951760104302,165.31544736225507,Closed,Open
439,14.63428726640591,175.75513809398507,Closed,Open
440,14.667622772707515,174.97805767585186,Closed,Open
441,14.700958279009123,188.75536410485444,Closed,Open
442,14.734293785310737,200.04059270434345,Closed,Open
443,14.767629291612344,196.60479927610103,Closed,Open
444,14.80096479791395,192.78036989006125,Closed,Open
445,14.834300304215558,194.14222320506616,Closed,Open
446,14.867635810517166,194.14383772009032,Closed,Open
447,14.900971316818774,198.80057652883005,Closed,Open
448,14.934306823120382,186.9164544752677,Closed,Open
449,14.96764232942199,193.91228398295735,Closed,Open
450,15.000977835723598,191.3381408070961,Closed,Open
451,15.034313342025206,198.84031507918175,Closed,Open
452,15.067648848326812,194.2323992433362,Closed,Open
453,15.10098435462842,190.132117593901,Closed,Open
454,15.13431986093003,186.84216654729772,Closed,Open
455,15.167655367231635,188.10157422985387,Closed,Open
456,15.200990873533248,187.19518248456555,Closed,Open
457,15.234326379834854,189.3790548901056,Closed,Open
458,15.267661886136462,186.82197742249616,Closed,Open
459,15.30099739243807,196.10620604651547,Closed,Open
460,15.334332898739678,195.45998877929833,Closed,Open
461,15.367668405041286,187.68708423019052,Closed,Open
462,15.401003911342894,192.217627364748,Closed,Open
463,15.434339417644502,202.05644938918135,Closed,Open
464,15.46767492394611,195.17290386969432,Closed,Open
465,15.501010430247716,190.9866881605601,Closed,Open
466,15.534345936549323,164.40674055735764,Closed,Open
467,15.567681442850931,163.65838797134785,Closed,Open
468,15.60101694915254,177.35796397410022,Closed,Open
469,15.63435245545415,166.91932179972025,Closed,Open
470,15.66768796175576,165.39131951639445,Closed,Open
471,15.701023468057366,178.42378141815306,Closed,Open
472,15.734358974358974,186.4386017777721,Closed,Open
473,15.767694480660582,195.57682162876657,Closed,Open
474,15.80102998696219,192.964231913314,Closed,Open
475,15.834365493263798,189.55869270632857,Closed,Open
476,15.867700999565406,188.07880466500907,Closed,Open
477,15.901036505867014,188.91664383288725,Closed,Open
478,15.93437201216862,191.5272190395387,Closed,Open
479,15.96770751847023,190.53792818533157,Closed,Open
480,16.00104302477184,187.73499392537116,Closed,Open
481,16.034378531073447,189.11552915069507,Closed,Open
482,16.067714037375055,187.0535884004507,Closed,Open
483,16.101049543676663,187.94803745481133,Closed,Open
484,16.13438504997827,192.56074532375808,Closed,Open
485,16.16772055627988,191.04128119997063,Closed,Open
486,16.201056062581486,193.55674939392668,Closed,Open
487,16.234391568883094,184.37443872423455,Closed,Open
488,16.267727075184702,181.2154400787861,Closed,Open
489,16.30106258148631,179.27043164124598,Closed,Open
490,16.334398087787918,170.17657973344586,Closed,Open
491,16.367733594089525,172.3144328683693,Closed,Open
492,16.401069100391133,169.66260595860882,Closed,Open
493,16.43440460669274,174.66652689755114,Closed,Open
494,16.46774011299435,182.6150140197562,Closed,Open
495,16.501075619295957,192.54723285966844,Closed,Open
496,16.534411125597565,196.15655090500192,Closed,Open
497,16.567746631899173,197.13484280559356,Closed,Open
498,16.60108213820078,191.4062503285056,Closed,Open
499,16.63441764450239,192.15217753645692,Closed,Open
500,16.667753150803996,186.389113126796,Closed,Open
501,16.701088657105604,188.99552453751352,Closed,Open
502,16.734424163407212,191.43774777830197,Closed,Open
503,16.767759669708823,189.59042652808563,Closed,Open
504,16.80109517601043,189.5685404991777,Closed,Open
505,16.83443068231204,184.75284295304655,Closed,Open
506,16.867766188613647,192.07420419459908,Closed,Open
507,16.901101694915255,190.46013138204995,Closed,Open
508,16.934437201216863,194.64176507801324,Closed,Open
509,16.96777270751847,197.12829166195596,Closed,Open
510,17.00110821382008,191.0444790772968,Closed,Open
511,17.034443720121686,185.1787169658731,Closed,Open
512,17.067779226423294,177.4949976469759,Closed,Open
513,17.101114732724902,179.83688511017914,Closed,Open
514,17.13445023902651,175.38746234509426,Closed,Open
515,17.167785745328118,174.57014216201907,Closed,Open
516,17.201121251629726,181.49057183522405,Closed,Open
517,17.234456757931333,188.8228456435876,Closed,Open
518,17.26779226423294,199.611802990165,Closed,Open
519,17.30112777053455,198.16218068430504,Closed,Open
520,17.334463276836157,195.77901007094644,Closed,Open
521,17.367798783137765,194.70294721146644,Closed,Open
522,17.401134289439373,190.4111328229005,Closed,Open
523,17.43446979574098,186.6062542611647,Closed,Open
524,17.46780530204259,188.9184576898328,Closed,Open
525,17.501140808344196,187.2829986729511,Closed,Open
526,17.534476314645804,184.4327749006315,Closed,Open
527,17.567811820947412,183.0776168845724,Closed,Open
528,17.60114732724902,188.53640493568247,Closed,Open
529,17.634482833550628,190.1906008916598,Closed,Open
530,17.667818339852236,191.42863394047257,Closed,Open
531,17.701153846153847,193.94185817749943,Closed,Open
532,17.734489352455455,193.48038529837143,Closed,Open
533,17.767824858757063,192.54224813685204,Closed,Open
534,17.80116036505867,189.86304515879243,Closed,Open
535,17.83449587136028,175.7915746795764,Closed,Open
536,17.867831377661886,167.9716727660208,Closed,Open
537,17.901166883963494,170.67157995382064,Closed,Open
538,17.934502390265102,176.89485186188583,Closed,Open
539,17.96783789656671,182.0146121816017,Closed,Open
540,18.001173402868318,172.6633126888727,Closed,Open
541,18.03450890916993,182.9724705105516,Closed,Open
542,18.067844415471537,195.0345542333714,Closed,Open
543,18.10117992177314,198.79502317474055,Closed,Open
544,18.13451542807475,196.27023393188009,Closed,Open
545,18.167850934376357,187.99802588826032,Closed,Open
546,18.201186440677965,190.3026571536008,Closed,Open
547,18.234521946979573,191.51563484075848,Closed,Open
548,18.26785745328118,193.95636704749683,Closed,Open
549,18.30119295958279,190.98820103270376,Closed,Open
550,18.334528465884397,190.69268023117212,Closed,Open
551,18.367863972186004,189.78178202308865,Closed,Open
552,18.401199478487612,189.2408507033548,Closed,Open
553,18.43453498478922,186.4701855454967,Closed,Open
554,18.467870491090828,191.93270237427697,Closed,Open
555,18.501205997392436,201.3502328113601,Closed,Open
556,18.534541503694044,193.56508210583073,Closed,Open
557,18.56787700999565,196.4603869615956,Closed,Open
558,18.601212516297263,191.31163231726404,Closed,Open
559,18.63454802259887,185.40231325133885,Closed,Open
560,18.66788352890048,190.39093977541523,Closed,Open
561,18.701219035202087,177.7432990109536,Closed,Open
562,18.734554541503694,172.34870222846658,Closed,Open
563,18.767890047805302,176.141701261099,Closed,Open
564,18.80122555410691,182.0899555790676,Closed,Open
565,18.83456106040852,191.54159088147975,Closed,Open
566,18.86789656671013,199.16011643681207,Closed,Open
567,18.901232073011737,201.06590180683443,Closed,Open
568,18.93456757931334,199.5388504796893,Closed,Open
569,18.96790308561495,197.9031414161181,Closed,Open
570,19.001238591916557,196.0238578782246,Closed,Open
571,19.034574098218165,204.63883795388972,Closed,Open
572,19.067909604519773,194.8817867472381,Closed,Open
573,19.10124511082138,195.60230084719535,Closed,Open
574,19.13458061712299,197.3679710124394,Closed,Open
575,19.167916123424597,193.04710879979572,Closed,Open
576,19.201251629726205,193.1313172064462,Closed,Open
577,19.234587136027812,188.07252507732957,Closed,Open
578,19.26792264232942,187.80016764350353,Closed,Open
579,19.301258148631028,200.33653011926015,Closed,Open
580,19.334593654932636,189.7281049296443,Closed,Open
581,19.367929161234244,195.82297827994532,Closed,Open
582,19.40126466753585,191.3680557255954,Closed,Open
583,19.43460017383746,194.27093985176893,Closed,Open
584,19.467935680139068,200.8274325805372,Closed,Open
585,19.50127118644068,177.98634296527104,Closed,Open
586,19.534606692742287,195.28735349400085,Closed,Open
587,19.567942199043895,199.13291899095185,Closed,Open
588,19.601277705345503,195.83056085472583,Closed,Open
589,19.63461321164711,192.1032780925571,Closed,Open
590,19.66794871794872,193.2499851447215,Closed,Open
591,19.70128422425033,192.55265195293424,Closed,Open
592,19.734619730551938,198.13413196638447,Closed,Open
593,19.767955236853545,198.87490606190732,Closed,Open
594,19.80129074315515,200.74895153269577,Closed,Open
595,19.83462624945676,206.00048440424365,Closed,Open
596,19.867961755758365,197.7386683936482,Closed,Open
597,19.901297262059973,191.60457193954855,Closed,Open
598,19.93463276836158,198.9444253718759,Closed,Open
599,19.96796827466319,195.1864101740647,Closed,Open
600,20.001303780964797,193.9643811682726,Closed,Open
601,20.034639287266405,191.00258480674384,Closed,Open
602,20.067974793568013,193.04255163064815,Closed,Open
603,20.10131029986962,186.33272975821308,Closed,Open
604,20.13464580617123,187.3526097243046,Closed,Open
605,20.167981312472836,193.68237675680933,Closed,Open
606,20.201316818774444,189.2912797568306,Closed,Open
607,20.234652325076052,192.10656778157585,Closed,Open
608,20.26798783137766,191.91225221428925,Closed,Open
609,20.301323337679268,192.22575214945908,Closed,Open
610,20.334658843980876,192.45511320444297,Closed,Open
611,20.367994350282483,190.19532641753415,Closed,Open
612,20.401329856584095,189.52438290586468,Closed,Open
613,20.434665362885703,191.7416666261746,Closed,Open
614,20.46800086918731,190.1251189290007,Closed,Open
615,20.50133637548892,189.5222172483255,Closed,Open
616,20.534671881790526,188.61012850186688,Closed,Open
617,20.568007388092138,194.39328232613764,Closed,Open
618,20.601342894393746,188.92526502754197,Closed,Open
619,20.63467840069535,190.13280373256393,Closed,Open
620,20.66801390699696,194.62851966199312,Closed,Open
621,20.70134941329857,190.1626924096676,Closed,Open
622,20.734684919600173,189.5056404324428,Closed,Open
623,20.76802042590178,189.75378706800603,Closed,Open
624,20.80135593220339,192.66655011522855,Closed,Open
625,20.834691438504997,187.34092057105505,Closed,Open
626,20.868026944806605,189.50225826925117,Closed,Open
627,20.901362451108213,186.91563544695492,Closed,Open
628,20.93469795740982,187.3007323644235,Closed,Open
629,20.96803346371143,188.2359988599347,Closed,Open
630,21.001368970013036,184.99143634608097,Closed,Open
631,21.034704476314644,185.2234065759185,Closed,Open
632,21.068039982616252,188.1776148154206,Closed,Open
633,21.10137548891786,190.9791102165522,Closed,Open
634,21.134710995219468,187.95015500109972,Closed,Open
635,21.168046501521076,188.8250023246436,Closed,Open
636,21.201382007822684,194.44515679985744,Closed,Open
637,21.23471751412429,191.64495417117752,Closed,Open
638,21.2680530204259,193.2117669184961,Closed,Open
639,21.30138852672751,196.92261656652715,Closed,Open
640,21.33472403302912,195.68783383389425,Closed,Open
641,21.368059539330726,201.5915971488106,Closed,Open
642,21.401395045632334,191.68586590388833,Closed,Open
643,21.434730551933946,197.57580271603496,Closed,Open
644,21.46806605823555,199.5711135305199,Closed,Open
645,21.50140156453716,200.44228199419803,Closed,Open
646,21.53473707083877,196.00183487176923,Closed,Open
647,21.568072577140377,191.44628949355837,Closed,Open
648,21.60140808344198,188.60621049437884,Closed,Open
649,21.63474358974359,189.99570617464855,Closed,Open
650,21.668079096045197,190.0672313040709,Closed,Open
651,21.701414602346805,190.87296869571617,Closed,Open
652,21.734750108648413,190.9205147049778,Closed,Open
653,21.76808561495002,192.02798065561143,Closed,Open
654,21.80142112125163,193.16826599912196,Closed,Open
655,21.834756627553237,192.43704055198765,Closed,Open
656,21.868092133854844,191.98286896809176,Closed,Open
657,21.901427640156452,192.43477338092063,Closed,Open
658,21.93476314645806,189.79931382952492,Closed,Open
659,21.968098652759668,191.00914313806027,Closed,Open
660,22.001434159061276,188.0842394457008,Closed,Open
661,22.034769665362884,187.88276616646831,Closed,Open
662,22.06810517166449,188.10368571688952,Closed,Open
663,22.1014406779661,189.86035469719707,Closed,Open
664,22.134776184267707,188.8437004953543,Closed,Open
665,22.168111690569315,188.24689304981433,Closed,Open
666,22.201447196870923,193.60708334660563,Closed,Open
667,22.234782703172534,192.3602808845132,Closed,Open
668,22.268118209474142,195.3412433667611,Closed,Open
669,22.30145371577575,192.63951608683703,Closed,Open
670,22.33478922207736,190.18531553143268,Closed,Open
671,22.36812472837897,190.38022030372088,Closed,Open
672,22.401460234680577,188.2404995492113,Closed,Open
673,22.43479574098218,192.964064983761,Closed,Open
674,22.46813124728379,199.14355557938103,Closed,Open
675,22.501466753585397,195.8208924483824,Closed,Open
676,22.534802259887005,188.57060629446863,Closed,Open
677,22.568137766188613,186.8383899682499,Closed,Open
678,22.60147327249022,193.041254752316,Closed,Open
679,22.63480877879183,193.3415596294493,Closed,Open
680,22.668144285093437,192.28722220813427,Closed,Open
681,22.701479791395045,194.49215825719895,Closed,Open
682,22.734815297696652,193.5361731875196,Closed,Open
683,22.76815080399826,188.38523281405105,Closed,Open
684,22.801486310299868,194.16239983472295,Closed,Open
685,22.834821816601476,188.30144540615885,Closed,Open
686,22.868157322903084,186.13470107524864,Closed,Open
687,22.90149282920469,184.45437554718603,Closed,Open
688,22.9348283355063,192.82833190558856,Closed,Open
689,22.968163841807907,186.0521062718716,Closed,Open
690,23.001499348109515,185.70125464594412,Closed,Open
691,23.034834854411123,187.4853601871144,Closed,Open
692,23.06817036071273,185.77534593099972,Closed,Open
693,23.10150586701434,189.94927934772264,Closed,Open
694,23.13484137331595,186.85980970751203,Closed,Open
695,23.16817687961756,195.7727937975331,Closed,Open
696,23.20151238591917,191.51630128903267,Closed,Open
697,23.234847892220778,184.77080595234415,Closed,Open
698,23.268183398522385,191.1918892426445,Closed,Open
699,23.30151890482399,183.3206683384012,Closed,Open
700,23.3348544111256,185.78716609991875,Closed,Open
701,23.368189917427205,193.7253773048337,Closed,Open
702,23.401525423728813,188.89941239247992,Closed,Open
703,23.43486093003042,187.5299974819223,Closed,Open
704,23.46819643633203,191.58117800093908,Closed,Open
705,23.501531942633637,186.5718875074441,Closed,Open
706,23.534867448935245,185.4238360234468,Closed,Open
707,23.568202955236853,186.1724819686191,Closed,Open
708,23.60153846153846,193.5992567959817,Closed,Open
709,23.63487396784007,182.99559549585655,Closed,Open
710,23.668209474141676,188.8440000825216,Closed,Open
711,23.701544980443284,184.09812119622015,Closed,Open
712,23.734880486744892,183.86059607555828,Closed,Open
713,23.7682159930465,181.19800730541957,Closed,Open
714,23.801551499348108,187.46883848585617,Closed,Open
715,23.834887005649716,188.05938893369137,Closed,Open
716,23.868222511951323,184.8282868157956,Closed,Open
717,23.90155801825293,185.53227877421804,Closed,Open
718,23.93489352455454,189.639380321564,Closed,Open
719,23.968229030856147,187.79556396537515,Closed,Open
720,24.001564537157755,188.3801990003426,Closed,Open
721,24.034900043459366,186.41141531111825,Closed,Open
722,24.068235549760978,187.40190580042653,Closed,Open
723,24.101571056062586,194.84430612119712,Closed,Open
724,24.13490656236419,203.13481908944564,Closed,Open
725,24.1682420686658,203.74258710550825,Closed,Open
726,24.20157757496741,204.04972289821205,Closed,Open
727,24.234913081269013,192.79708226390815,Closed,Open
728,24.26824858757062,192.32085852358324,Closed,Open
729,24.30158409387223,196.22107446676983,Closed,Open
730,24.334919600173837,195.6858317348987,Closed,Open
731,24.368255106475445,187.8859029328379,Closed,Open
732,24.401590612777053,193.47836404571012,Closed,Open
733,24.43492611907866,184.51134699122508,Closed,Open
734,24.46826162538027,182.26211282159352,Closed,Open
735,24.501597131681876,188.6550332174963,Closed,Open
736,24.534932637983484,196.6220889951802,Closed,Open
737,24.568268144285092,204.16150765982613,Closed,Open
738,24.6016036505867,210.43219340836097,Open,Open
739,24.634939156888308,207.10264669888448,Closed,Open
740,24.668274663189916,195.63116112631224,Closed,Open
741,24.701610169491524,193.42750651158897,Closed,Open
742,24.73494567579313,184.84746006938624,Closed,Open
743,24.76828118209474,190.8963060950585,Closed,Open
744,24.801616688396347,194.5313214962954,Closed,Open
745,24.834952194697955,177.18841129585854,Closed,Open
746,24.868287700999563,197.38609631682016,Closed,Open
747,24.90162320730117,196.18918833208917,Closed,Open
748,24.934958713602786,196.4802510995252,Closed,Open
749,24.96829421990439,193.7444043803019,Closed,Open
750,25.001629726206,196.69299370419265,Closed,Open
751,25.03496523250761,192.327803909338,Closed,Open
752,25.068300738809217,190.6782182455249,Closed,Open
753,25.10163624511082,193.84126745218515,Closed,Open
754,25.13497175141243,187.6258391085674,Closed,Open
755,25.168307257714037,188.4977487377884,Closed,Open
756,25.201642764015645,191.4447788314989,Closed,Open
757,25.234978270317253,187.21428877017783,Closed,Open
758,25.26831377661886,191.25287705155228,Closed,Open
759,25.30164928292047,191.9570949635308,Closed,Open
760,25.334984789222077,193.41391219627263,Closed,Open
761,25.368320295523684,183.17721667804383,Closed,Open
762,25.401655801825292,184.24707291931935,Closed,Open
763,25.4349913081269,179.11090499997482,Closed,Open
764,25.468326814428508,177.08482530696662,Closed,Open
765,25.501662320730116,173.31621160444092,Closed,Open
766,25.534997827031724,180.94631058739415,Closed,Open
767,25.56833333333333,178.97011542559432,Closed,Open
768,25.60166883963494,181.45783210283656,Closed,Open
769,25.635004345936547,189.55003153629667,Closed,Open
770,25.668339852238155,191.57360648826307,Closed,Open
771,25.701675358539763,197.86604606298363,Closed,Open
772,25.73501086484137,201.1480259024594,Closed,Open
773,25.76834637114298,201.02096248376392,Closed,Open
774,25.801681877444587,196.91360645586,Closed,Open
775,25.8350173837462,194.68466317446956,Closed,Open
776,25.86835289004781,189.74950065758276,Closed,Open
777,25.901688396349417,190.52667241309337,Closed,Open
778,25.93502390265102,188.19502777927335,Closed,Open
779,25.96835940895263,187.4302879871343,Closed,Open
780,26.001694915254237,188.83987821870704,Closed,Open
781,26.035030421555845,188.24601237273447,Closed,Open
782,26.068365927857453,195.9124753800976,Closed,Open
783,26.10170143415906,194.18930557928152,Closed,Open
784,26.13503694046067,186.78086226473417,Closed,Open
785,26.168372446762277,179.5386657732485,Closed,Open
786,26.201707953063885,172.36368559267092,Closed,Open
787,26.235043459365492,175.42208339712272,Closed,Open
788,26.2683789656671,179.54277952569146,Closed,Open
789,26.301714471968708,188.8452630484308,Closed,Open
790,26.335049978270316,192.3790435209046,Closed,Open
791,26.368385484571924,192.15123008014805,Closed,Open
792,26.40172099087353,195.85717269620145,Closed,Open
793,26.43505649717514,194.74551430606144,Closed,Open
794,26.468392003476747,193.5076455532827,Closed,Open
795,26.501727509778355,187.44135884947724,Closed,Open
796,26.535063016079963,189.01800271808253,Closed,Open
797,26.56839852238157,181.65176128669827,Closed,Open
798,26.60173402868318,186.2154988230944,Closed,Open
799,26.635069534984787,185.77150306313152,Closed,Open
800,26.668405041286395,182.9042159270539,Closed,Open
801,26.701740547588003,169.73377872730418,Closed,Open
802,26.735076053889617,162.3296689930245,Closed,Open
803,26.768411560191225,173.61759611253478,Closed,Open
804,26.80174706649283,172.09383782571217,Closed,Open
805,26.83508257279444,173.73007057647317,Closed,Open
806,26.868418079096045,154.2734943550764,Closed,Closed
807,26.901753585397653,190.76574934025888,Closed,Open
808,26.93508909169926,200.43678645922975,Closed,Open
809,26.96842459800087,196.26768375863907,Closed,Open
810,27.001760104302477,190.9975059169223,Closed,Open
811,27.035095610604085,191.7971619917106,Closed,Open
812,27.068431116905693,195.9483001561935,Closed,Open
813,27.1017666232073,195.12641975838503,Closed,Open
814,27.13510212950891,192.61973525053304,Closed,Open
815,27.168437635810516,190.538543443462,Closed,Open
816,27.201773142112124,193.5614628512132,Closed,Open
817,27.235108648413732,188.4532148513096,Closed,Open
818,27.26844415471534,188.13227900101907,Closed,Open
819,27.301779661016948,183.3408912349115,Closed,Open
820,27.335115167318556,173.32582312447028,Closed,Open
821,27.368450673620163,173.86148230653723,Closed,Open
822,27.40178617992177,178.76863013198488,Closed,Open
823,27.43512168622338,170.99292048870063,Closed,Open
824,27.468457192524987,188.55188136729527,Closed,Open
825,27.501792698826595,195.9352492248986,Closed,Open
826,27.535128205128203,197.8133172113368,Closed,Open
827,27.56846371142981,201.0559773117103,Closed,Open
828,27.60179921773142,196.6603821665959,Closed,Open
829,27.635134724033023,192.3416759028937,Closed,Open
830,27.66847023033464,194.11990206040787,Closed,Open
831,27.70180573663625,194.11429748702136,Closed,Open
832,27.735141242937853,196.1887962261,Closed,Open
833,27.76847674923946,186.44468425972667,Closed,Open
834,27.80181225554107,187.3781800826248,Closed,Open
835,27.835147761842677,186.1217155381516,Closed,Open
836,27.868483268144285,187.18893771736063,Closed,Open
837,27.901818774445893,186.6421468495643,Closed,Open
838,27.9351542807475,181.06719285437137,Closed,Open
839,27.96848978704911,172.77322047920944,Closed,Open
840,28.001825293350716,176.09666340055298,Closed,Open
841,28.035160799652324,170.98984939504646,Closed,Open
842,28.068496305953932,181.6246874940615,Closed,Open
843,28.10183181225554,192.16184413073032,Closed,Open
844,28.135167318557148,196.87259020984413,Closed,Open
845,28.168502824858756,195.86066268361435,Closed,Open
846,28.201838331160364,195.5226148276699,Closed,Open
847,28.23517383746197,194.47380154230083,Closed,Open
848,28.26850934376358,191.78304506680257,Closed,Open
849,28.301844850065187,192.04973449025215,Closed,Open
850,28.335180356366795,190.5882006325508,Closed,Open
851,28.368515862668403,188.268125872746,Closed,Open
852,28.40185136897001,187.84551868585405,Closed,Open
853,28.43518687527162,187.70015402136556,Closed,Open
854,28.468522381573223,185.64836510144684,Closed,Open
855,28.50185788787483,187.17045421839367,Closed,Open
856,28.53519339417644,189.28112725999375,Closed,Open
857,28.568528900478057,189.66974370987555,Closed,Open
858,28.60186440677966,188.3599729072443,Closed,Open
859,28.63519991308127,186.4215912858807,Closed,Open
860,28.668535419382877,187.52972970523695,Closed,Open
861,28.701870925684485,187.8053664952129,Closed,Open
862,28.735206431986093,186.5422437950521,Closed,Open
863,28.7685419382877,182.92307504015676,Closed,Open
864,28.80187744458931,184.82808582959495,Closed,Open
865,28.835212950890917,184.04721712794685,Closed,Open
866,28.868548457192524,186.65600770498872,Closed,Open
867,28.901883963494132,185.43997209329697,Closed,Open
868,28.93521946979574,156.41457390218525,Closed,Closed
869,28.968554976097348,178.23454330997868,Closed,Open
870,29.001890482398956,179.2382709845049,Closed,Open
871,29.035225988700564,171.24777045797535,Closed,Open
872,29.06856149500217,169.14864083263797,Closed,Open
873,29.10189700130378,182.4545931892026,Closed,Open
874,29.135232507605387,195.6641301928076,Closed,Open
875,29.168568013906995,193.34201361427932,Closed,Open
876,29.201903520208603,191.82026754676676,Closed,Open
877,29.23523902651021,194.6364564995744,Closed,Open
878,29.26857453281182,191.93557185116464,Closed,Open
879,29.301910039113427,193.12013318686235,Closed,Open
880,29.33524554541503,190.20184696828463,Closed,Open
881,29.36858105171664,189.95860809394273,Closed,Open
882,29.40191655801825,188.2044730099167,Closed,Open
883,29.435252064319855,190.3754891449977,Closed,Open
884,29.46858757062147,183.79782865227332,Closed,Open
885,29.501923076923077,185.1227157285553,Closed,Open
886,29.535258583224685,187.38993349603464,Closed,Open
887,29.568594089526293,185.3142782791283,Closed,Open
888,29.6019295958279,180.77344236150492,Closed,Open
889,29.63526510212951,179.07596480104496,Closed,Open
890,29.668600608431117,179.68018037834565,Closed,Open
891,29.701936114732725,185.2737084037019,Closed,Open
892,29.735271621034332,188.64541753329104,Closed,Open
893,29.76860712733594,191.59456259578113,Closed,Open
894,29.801942633637548,194.1183454792514,Closed,Open
895,29.835278139939156,195.97698977811865,Closed,Open
896,29.868613646240764,198.3151062053567,Closed,Open
897,29.90194915254237,194.1281209488332,Closed,Open
898,29.93528465884398,194.32738270014943,Closed,Open
899,29.968620165145587,191.55231699185163,Closed,Open
900,30.001955671447195,191.86085517160453,Closed,Open
901,30.035291177748803,192.38814376889127,Closed,Open
902,30.06862668405041,189.9411314839221,Closed,Open
903,30.10196219035202,186.7321880746544,Closed,Open
904,30.135297696653627,186.3535633911903,Closed,Open
905,30.168633202955235,178.03911397449127,Closed,Open
906,30.201968709256843,185.9313450430903,Closed,Open
907,30.23530421555845,177.95475956839206,Closed,Open
908,30.26863972186006,162.9275825480678,Closed,Open
909,30.301975228161663,169.50981731726503,Closed,Open
910,30.33531073446327,173.38377711611082,Closed,Open
911,30.368646240764885,180.0150683115483,Closed,Open
912,30.401981747066493,182.44772872504188,Closed,Open
913,30.4353172533681,182.23584089519335,Closed,Open
914,30.46865275966971,194.4468387492667,Closed,Open
915,30.501988265971317,190.39684163155152,Closed,Open
916,30.535323772272925,188.5168696110125,Closed,Open
917,30.568659278574533,190.2260810716597,Closed,Open
918,30.60199478487614,187.398908631959,Closed,Open
919,30.63533029117775,188.19038331848347,Closed,Open
920,30.668665797479356,182.7261773132016,Closed,Open
921,30.702001303780964,184.61155648818144,Closed,Open
922,30.735336810082572,181.50260936261577,Closed,Open
923,30.76867231638418,186.45869977501977,Closed,Open
924,30.802007822685788,174.19084508898203,Closed,Open
925,30.835343328987395,180.15463495117297,Closed,Open
926,30.868678835289003,163.1465337385701,Closed,Open
927,30.90201434159061,166.1487667128485,Closed,Open
928,30.93534984789222,150.3715367484743,Closed,Closed
929,30.968685354193827,153.70730045261962,Closed,Closed
930,31.002020860495435,167.8596209700512,Closed,Open
931,31.035356366797043,188.63196237193648,Closed,Open
932,31.06869187309865,195.11599116055908,Closed,Open
933,31.10202737940026,194.6198667678038,Closed,Open
934,31.135362885701863,192.91368417348335,Closed,Open
935,31.16869839200347,196.23467386230308,Closed,Open
936,31.20203389830508,188.62996162002975,Closed,Open
937,31.23536940460669,189.46233959431424,Closed,Open
938,31.2687049109083,192.93005100451825,Closed,Open
939,31.30204041720991,194.84361940469472,Closed,Open
940,31.335375923511517,182.75465519502708,Closed,Open
941,31.368711429813125,186.34129617430872,Closed,Open
942,31.402046936114733,183.31763480240244,Closed,Open
943,31.43538244241634,185.79746676329708,Closed,Open
944,31.46871794871795,182.67268379216424,Closed,Open
945,31.502053455019556,186.6573497980733,Closed,Open
946,31.535388961321164,189.38099082634025,Closed,Open
947,31.568724467622772,183.1143454397668,Closed,Open
948,31.60205997392438,179.62855300277332,Closed,Open
949,31.635395480225988,176.11659638771658,Closed,Open
950,31.668730986527596,189.46225248084323,Closed,Open
951,31.702066492829204,184.33681179135084,Closed,Open
952,31.73540199913081,196.45920528586612,Closed,Open
953,31.76873750543242,191.29759488730127,Closed,Open
954,31.802073011734027,196.30808816397263,Closed,Open
955,31.835408518035635,196.4546320830483,Closed,Open
956,31.868744024337243,192.21649228466157,Closed,Open
957,31.90207953063885,188.61179143257544,Closed,Open
958,31.93541503694046,184.90087118003177,Closed,Open
959,31.968750543242063,183.79896206413116,Closed,Open
960,32.00208604954368,181.4089366363057,Closed,Open
961,32.03542155584528,179.1412127688297,Closed,Open
962,32.068757062146894,184.51214096534312,Closed,Open
963,32.1020925684485,182.4248325128354,Closed,Open
964,32.13542807475011,185.7941383295044,Closed,Open
965,32.168763581051714,183.89649862236712,Closed,Open
966,32.202099087353325,179.3422828194919,Closed,Open
967,32.23543459365493,183.4843517704686,Closed,Open
968,32.26877009995654,181.79586309751895,Closed,Open
969,32.302105606258145,194.52400998637603,Closed,Open
970,32.33544111255976,195.44882354152156,Closed,Open
971,32.36877661886136,196.2226992989774,Closed,Open
972,32.40211212516297,192.90582490961452,Closed,Open
973,32.43544763146458,192.44120181358065,Closed,Open
974,32.46878313776619,191.44711037556905,Closed,Open
975,32.50211864406779,191.47531411931973,Closed,Open
976,32.535454150369404,188.97221249253988,Closed,Open
977,32.56878965667101,188.45159533825088,Closed,Open
978,32.60212516297262,185.8260426307782,Closed,Open
979,32.63546066927423,191.4422212091013,Closed,Open
980,32.668796175575835,187.84940342529512,Closed,Open
981,32.70213168187745,169.42466493477593,Closed,Open
982,32.73546718817905,163.5010562666277,Closed,Open
983,32.76880269448066,188.40883521553047,Closed,Open
984,32.80213820078227,179.11955996125982,Closed,Open
985,32.83547370708388,172.60068452708242,Closed,Open
986,32.86880921338548,172.64810968554417,Closed,Open
987,32.902144719687094,167.20491344221065,Closed,Open
988,32.9354802259887,170.32816398466605,Closed,Open
989,32.96881573229031,178.3718782374492,Closed,Open
990,33.002151238591914,168.2919282519674,Closed,Open
991,33.035486744893525,162.9487374940398,Closed,Open
992,33.06882225119513,170.7915642982661,Closed,Open
993,33.10215775749674,179.05403857936182,Closed,Open
994,33.135493263798345,192.891148919584,Closed,Open
995,33.16882877009996,193.49223391759855,Closed,Open
996,33.20216427640156,194.83525226459625,Closed,Open
997,33.23549978270317,193.21452852096604,Closed,Open
998,33.26883528900478,195.48466704707144,Closed,Open
999,33.30217079530639,194.6621597085821,Closed,Open
1000,33.33550630160799,191.91180911721787,Closed,Open
1001,33.368841807909604,193.4925157158395,Closed,Open
1002,33.40217731421121,195.06430215744237,Closed,Open
1003,33.43551282051282,193.56393127172072,Closed,Open
1004,33.468848326814424,190.294227581622,Closed,Open
1005,33.502183833116035,190.33837025295853,Closed,Open
1006,33.53551933941765,190.5022605136768,Closed,Open
1007,33.56885484571925,192.6738033445535,Closed,Open
1008,33.60219035202086,193.22358409323783,Closed,Open
1009,33.63552585832247,178.0708913171011,Closed,Open
1010,33.66886136462408,177.09460804693765,Closed,Open
1011,33.70219687092568,178.24650186775813,Closed,Open
1012,33.735532377227294,166.33076955661102,Closed,Open
1013,33.7688678835289,197.87707168264092,Closed,Open
1014,33.80220338983051,184.22103298070112,Closed,Open
1015,33.835538896132114,192.07086294487743,Closed,Open
1016,33.868874402433725,196.94963524626633,Closed,Open
1017,33.90220990873533,194.9968382669253,Closed,Open
1018,33.93554541503694,191.628652808752,Closed,Open
1019,33.968880921338545,194.14943969752895,Closed,Open
1020,34.00221642764016,194.37901928547757,Closed,Open
1021,34.03555193394176,191.05052042978144,Closed,Open
1022,34.06888744024337,191.141640440772,Closed,Open
1023,34.10222294654498,185.86368671493025,Closed,Open
1024,34.13555845284659,188.2703257159168,Closed,Open
1025,34.16889395914819,190.4228139772702,Closed,Open
1026,34.202229465449804,192.34525332530927,Closed,Open
1027,34.23556497175141,196.38202524735377,Closed,Open
1028,34.26890047805302,193.75708347608332,Closed,Open
1029,34.302235984354624,188.03148721568243,Closed,Open
1030,34.335571490656235,179.34632984053275,Closed,Open
1031,34.36890699695784,179.1138706997021,Closed,Open
1032,34.40224250325945,170.65025072593642,Closed,Open
1033,34.43557800956106,165.71096458457566,Closed,Open
1034,34.46891351586267,168.00121887990036,Closed,Open
1035,34.50224902216428,175.27659748845244,Closed,Open
1036,34.53558452846588,184.87717224183305,Closed,Open
1037,34.568920034767494,193.7321703842883,Closed,Open
1038,34.6022555410691,195.96555311154708,Closed,Open
1039,34.63559104737071,192.67694982843057,Closed,Open
1040,34.668926553672314,193.60766444187863,Closed,Open
1041,34.702262059973926,192.20036930647473,Closed,Open
1042,34.73559756627553,195.04178664328833,Closed,Open
1043,34.76893307257714,196.05287379021536,Closed,Open
1044,34.802268578878746,192.7005306986835,Closed,Open
1045,34.83560408518036,195.3096385108538,Closed,Open
1046,34.86893959148196,193.33050726052352,Closed,Open
1047,34.90227509778357,196.735957826463,Closed,Open
1048,34.93561060408518,188.9497176266695,Closed,Open
1049,34.96894611038679,186.96924582019273,Closed,Open
1050,35.00228161668839,194.09808559479563,Closed,Open
1051,35.035617122990004,197.87673908783196,Closed,Open
1052,35.06895262929161,189.95367784014093,Closed,Open
1053,35.10228813559322,196.26300475197007,Closed,Open
1054,35.135623641894824,182.40335089186885,Closed,Open
1055,35.168959148196436,186.16799751737128,Closed,Open
1056,35.20229465449804,193.8267082990859,Closed,Open
1057,35.23563016079965,197.22795967128835,Closed,Open
1058,35.268965667101256,195.93592339487125,Closed,Open
1059,35.30230117340287,193.1704907604358,Closed,Open
1060,35.33563667970447,190.1692052838082,Closed,Open
1061,35.36897218600608,187.96781684423817,Closed,Open
1062,35.402307692307694,189.06603011688372,Closed,Open
1063,35.4356431986093,192.7712691827166,Closed,Open
1064,35.46897870491091,194.4278311937166,Closed,Open
1065,35.502314211212514,197.04637005870427,Closed,Open
1066,35.535649717514126,185.38806628736685,Closed,Open
1067,35.56898522381573,177.75478974752957,Closed,Open
1068,35.60232073011734,172.684926463742,Closed,Open
1069,35.635656236418946,167.41017235945893,Closed,Open
1070,35.66899174272056,169.5445571479056,Closed,Open
1071,35.70232724902216,178.7122452071918,Closed,Open
1072,35.73566275532377,184.0531791965534,Closed,Open
1073,35.76899826162538,195.9444791569186,Closed,Open
1074,35.80233376792699,196.4005451465139,Closed,Open
1075,35.83566927422859,196.598105624012,Closed,Open
1076,35.869004780530204,193.9973503281647,Closed,Open
1077,35.90234028683181,194.02776301837412,Closed,Open
1078,35.93567579313342,193.7783542183733,Closed,Open
1079,35.969011299435024,193.67607988632363,Closed,Open
1080,36.002346805736636,189.666409113239,Closed,Open
1081,36.03568231203824,195.67874134624344,Closed,Open
1082,36.06901781833985,195.53344584219667,Closed,Open
1083,36.102353324641456,195.57661382260463,Closed,Open
1084,36.13568883094307,194.00361427081685,Closed,Open
1085,36.16902433724467,199.0284205918216,Closed,Open
1086,36.20235984354628,194.23706060653876,Closed,Open
1087,36.23569534984789,194.04648019643707,Closed,Open
1088,36.2690308561495,191.91401116939855,Closed,Open
1089,36.30236636245111,181.4576094446469,Closed,Open
1090,36.335701868752714,176.3618135986949,Closed,Open
1091,36.369037375054326,171.39738330107133,Closed,Open
1092,36.40237288135593,178.18844599609497,Closed,Open
1093,36.43570838765754,177.8626324284136,Closed,Open
1094,36.469043893959146,188.3674215638777,Closed,Open
1095,36.50237940026076,200.39213575475105,Closed,Open
1096,36.53571490656236,195.5690064783166,Closed,Open
1097,36.56905041286397,189.47063630411756,Closed,Open
1098,36.60238591916558,190.87270221063147,Closed,Open
1099,36.63572142546719,190.94200593492255,Closed,Open
1100,36.66905693176879,189.13851355355888,Closed,Open
1101,36.702392438070405,187.04141908147733,Closed,Open
1102,36.73572794437201,185.08197169822543,Closed,Open
1103,36.76906345067362,183.91874000195156,Closed,Open
1104,36.802398956975225,182.68277110485388,Closed,Open
1105,36.83573446327683,186.20003810448395,Closed,Open
1106,36.86906996957844,191.7278953054471,Closed,Open
1107,36.90240547588005,192.67617793680455,Closed,Open
1108,36.935740982181656,193.30472815231693,Closed,Open
1109,36.96907648848327,190.10286836729023,Closed,Open
1110,37.00241199478487,187.5656479598159,Closed,Open
1111,37.03574750108648,183.74994964449937,Closed,Open
1112,37.06908300738809,176.76055797563566,Closed,Open
1113,37.1024185136897,170.54997611663146,Closed,Open
1114,37.1357540199913,174.24596624586223,Closed,Open
1115,37.169089526292915,180.94708980673283,Closed,Open
1116,37.202425032594526,187.70996371930693,Closed,Open
1117,37.23576053889613,196.1594187768387,Closed,Open
1118,37.26909604519774,194.9348404337268,Closed,Open
1119,37.302431551499346,197.745040427768,Closed,Open
1120,37.33576705780096,194.31136839320956,Closed,Open
1121,37.36910256410256,194.26335874011895,Closed,Open
1122,37.40243807040417,198.0335734612784,Closed,Open
1123,37.43577357670578,192.91368417348335,Closed,Open
1124,37.46910908300739,192.5609062439502,Closed,Open
1125,37.50244458930899,200.0735411892984,Closed,Open
1126,37.535780095610605,195.5373061554316,Closed,Open
1127,37.56911560191221,191.6307679842188,Closed,Open
1128,37.60245110821382,192.4447832282901,Closed,Open
1129,37.635786614515425,194.1859682339392,Closed,Open
1130,37.66912212081704,195.31112721614343,Closed,Open
1131,37.70245762711864,195.7802101928715,Closed,Open
1132,37.73579313342025,195.41450289611117,Closed,Open
1133,37.769128639721856,194.14060704986565,Closed,Open
1134,37.80246414602347,188.75782346091268,Closed,Open
1135,37.83579965232507,177.88132974853943,Closed,Open
1136,37.86913515862668,183.7679398381016,Closed,Open
1137,37.90247066492829,180.33796409722396,Closed,Open
1138,37.9358061712299,188.6127965177094,Closed,Open
1139,37.9691416775315,190.57898930175375,Closed,Open
1140,38.002477183833115,188.0072506687065,Closed,Open
1141,38.03581269013472,201.73286224668848,Closed,Open
1142,38.06914819643633,200.54226727124535,Closed,Open
1143,38.10248370273794,200.5078564344481,Closed,Open
1144,38.135819209039546,192.8063514839057,Closed,Open
1145,38.16915471534116,193.14266392689143,Closed,Open
1146,38.20249022164276,193.82200315438783,Closed,Open
1147,38.23582572794437,191.1773872449863,Closed,Open
1148,38.26916123424598,189.7885806409811,Closed,Open
1149,38.30249674054759,196.3686941984232,Closed,Open
1150,38.33583224684919,187.75045674147168,Closed,Open
1151,38.369167753150805,189.1935518281946,Closed,Open
1152,38.40250325945241,189.4536847289487,Closed,Open
1153,38.43583876575402,193.8683230083763,Closed,Open
1154,38.469174272055625,191.28500915044276,Closed,Open
1155,38.50250977835723,192.75885785584455,Closed,Open
1156,38.53584528465884,193.38329293400025,Closed,Open
1157,38.56918079096045,195.46524938603744,Closed,Open
1158,38.602516297262056,181.88408431587607,Closed,Open
1159,38.63585180356367,177.08075422220674,Closed,Open
1160,38.66918730986527,175.66581707760724,Closed,Open
1161,38.70252281616688,176.86756507423854,Closed,Open
1162,38.73585832246849,181.23717582333435,Closed,Open
1163,38.7691938287701,182.74462816151097,Closed,Open
1164,38.8025293350717,179.81883730076345,Closed,Open
1165,38.835864841373315,196.23787550427355,Closed,Open
1166,38.86920034767492,203.30154471087815,Closed,Open
1167,38.90253585397653,202.180375124654,Closed,Open
1168,38.935871360278135,195.67241249348103,Closed,Open
1169,38.969206866579746,196.52197315566167,Closed,Open
1170,39.00254237288136,200.3181798037712,Closed,Open
1171,39.03587787918296,197.9803757136533,Closed,Open
1172,39.069213385484574,195.22591124989404,Closed,Open
1173,39.10254889178618,195.8259292982421,Closed,Open
1174,39.13588439808779,190.75419549237355,Closed,Open
1175,39.169219904389394,193.33390527292227,Closed,Open
1176,39.202555410691005,189.83023734498573,Closed,Open
1177,39.23589091699261,189.83902198252073,Closed,Open
1178,39.26922642329422,191.47022268823537,Closed,Open
1179,39.302561929595825,194.14686099241885,Closed,Open
1180,39.33589743589744,197.4385058635122,Closed,Open
1181,39.36923294219904,180.808323385396,Closed,Open
1182,39.40256844850065,180.93831327425568,Closed,Open
1183,39.43590395480226,187.03435933965832,Closed,Open
1184,39.46923946110387,182.2850216400326,Closed,Open
1185,39.50257496740547,177.0072444888067,Closed,Open
1186,39.53591047370709,180.9017867628922,Closed,Open
1187,39.56924598000869,179.52297314863864,Closed,Open
1188,39.6025814863103,183.58586897513095,Closed,Open
1189,39.635916992611904,194.19423400075885,Closed,Open
1190,39.669252498913515,202.74157122563736,Closed,Open
1191,39.70258800521512,201.1499038599897,Closed,Open
1192,39.73592351151673,194.93331774548156,Closed,Open
1193,39.769259017818335,194.35348604389856,Closed,Open
1194,39.80259452411995,196.12042022675593,Closed,Open
1195,39.83593003042155,198.4205983890544,Closed,Open
1196,39.86926553672316,195.0825223502899,Closed,Open
1197,39.902601043024774,194.2568195013329,Closed,Open
1198,39.93593654932638,193.8604355629141,Closed,Open
1199,39.96927205562799,191.05073896575456,Closed,Open
1200,40.002607561929594,196.19074293217972,Closed,Open
1201,40.035943068231205,192.3634988674898,Closed,Open
1202,40.06927857453281,188.71070626494748,Closed,Open
1203,40.10261408083442,195.4776493219901,Closed,Open
1204,40.135949587136025,194.30286460580132,Closed,Open
1205,40.16928509343764,201.66076419233656,Closed,Open
1206,40.20262059973924,207.5464329446808,Closed,Open
1207,40.23595610604085,194.8510495045258,Closed,Open
1208,40.26929161234246,208.9110883006547,Closed,Open
1209,40.30262711864407,195.3488173922536,Closed,Open
1210,40.33596262494567,199.90247170054477,Closed,Open
1211,40.36929813124728,197.26848570833135,Closed,Open
1212,40.40263363754889,198.16721581002733,Closed,Open
1213,40.4359691438505,197.4643465604064,Closed,Open
1214,40.469304650152104,195.1793992042618,Closed,Open
1215,40.502640156453715,196.89103217282255,Closed,Open
1216,40.53597566275532,197.1939288751273,Closed,Open
1217,40.56931116905693,201.45745596167768,Closed,Open
1218,40.602646675358535,200.59672181373372,Closed,Open
1219,40.63598218166015,196.20134601388213,Closed,Open
1220,40.66931768796175,192.07094309185885,Closed,Open
1221,40.70265319426336,195.5664083990565,Closed,Open
1222,40.73598870056497,195.93102419040116,Closed,Open
1223,40.76932420686658,194.38858299322203,Closed,Open
1224,40.80265971316819,189.814863048767,Closed,Open
1225,40.835995219469794,189.0918021607095,Closed,Open
1226,40.869330725771405,190.75951531120043,Closed,Open
1227,40.90266623207301,192.63352508770885,Closed,Open
1228,40.93600173837462,193.2997725288456,Closed,Open
1229,40.969337244676225,192.93258264794312,Closed,Open
1230,41.00267275097784,198.0974315474183,Closed,Open
1231,41.03600825727944,199.35585236894576,Closed,Open
1232,41.06934376358105,207.02876032914915,Closed,Open
1233,41.10267926988266,196.10273829869027,Closed,Open
1234,41.13601477618427,196.2888190070004,Closed,Open
1235,41.16935028248587,195.75911337609304,Closed,Open
1236,41.20268578878749,197.0311955333754,Closed,Open
1237,41.23602129508909,193.08504332608436,Closed,Open
1238,41.2693568013907,191.84690229520749,Closed,Open
1239,41.302692307692304,188.27796944401712,Closed,Open
1240,41.336027813993915,188.01554944355945,Closed,Open
1241,41.36936332029552,187.53491158772232,Closed,Open
1242,41.40269882659713,188.24706970251304,Closed,Open
1243,41.436034332898735,187.43664874877553,Closed,Open
1244,41.46936983920035,187.81619169750303,Closed,Open
1245,41.50270534550195,186.87434461242788,Closed,Open
1246,41.53604085180356,187.5145894574061,Closed,Open
1247,41.56937635810517,194.1932193614499,Closed,Open
1248,41.60271186440678,184.98014158703785,Closed,Open
1249,41.63604737070838,186.71456511183996,Closed,Open
1250,41.669382877009994,189.2757844962156,Closed,Open
1251,41.702718383311606,201.6080640241786,Closed,Open
1252,41.73605388961321,189.92982306733305,Closed,Open
1253,41.76938939591482,192.2445607256194,Closed,Open
1254,41.802724902216426,191.73269344499943,Closed,Open
1255,41.83606040851804,183.04284409542484,Closed,Open
1256,41.86939591481964,194.27013516388664,Closed,Open
1257,41.90273142112125,199.92703901758637,Closed,Open
1258,41.93606692742286,198.36257339596537,Closed,Open
1259,41.96940243372447,198.082756492262,Closed,Open
1260,42.00273794002607,194.5608060431004,Closed,Open
1261,42.03607344632768,189.55963042860083,Closed,Open
1262,42.06940895262929,185.37252232693737,Closed,Open
1263,42.1027444589309,184.5000790168232,Closed,Open
1264,42.136079965232504,190.10323483957507,Closed,Open
1265,42.16941547153411,189.05930239267832,Closed,Open
1266,42.20275097783572,187.55018510072787,Closed,Open
1267,42.23608648413733,188.75028968620575,Closed,Open
1268,42.269421990438936,192.1637302753777,Closed,Open
1269,42.30275749674055,193.5361731875196,Closed,Open
1270,42.33609300304215,192.16506986951708,Closed,Open
1271,42.36942850934376,194.9268210772764,Closed,Open
1272,42.40276401564537,194.71398983236065,Closed,Open
1273,42.43609952194698,195.04076064098467,Closed,Open
1274,42.46943502824858,191.5839579284991,Closed,Open
1275,42.502770534550194,192.6007568194316,Closed,Open
1276,42.5361060408518,195.2551410365146,Closed,Open
1277,42.56944154715341,195.3301453740199,Closed,Open
1278,42.60277705345502,195.08533112455623,Closed,Open
1279,42.636112559756626,196.90868778533348,Closed,Open
1280,42.66944806605824,199.0511852894821,Closed,Open
1281,42.70278357235984,197.58672093283292,Closed,Open
1282,42.73611907866145,194.61496216463587,Closed,Open
1283,42.76945458496306,195.977860259913,Closed,Open
1284,42.80279009126467,204.48271682030628,Closed,Open
1285,42.83612559756627,202.5734985055418,Closed,Open
1286,42.86946110386789,200.476423092047,Closed,Open
1287,42.90279661016949,203.80887587948513,Closed,Open
1288,42.9361321164711,201.95120505491633,Closed,Open
1289,42.969467622772704,202.3245585451945,Closed,Open
1290,43.00280312907432,204.304522527198,Closed,Open
1291,43.03613863537592,210.35400313092023,Open,Open
1292,43.06947414167753,194.42873907249765,Closed,Open
1293,43.102809647979136,202.36265769157683,Closed,Open
1294,43.13614515428075,196.85771184495124,Closed,Open
1295,43.16948066058235,198.31660514933927,Closed,Open
1296,43.20281616688396,193.6826410702436,Closed,Open
1297,43.23615167318557,205.81864336052183,Closed,Open
1298,43.26948717948718,204.57537454123843,Closed,Open
1299,43.30282268578878,198.1719328007179,Closed,Open
1300,43.336158192090394,207.4175915822179,Closed,Open
1301,43.369493698392,195.01771880487948,Closed,Open
1302,43.40282920469361,195.9402949178396,Closed,Open
1303,43.436164710995214,195.7496433699819,Closed,Open
1304,43.469500217296826,197.8089533561598,Closed,Open
1305,43.50283572359844,201.2633667272323,Closed,Open
1306,43.53617122990004,197.82704767944824,Closed,Open
1307,43.56950673620165,201.45716702103087,Closed,Open
1308,43.60284224250326,192.4864997918475,Closed,Open
1309,43.63617774880487,192.67603746259775,Closed,Open
1310,43.66951325510647,202.36666303599435,Closed,Open
1311,43.70284876140808,194.31382185085084,Closed,Open
1312,43.73618426770969,195.84374048928612,Closed,Open
1313,43.7695197740113,198.44970753735856,Closed,Open
1314,43.802855280312905,192.7481873273795,Closed,Open
1315,43.83619078661451,191.96963713059324,Closed,Open
1316,43.86952629291612,194.61079664450148,Closed,Open
1317,43.90286179921773,193.65001112459964,Closed,Open
1318,43.936197305519336,190.5306620611621,Closed,Open
1319,43.96953281182095,190.66780460667744,Closed,Open
1320,44.00286831812255,191.47638291571943,Closed,Open
1321,44.03620382442416,188.58607912943768,Closed,Open
1322,44.06953933072577,188.49738943840464,Closed,Open
1323,44.10287483702738,197.71765242853775,Closed,Open
1324,44.13621034332898,198.47661600482428,Closed,Open
1325,44.169545849630595,194.53700018532183,Closed,Open
1326,44.2028813559322,184.90101491048424,Closed,Open
1327,44.23621686223381,193.05087861816315,Closed,Open
1328,44.269552368535415,195.8831771482063,Closed,Open
1329,44.302887874837026,186.03445213280625,Closed,Open
1330,44.33622338113863,183.7054422449203,Closed,Open
1331,44.36955888744024,180.94173692649812,Closed,Open
1332,44.402894393741846,180.39277533929572,Closed,Open
1333,44.43622990004346,176.24548419028764,Closed,Open
1334,44.46956540634507,172.8026134526873,Closed,Open
1335,44.50290091264667,188.6594916100588,Closed,Open
1336,44.536236418948285,185.49757418572156,Closed,Open
1337,44.56957192524989,193.04475051111265,Closed,Open
1338,44.6029074315515,170.5837158320508,Closed,Open
1339,44.636242937853105,173.18422068486976,Closed,Open
1340,44.66957844415472,160.59677064364482,Closed,Closed
1341,44.70291395045632,179.8252606535754,Closed,Open
1342,44.73624945675793,181.02165254937916,Closed,Open
1343,44.769584963059536,181.78431668851343,Closed,Open
1344,44.80292046936115,182.98775882666777,Closed,Open
1345,44.83625597566275,179.644000878908,Closed,Open
1346,44.86959148196436,184.19199145200292,Closed,Open
1347,44.90292698826597,172.74399532098994,Closed,Open
1348,44.93626249456758,180.7812032485905,Closed,Open
1349,44.96959800086918,188.83380860247365,Closed,Open
1350,45.002933507170795,168.27887631601703,Closed,Open
1351,45.0362690134724,178.89185171088218,Closed,Open
1352,45.06960451977401,186.15092006085473,Closed,Open
1353,45.102940026075615,188.3874184259901,Closed,Open
1354,45.136275532377226,183.19871075643337,Closed,Open
1355,45.16961103867883,180.59466489316284,Closed,Open
1356,45.20294654498044,184.27254883275057,Closed,Open
1357,45.236282051282046,189.41234306741003,Closed,Open
1358,45.26961755758366,198.41887814295504,Closed,Open
1359,45.30295306388526,205.39204866200024,Closed,Open
1360,45.33628857018687,196.3925771709771,Closed,Open
1361,45.369624076488485,190.186461849625,Closed,Open
1362,45.40295958279009,190.48754936257544,Closed,Open
1363,45.4362950890917,197.02527707634783,Closed,Open
1364,45.469630595393305,194.19459138040804,Closed,Open
1365,45.50296610169491,190.42741569291408,Closed,Open
1366,45.53630160799652,211.6072729484707,Open,Open
1367,45.56963711429813,200.00828053919585,Closed,Open
1368,45.602972620599736,194.73171586163687,Closed,Open
1369,45.63630812690135,190.74204121018457,Closed,Open
1370,45.66964363320295,193.3907116553753,Closed,Open
1371,45.70297913950456,190.7151042522213,Closed,Open
1372,45.73631464580617,190.17888585496996,Closed,Open
1373,45.76965015210778,197.8927582857756,Closed,Open
1374,45.80298565840938,194.82239912983124,Closed,Open
1375,45.836321164710995,190.94120386704435,Closed,Open
1376,45.8696566710126,189.0154502393238,Closed,Open
1377,45.90299217731421,182.96663429951224,Closed,Open
1378,45.936327683615815,183.484126589056,Closed,Open
1379,45.969663189917426,179.8958911060011,Closed,Open
1380,46.00299869621903,187.01582116598084,Closed,Open
1381,46.03633420252064,185.5046154107165,Closed,Open
1382,46.069669708822246,194.5931361314113,Closed,Open
1383,46.10300521512386,191.53435072906672,Closed,Open
1384,46.13634072142546,194.7652098019461,Closed,Open
1385,46.169676227727074,195.1351114710695,Closed,Open
1386,46.20301173402868,198.28480173004655,Closed,Open
1387,46.23634724033029,186.74180129602664,Closed,Open
1388,46.2696827466319,179.352748035214,Closed,Open
1389,46.303018252933505,190.46247256547008,Closed,Open
1390,46.33635375923512,188.35927185202272,Closed,Open
1391,46.36968926553672,180.7565315122932,Closed,Open
1392,46.40302477183833,184.5142120454922,Closed,Open
1393,46.43636027813994,191.02377785790787,Closed,Open
1394,46.46969578444155,198.5602468409649,Closed,Open
1395,46.50303129074315,197.23378824967307,Closed,Open
1396,46.53636679704477,198.65320929812057,Closed,Open
1397,46.56970230334637,196.44259170586733,Closed,Open
1398,46.60303780964798,191.49063280718923,Closed,Open
1399,46.636373315949584,194.9065640566368,Closed,Open
1400,46.669708822251195,197.17992111645864,Closed,Open
1401,46.7030443285528,198.2548700066651,Closed,Open
1402,46.73637983485441,190.66916697046537,Closed,Open
1403,46.769715341156015,188.83759157723972,Closed,Open
1404,46.80305084745763,188.3157839360723,Closed,Open
1405,46.83638635375923,187.01365437234733,Closed,Open
1406,46.86972186006084,190.14140512179404,Closed,Open
1407,46.90305736636245,190.6452100988048,Closed,Open
1408,46.93639287266406,193.29669172489167,Closed,Open
1409,46.96972837896566,193.7010788230075,Closed,Open
1410,47.003063885267274,194.6231038579337,Closed,Open
1411,47.03639939156888,181.4072029856701,Closed,Open
1412,47.06973489787049,182.77732689190185,Closed,Open
1413,47.103070404172094,185.5159945032171,Closed,Open
1414,47.136405910473705,184.25234769740683,Closed,Open
1415,47.16974141677532,187.18302924217,Closed,Open
1416,47.20307692307692,190.35535152036795,Closed,Open
1417,47.23641242937853,187.67222186107307,Closed,Open
1418,47.26974793568014,188.165723867472,Closed,Open
1419,47.30308344198175,191.252665953376,Closed,Open
1420,47.33641894828335,192.0294101377393,Closed,Open
1421,47.36975445458496,189.67459728032688,Closed,Open
1422,47.40308996088657,195.13949661669375,Closed,Open
1423,47.43642546718818,192.71706300375735,Closed,Open
1424,47.469760973489784,196.4731931758374,Closed,Open
1425,47.503096479791395,194.80847449585588,Closed,Open
1426,47.536431986093,198.8675328008204,Closed,Open
1427,47.56976749239461,201.3985551394015,Closed,Open
1428,47.603102998696215,194.11292078386612,Closed,Open
1429,47.63643850499783,187.7034888510912,Closed,Open
1430,47.66977401129943,200.77071256146897,Closed,Open
1431,47.70310951760104,193.6325893792672,Closed,Open
1432,47.73644502390265,198.0025131540072,Closed,Open
1433,47.76978053020426,196.78760687955025,Closed,Open
1434,47.80311603650586,194.79350338389463,Closed,Open
1435,47.836451542807474,199.98870545232572,Closed,Open
1436,47.86978704910908,198.8244691952009,Closed,Open
1437,47.90312255541069,200.7590281747488,Closed,Open
1438,47.936458061712294,200.7010811597392,Closed,Open
1439,47.969793568013905,197.90014263112857,Closed,Open
1440,48.00312907431551,198.17778070131345,Closed,Open
1441,48.03646458061712,193.69526076500856,Closed,Open
1442,48.06980008691873,191.5900282687548,Closed,Open
1443,48.10313559322034,195.0745672162255,Closed,Open
1444,48.13647109952195,198.50514932289283,Closed,Open
1445,48.16980660582355,193.77821418799888,Closed,Open
1446,48.20314211212517,194.80054469612065,Closed,Open
1447,48.23647761842677,192.901278678422,Closed,Open
1448,48.26981312472838,193.82193571880683,Closed,Open
1449,48.303148631029984,192.95844427533976,Closed,Open
1450,48.336484137331595,189.6156579597448,Closed,Open
1451,48.3698196436332,186.6317875976985,Closed,Open
1452,48.40315514993481,187.78294012917632,Closed,Open
1453,48.436490656236415,184.5487992596964,Closed,Open
1454,48.46982616253803,189.50225826925117,Closed,Open
1455,48.50316166883963,189.36189618274,Closed,Open
1456,48.53649717514124,188.68212851094825,Closed,Open
1457,48.56983268144285,184.349060964171,Closed,Open
1458,48.60316818774446,188.54854609353723,Closed,Open
1459,48.63650369404606,193.45886978759808,Closed,Open
1460,48.669839200347674,188.80570024104864,Closed,Open
1461,48.70317470664928,203.0855379650678,Closed,Open
1462,48.73651021295089,185.88234142981503,Closed,Open
1463,48.769845719252494,188.0020500656849,Closed,Open
1464,48.803181225554106,190.71494636104387,Closed,Open
1465,48.83651673185571,190.98893486413505,Closed,Open
1466,48.86985223815732,195.4572818380601,Closed,Open
1467,48.903187744458926,197.67474936513383,Closed,Open
1468,48.93652325076054,192.73870433945424,Closed,Open
1469,48.96985875706215,191.3123787104125,Closed,Open
1470,49.00319426336375,193.28581223470525,Closed,Open
1471,49.03652976966536,193.57927274741607,Closed,Open
1472,49.06986527596697,193.43433922953596,Closed,Open
1473,49.10320078226858,192.23401344283755,Closed,Open
1474,49.136536288570184,188.36874812815995,Closed,Open
1475,49.16987179487179,191.7085213680375,Closed,Open
1476,49.2032073011734,191.47135563709975,Closed,Open
1477,49.23654280747501,197.9044971694884,Closed,Open
1478,49.269878313776616,192.56033946191096,Closed,Open
1479,49.30321382007823,200.32393674387487,Closed,Open
1480,49.33654932637983,193.11447926413416,Closed,Open
1481,49.36988483268144,194.62022852788925,Closed,Open
1482,49.40322033898305,208.36115177593624,Closed,Open
1483,49.43655584528466,208.2015481741863,Closed,Open
1484,49.46989135158626,198.98563188372736,Closed,Open
1485,49.503226857887874,190.75884192928652,Closed,Open
1486,49.53656236418948,190.0169452151569,Closed,Open
1487,49.56989787049109,190.61941708696213,Closed,Open
1488,49.603233376792694,197.44538763692896,Closed,Open
1489,49.636568883094306,189.55018053744163,Closed,Open
1490,49.66990438939591,191.11434867231907,Closed,Open
1491,49.70323989569752,220.85015507925328,Open,Open
1492,49.736575401999126,203.32233054428204,Closed,Open
1493,49.76991090830074,196.37708503097943,Closed,Open
1494,49.80324641460234,194.75547770978943,Closed,Open
1495,49.83658192090395,192.5609955820503,Closed,Open
1496,49.86991742720557,187.4533369025843,Closed,Open
1497,49.90325293350717,186.97814041783303,Closed,Open
1498,49.93658843980878,187.72711198149256,Closed,Open
1499,49.969923946110384,200.46643458437265,Closed,Open
1500,50.003259452412,188.9080609282436,Closed,Open
1501,50.0365949587136,186.48402459860895,Closed,Open
1502,50.06993046501521,193.84243289905143,Closed,Open
1503,50.103265971316816,199.8666609161761,Closed,Open
1504,50.13660147761843,195.44926637275188,Closed,Open
1505,50.16993698392003,195.23831979207097,Closed,Open
1506,50.20327249022164,201.91982698940308,Closed,Open
1507,50.23660799652325,196.13511108229284,Closed,Open
1508,50.26994350282486,203.0095771220643,Closed,Open
1509,50.30327900912646,206.0380523280523,Closed,Open
1510,50.336614515428074,203.67118025958885,Closed,Open
1511,50.36995002172968,188.9512033377073,Closed,Open
1512,50.40328552803129,200.31281371143427,Closed,Open
1513,50.436621034332894,189.88105126383965,Closed,Open
1514,50.469956540634506,195.69235014856616,Closed,Open
1515,50.50329204693611,197.95149225797104,Closed,Open
1516,50.53662755323772,181.5100762081981,Closed,Open
1517,50.569963059539326,198.29745050132317,Closed,Open
1518,50.60329856584094,181.5744243214382,Closed,Open
1519,50.63663407214254,182.2443215590679,Closed,Open
1520,50.66996957844415,183.41533052403472,Closed,Open
1521,50.70330508474576,184.52230799152971,Closed,Open
1522,50.73664059104737,182.7231392279103,Closed,Open
1523,50.76997609734898,185.1000782149441,Closed,Open
1524,50.803311603650585,184.3295085699724,Closed,Open
1525,50.83664710995219,188.4873614650428,Closed,Open
1526,50.8699826162538,185.18368872782824,Closed,Open
1527,50.90331812255541,183.82299784179816,Closed,Open
1528,50.936653628857016,182.86721994109473,Closed,Open
1529,50.96998913515863,184.26238908428337,Closed,Open
1530,51.00332464146023,183.99628200470735,Closed,Open
1531,51.03666014776184,184.12702056382207,Closed,Open
1532,51.06999565406345,181.5022222479205,Closed,Open
1533,51.10333116036506,182.39047537165104,Closed,Open
