frame,timestamp,anchor_to_nose,lips_label,teeth_label
0,0.0,102.35357681683122,Closed,Closed
1,0.0333355063016079,106.37090825727812,Closed,Closed
2,0.0666710126032159,121.28477417941716,Closed,Closed
3,0.1000065189048239,127.25355487073844,Closed,Closed
4,0.1333420252064319,125.99036545434456,Closed,Closed
5,0.16667753150804,117.22404088857652,Closed,Closed
6,0.2000130378096479,126.8713818223606,Closed,Closed
7,0.2333485441112559,129.91110249753024,Closed,Open
8,0.2666840504128639,125.88743881412304,Closed,Closed
9,0.3000195567144719,126.94990822743269,Closed,Closed
10,0.33335506301608,127.46759050710529,Closed,Closed
11,0.3666905693176879,127.46555567301375,Closed,Closed
12,0.4000260756192959,127.8386251130382,Closed,Closed
13,0.4333615819209039,130.4021926609618,Closed,Open
14,0.4666970882225119,126.16607206552725,Closed,Closed
15,0.50003259452412,127.4927950364352,Closed,Closed
16,0.5333681008257279,126.19147878509938,Closed,Closed
17,0.5667036071273359,128.4642102476811,Closed,Open
18,0.6000391134289439,120.2515898820605,Closed,Closed
19,0.6333746197305519,127.18764831773588,Closed,Closed
20,0.66671012603216,127.4062845252008,Closed,Closed
21,0.7000456323337679,126.7011938795388,Closed,Closed
22,0.7333811386353759,128.04434796818427,Closed,Open
23,0.7667166449369839,119.62615789067614,Closed,Closed
24,0.8000521512385919,121.39957267826256,Closed,Closed
25,0.8333876575401998,117.37330658910064,Closed,Closed
26,0.8667231638418079,129.05373828797354,Closed,Open
27,0.9000586701434159,127.85721778156643,Closed,Closed
28,0.933394176445024,128.71882017982358,Closed,Open
29,0.9667296827466318,133.1987879504864,Closed,Open
30,1.00006518904824,136.25172133702927,Closed,Open
31,1.0334006953498478,136.89344036177846,Closed,Open
32,1.066736201651456,140.6227550524282,Closed,Open
33,1.1000717079530635,141.0541718732615,Closed,Open
34,1.1334072142546718,145.69174740346733,Closed,Open
35,1.16674272055628,137.2542755931753,Closed,Open
36,1.2000782268578878,151.05094081673,Open,Open
37,1.233413733159496,126.70577491587056,Closed,Closed
38,1.2667492394611035,140.38494651462625,Closed,Open
39,1.3000847457627118,137.5864809311427,Closed,Open
40,1.33342025206432,127.22471527956144,Closed,Closed
41,1.3667557583659278,125.48834909527272,Closed,Closed
42,1.400091264667536,130.4315336491107,Closed,Open
43,1.4334267709691435,124.69576942973258,Closed,Closed
44,1.4667622772707518,123.36308764964376,Closed,Closed
45,1.5000977835723597,117.11087766414218,Closed,Closed
46,1.5334332898739678,108.00757540293388,Closed,Closed
47,1.566768796175576,129.6055957232599,Closed,Open
48,1.6001043024771835,109.85648553189291,Closed,Closed
49,1.6334398087787918,123.83623709077004,Closed,Closed
50,1.6667753150803997,109.18954748368662,Closed,Closed
51,1.7001108213820078,132.91067511675124,Closed,Open
52,1.7334463276836158,135.76248517177132,Closed,Open
53,1.7667818339852237,130.81772077757512,Closed,Open
54,1.8001173402868318,117.09535899365346,Closed,Closed
55,1.8334528465884397,123.08727770526028,Closed,Closed
56,1.8667883528900475,130.89889993046788,Closed,Open
57,1.900123859191656,107.6004182308557,Closed,Closed
58,1.9334593654932637,124.8057671389048,Closed,Closed
59,1.966794871794872,124.908639774196,Closed,Closed
60,2.00013037809648,120.14553334525348,Closed,Closed
61,2.0334658843980877,117.74140655051193,Closed,Closed
62,2.0668013906996956,129.2712989785838,Closed,Open
63,2.100136897001304,120.40956239383456,Closed,Closed
64,2.133472403302912,124.41130904041194,Closed,Closed
65,2.1668079096045196,121.94490908204992,Closed,Closed
66,2.2001434159061275,128.94541850768076,Closed,Open
67,2.233478922207736,119.00112673304491,Closed,Closed
68,2.2668144285093437,121.90283402326486,Closed,Closed
69,2.3001499348109515,122.74755008754909,Closed,Closed
70,2.33348544111256,135.6831318240625,Closed,Open
71,2.3668209474141677,121.55743961351226,Closed,Closed
72,2.4001564537157756,119.99009557594744,Closed,Closed
73,2.433491960017383,108.84047960203044,Closed,Closed
74,2.4668274663189917,109.76597074773782,Closed,Closed
75,2.5001629726205996,107.0003444459065,Closed,Closed
76,2.5334984789222075,112.85294997674605,Closed,Closed
77,2.566833985223816,110.54099082602336,Closed,Closed
78,2.6001694915254236,121.71609510139793,Closed,Closed
79,2.6335049978270315,121.73486034617603,Closed,Closed
80,2.66684050412864,106.74580404335283,Closed,Closed
81,2.7001760104302477,112.8341739099289,Closed,Closed
82,2.7335115167318556,120.3769534753958,Closed,Closed
83,2.7668470230334634,120.21650554853336,Closed,Closed
84,2.8001825293350717,116.27500323423116,Closed,Closed
85,2.8335180356366796,117.6823682745416,Closed,Closed
86,2.8668535419382875,120.63975919039136,Closed,Closed
87,2.900189048239896,117.21316875693904,Closed,Closed
88,2.9335245545415036,113.58398647404528,Closed,Closed
89,2.9668600608431115,131.41911915848095,Closed,Open
90,3.0001955671447194,120.50643162015729,Closed,Closed
91,3.0335310734463277,119.3627623108702,Closed,Closed
92,3.0668665797479355,131.20258709330065,Closed,Open
93,3.1002020860495434,132.64089036781652,Closed,Open
94,3.1335375923511517,133.64865189822845,Closed,Open
95,3.1668730986527596,124.47043875568738,Closed,Closed
96,3.200208604954367,127.32017142225122,Closed,Closed
97,3.2335441112559757,126.27855493407792,Closed,Closed
98,3.2668796175575836,126.57525984636872,Closed,Closed
99,3.3002151238591915,106.65972754549782,Closed,Closed
100,3.3335506301607993,116.06765731122644,Closed,Closed
101,3.3668861364624076,125.7778587994737,Closed,Closed
102,3.4002216427640155,114.71643934503396,Closed,Closed
103,3.4335571490656234,108.53136325564007,Closed,Closed
104,3.4668926553672317,117.9346483059389,Closed,Closed
105,3.5002281616688395,115.3212137562373,Closed,Closed
106,3.5335636679704474,122.15218328589998,Closed,Closed
107,3.5668991742720553,125.09407780601524,Closed,Closed
108,3.6002346805736636,131.01501071922735,Closed,Open
109,3.633570186875271,134.35570155013954,Closed,Open
110,3.6669056931768793,131.9474861657851,Closed,Open
111,3.700241199478488,133.1638368095468,Closed,Open
112,3.733576705780095,115.02856091300212,Closed,Closed
113,3.7669122120817033,110.31960412249848,Closed,Closed
114,3.800247718383312,111.66451338385755,Closed,Closed
115,3.833583224684919,111.60930013778416,Closed,Closed
116,3.8669187309865274,112.57808864689892,Closed,Closed
117,3.9002542372881353,108.16000832573314,Closed,Closed
118,3.933589743589744,110.12811813689564,Closed,Closed
119,3.966925249891351,110.04861951129084,Closed,Closed
120,4.00026075619296,110.908283943107,Closed,Closed
121,4.033596262494568,111.0595257572871,Closed,Closed
122,4.0669317687961755,110.71631121784355,Closed,Closed
123,4.100267275097783,122.97514481605774,Closed,Closed
124,4.133602781399391,120.02480191591546,Closed,Closed
125,4.166938287700999,119.57005261347336,Closed,Closed
126,4.200273794002608,125.94051613460576,Closed,Closed
127,4.233609300304216,133.75662394810223,Closed,Open
128,4.2669448066058235,133.89423599902307,Closed,Open
129,4.300280312907431,136.38720022873235,Closed,Open
130,4.333615819209039,136.58449512862177,Closed,Open
131,4.366951325510647,135.04986994443598,Closed,Open
132,4.400286831812255,134.69911570243318,Closed,Open
133,4.433622338113864,124.39879527826622,Closed,Closed
134,4.466957844415472,128.1607766926695,Closed,Open
135,4.5002933507170795,127.8410737845294,Closed,Closed
136,4.533628857018687,126.8750349442479,Closed,Closed
137,4.566964363320295,126.96563947664576,Closed,Closed
138,4.600299869621903,125.12177048544166,Closed,Closed
139,4.633635375923511,110.91627752632432,Closed,Closed
140,4.66697088222512,118.91987900043895,Closed,Closed
141,4.700306388526728,121.590219951894,Closed,Closed
142,4.733641894828335,120.35424648910366,Closed,Closed
143,4.766977401129943,120.93251523413404,Closed,Closed
144,4.800312907431551,118.7247043081994,Closed,Closed
145,4.833648413733159,118.87513768696743,Closed,Closed
146,4.866983920034767,123.75733674321388,Closed,Closed
147,4.900319426336376,124.66411627391376,Closed,Closed
148,4.9336549326379835,131.8161348322176,Closed,Open
149,4.966990438939591,130.69810775047603,Closed,Open
150,5.000325945241199,125.11728121147308,Closed,Closed
151,5.033661451542807,116.70364036637218,Closed,Closed
152,5.066996957844415,128.23578972482122,Closed,Open
153,5.100332464146024,108.2461807791398,Closed,Closed
154,5.133667970447632,124.06573922665731,Closed,Closed
155,5.167003476749239,120.33884644556142,Closed,Closed
156,5.200338983050847,109.10699659299873,Closed,Closed
157,5.233674489352455,117.59320580807578,Closed,Closed
158,5.267009995654063,110.75578686793008,Closed,Closed
159,5.300345501955671,112.36685816929712,Closed,Closed
160,5.33368100825728,108.45124549592948,Closed,Closed
161,5.3670165145588875,116.39858305164444,Closed,Closed
162,5.400352020860495,112.22069334895336,Closed,Closed
163,5.433687527162103,111.63800324578202,Closed,Closed
164,5.467023033463711,112.0336482065916,Closed,Closed
165,5.500358539765319,130.52446247917962,Closed,Open
166,5.533694046066927,136.28308775933615,Closed,Open
167,5.567029552368536,130.75233867080806,Closed,Open
168,5.6003650586701434,130.7261487938678,Closed,Open
169,5.633700564971751,122.90782494283008,Closed,Closed
170,5.667036071273359,131.16078899166786,Closed,Open
171,5.700371577574967,125.340633494868,Closed,Closed
172,5.733707083876575,115.29336532991816,Closed,Closed
173,5.767042590178183,113.1875836543793,Closed,Closed
174,5.8003780964797915,112.53551281389862,Closed,Closed
175,5.833713602781399,122.66176718175257,Closed,Closed
176,5.867049109083007,122.59888390178978,Closed,Closed
177,5.900384615384615,119.84829799638244,Closed,Closed
178,5.933720121686223,112.42762987051758,Closed,Closed
179,5.967055627987831,119.85144600765642,Closed,Closed
180,6.000391134289439,134.00599017583596,Closed,Open
181,6.0337266405910475,119.48044425858276,Closed,Closed
182,6.067062146892655,119.689145581741,Closed,Closed
183,6.100397653194263,130.53527355668518,Closed,Open
184,6.133733159495871,118.9761453668958,Closed,Closed
185,6.167068665797479,132.1213820156841,Closed,Open
186,6.200404172099087,114.1923391821585,Closed,Closed
187,6.2337396784006955,127.52985481636736,Closed,Closed
188,6.267075184702303,113.03135180429535,Closed,Closed
189,6.300410691003911,111.72229484506911,Closed,Closed
190,6.333746197305519,113.95355702270734,Closed,Closed
191,6.367081703607127,100.26447797712936,Closed,Closed
192,6.400417209908735,122.93020358801644,Closed,Closed
193,6.433752716210343,125.2483758272943,Closed,Closed
194,6.4670882225119515,124.46948521704796,Closed,Closed
195,6.500423728813559,121.44710066789996,Closed,Closed
196,6.533759235115167,121.57748847590744,Closed,Closed
197,6.567094741416775,118.78203717622328,Closed,Closed
198,6.600430247718383,117.12990003136734,Closed,Closed
199,6.633765754019991,114.27234637259636,Closed,Closed
200,6.667101260321599,117.358242760772,Closed,Closed
201,6.700436766623207,125.4000234056556,Closed,Closed
202,6.733772272924815,124.65842175607123,Closed,Closed
203,6.767107779226423,137.4016329788614,Closed,Open
204,6.800443285528031,132.63473822740923,Closed,Open
205,6.833778791829639,118.98221248883264,Closed,Closed
206,6.867114298131247,120.3062864148336,Closed,Closed
207,6.900449804432855,118.32720772153256,Closed,Closed
208,6.933785310734463,106.52810047457844,Closed,Closed
209,6.967120817036071,125.60990709533422,Closed,Closed
210,7.000456323337679,115.1750651216907,Closed,Closed
211,7.033791829639287,124.7202137836615,Closed,Closed
212,7.067127335940895,124.45832492355092,Closed,Closed
213,7.100462842242503,123.42417646050048,Closed,Closed
214,7.1337983485441105,110.4071138064979,Closed,Closed
215,7.167133854845719,109.0262142349126,Closed,Closed
216,7.200469361147327,118.96139653248426,Closed,Closed
217,7.233804867448935,121.13581388154348,Closed,Closed
218,7.267140373750543,110.41942182792197,Closed,Closed
219,7.300475880052151,134.26115219982307,Closed,Open
220,7.333811386353759,126.91256983685436,Closed,Closed
221,7.367146892655367,140.44928540997495,Closed,Open
222,7.400482398956975,119.39568605577196,Closed,Closed
223,7.433817905258583,134.47530431339558,Closed,Open
224,7.467153411560191,137.08730469658883,Closed,Open
225,7.500488917861799,124.64680178841526,Closed,Closed
226,7.533824424163407,132.6819983813498,Closed,Open
227,7.567159930465015,135.18378533842656,Closed,Open
228,7.600495436766623,130.3475543029618,Closed,Open
229,7.633830943068231,119.57978570203278,Closed,Closed
230,7.667166449369839,118.58385625401544,Closed,Closed
231,7.700501955671447,122.06966171924108,Closed,Closed
232,7.733837461973055,126.77417544614076,Closed,Closed
233,7.767172968274663,123.25861294452535,Closed,Closed
234,7.8005084745762705,126.08846226366845,Closed,Closed
235,7.833843980877879,122.68121443400298,Closed,Closed
236,7.867179487179487,123.5673276838643,Closed,Closed
237,7.900514993481095,120.5158108264486,Closed,Closed
238,7.933850499782703,118.99919138563068,Closed,Closed
239,7.967186006084311,118.71705123657762,Closed,Closed
240,8.00052151238592,123.57438440170743,Closed,Closed
241,8.033857018687527,135.33827652114786,Closed,Open
242,8.067192524989135,128.7819571355,Closed,Open
243,8.100528031290743,123.43248306579537,Closed,Closed
244,8.133863537592351,132.84940171254544,Closed,Open
245,8.167199043893959,134.8533698147394,Closed,Open
246,8.200534550195567,122.00355740080605,Closed,Closed
247,8.233870056497175,128.0250697461331,Closed,Open
248,8.267205562798782,114.5784196738182,Closed,Closed
249,8.30054106910039,127.0454296495684,Closed,Closed
250,8.333876575401998,114.33836739291712,Closed,Closed
251,8.367212081703606,129.0506014932837,Closed,Open
252,8.400547588005216,125.26587682029805,Closed,Closed
253,8.433883094306823,128.07021826189802,Closed,Open
254,8.467218600608431,128.00473913694475,Closed,Open
255,8.50055410691004,130.42725578240314,Closed,Open
256,8.533889613211647,129.8043505601256,Closed,Open
257,8.567225119513255,120.87656162726608,Closed,Closed
258,8.600560625814863,123.74688933327587,Closed,Closed
259,8.63389613211647,124.63483779522916,Closed,Closed
260,8.667231638418079,128.7352154246774,Closed,Open
261,8.700567144719686,131.3772154057092,Closed,Open
262,8.733902651021294,136.66260806859987,Closed,Open
263,8.767238157322902,128.7827745868192,Closed,Open
264,8.80057366362451,135.26332521582222,Closed,Open
265,8.833909169926118,139.258644968255,Closed,Open
266,8.867244676227727,134.51750708565075,Closed,Open
267,8.900580182529335,132.85434855869795,Closed,Open
268,8.933915688830943,136.8669988724683,Closed,Open
269,8.967251195132551,135.01078276268794,Closed,Open
270,9.000586701434159,129.79436984336854,Closed,Open
271,9.033922207735769,125.97740394808136,Closed,Closed
272,9.067257714037376,125.70322337751298,Closed,Closed
273,9.100593220338984,128.45549135109923,Closed,Open
274,9.13392872664059,124.50210080324896,Closed,Closed
275,9.167264232942198,123.40919992735198,Closed,Closed
276,9.200599739243806,123.49511144883591,Closed,Closed
277,9.233935245545414,127.05148334440094,Closed,Closed
278,9.267270751847022,124.80744057177802,Closed,Closed
279,9.300606258148632,122.60200273405933,Closed,Closed
280,9.33394176445024,120.1447975361395,Closed,Closed
281,9.367277270751847,124.89560105752344,Closed,Closed
282,9.400612777053457,125.3445949817798,Closed,Closed
283,9.433948283355065,134.2997580030788,Closed,Open
284,9.46728378965667,131.1274993523489,Closed,Open
285,9.50061929595828,133.73935777564282,Closed,Open
286,9.533954802259888,132.9462405040734,Closed,Open
287,9.567290308561494,135.23392705838924,Closed,Open
288,9.600625814863102,134.06808617016776,Closed,Open
289,9.63396132116471,133.7586529996896,Closed,Open
290,9.667296827466318,130.41281501208042,Closed,Open
291,9.700632333767926,129.84826362574452,Closed,Open
292,9.733967840069534,130.6854150509566,Closed,Open
293,9.767303346371143,128.65040052096958,Closed,Open
294,9.800638852672751,131.65709121488788,Closed,Open
295,9.83397435897436,128.32702234660238,Closed,Open
296,9.867309865275969,129.2014015774957,Closed,Open
297,9.900645371577577,130.02609850119447,Closed,Open
298,9.933980877879184,128.33014929626066,Closed,Open
299,9.96731638418079,128.5933881147192,Closed,Open
300,10.000651890482398,126.70832032063169,Closed,Closed
301,10.033987396784006,131.7066736943628,Closed,Open
302,10.067322903085614,126.48275605729692,Closed,Closed
303,10.100658409387222,130.1495081500635,Closed,Open
304,10.13399391568883,134.8990661679567,Closed,Open
305,10.167329421990438,138.95376428235238,Closed,Open
306,10.200664928292047,135.55671477612884,Closed,Open
307,10.234000434593655,137.74391419207012,Closed,Open
308,10.267335940895263,136.67960922510804,Closed,Open
309,10.300671447196873,136.9144406566368,Closed,Open
310,10.33400695349848,134.1557924992576,Closed,Open
311,10.367342459800089,135.99407406880022,Closed,Open
312,10.400677966101696,131.99211905379082,Closed,Open
313,10.434013472403302,130.20341055186512,Closed,Open
314,10.46734897870491,128.24196593781812,Closed,Open
315,10.500684485006518,127.72405655078788,Closed,Closed
316,10.534019991308126,127.57533911266177,Closed,Closed
317,10.567355497609734,127.48541489395568,Closed,Closed
318,10.600691003911342,127.95550559063672,Closed,Closed
319,10.63402651021295,127.6000845396243,Closed,Closed
320,10.66736201651456,126.51586503901636,Closed,Closed
321,10.700697522816167,124.36124840923624,Closed,Closed
322,10.734033029117777,124.62176499068492,Closed,Closed
323,10.767368535419385,117.76720037379722,Closed,Closed
324,10.80070404172099,123.54250008016233,Closed,Closed
325,10.8340395480226,133.2765111477858,Closed,Open
326,10.867375054324206,133.32561725017047,Closed,Open
327,10.900710560625814,137.90775206953688,Closed,Open
328,10.934046066927422,135.74586781487986,Closed,Open
329,10.96738157322903,135.22934089774657,Closed,Open
330,11.000717079530638,129.924802795354,Closed,Open
331,11.034052585832246,127.4433740997193,Closed,Closed
332,11.067388092133854,132.8351016550463,Closed,Open
333,11.100723598435462,133.47664451467614,Closed,Open
334,11.134059104737071,129.00910463310404,Closed,Open
335,11.16739461103868,130.76463092486114,Closed,Open
336,11.200730117340289,129.47208094219133,Closed,Open
337,11.234065623641897,127.27984348052226,Closed,Closed
338,11.267401129943504,130.30791886283413,Closed,Open
339,11.30073663624511,124.5093627978754,Closed,Closed
340,11.334072142546718,125.6813187484528,Closed,Closed
341,11.367407648848326,126.2484868293902,Closed,Closed
342,11.400743155149934,124.8636073257672,Closed,Closed
343,11.434078661451542,120.6664360304878,Closed,Closed
344,11.46741416775315,115.73151476619272,Closed,Closed
345,11.500749674054758,123.21555760806103,Closed,Closed
346,11.534085180356366,128.92058938886436,Closed,Open
347,11.567420686657975,138.76595168726868,Closed,Open
348,11.600756192959585,137.26275441835685,Closed,Open
349,11.634091699261193,137.9430549898867,Closed,Open
350,11.6674272055628,133.78251190990562,Closed,Open
351,11.700762711864408,134.5765391870392,Closed,Open
352,11.734098218166016,135.15492524362227,Closed,Open
353,11.767433724467622,136.2817688483894,Closed,Open
354,11.80076923076923,133.53843624661772,Closed,Open
355,11.834104737070838,131.0540422006645,Closed,Open
356,11.867440243372446,121.0932018901961,Closed,Closed
357,11.900775749674054,111.2427917536262,Closed,Closed
358,11.934111255975662,111.83527068261024,Closed,Closed
359,11.96744676227727,118.08772213105236,Closed,Closed
360,12.000782268578876,121.19786072266405,Closed,Closed
361,12.034117774880489,121.51377888345618,Closed,Closed
362,12.067453281182097,120.33754821649532,Closed,Closed
363,12.100788787483705,133.91849483541563,Closed,Open
364,12.13412429378531,135.22530069922897,Closed,Open
365,12.16745980008692,135.44897521717797,Closed,Open
366,12.200795306388526,134.2123843782387,Closed,Open
367,12.234130812690134,121.54129530091332,Closed,Closed
368,12.267466318991742,130.0930563290023,Closed,Open
369,12.30080182529335,125.98089867822571,Closed,Closed
370,12.334137331594958,131.96519858372363,Closed,Open
371,12.367472837896566,134.46115774149848,Closed,Open
372,12.400808344198174,134.05184685214329,Closed,Open
373,12.43414385049978,134.51846934011817,Closed,Open
374,12.467479356801393,131.61960404499172,Closed,Open
375,12.500814863103,130.96692118773012,Closed,Open
376,12.534150369404609,126.01089005524074,Closed,Closed
377,12.567485875706216,130.31598866905748,Closed,Open
378,12.600821382007824,128.53141208706427,Closed,Open
379,12.63415688830943,132.24465121677736,Closed,Open
380,12.667492394611038,131.4908855772905,Closed,Open
381,12.700827900912646,131.09330872317796,Closed,Open
382,12.734163407214254,128.2050739304329,Closed,Open
383,12.767498913515862,129.28368499620808,Closed,Open
384,12.80083441981747,127.22205466709109,Closed,Closed
385,12.834169926119078,131.35699881285217,Closed,Open
386,12.867505432420684,131.0932920940894,Closed,Open
387,12.900840938722292,135.71673616028897,Closed,Open
388,12.934176445023905,136.96498026092445,Closed,Open
389,12.96751195132551,143.99212724344463,Closed,Open
390,13.00084745762712,140.50925238061944,Closed,Open
391,13.034182963928728,139.98010282132148,Closed,Open
392,13.067518470230334,136.19661842025843,Closed,Open
393,13.100853976531942,135.90736381997482,Closed,Open
394,13.13418948283355,135.40721224747054,Closed,Open
395,13.167524989135158,133.83837597589,Closed,Open
396,13.200860495436766,133.2084460480992,Closed,Open
397,13.234196001738374,127.64283470303972,Closed,Closed
398,13.267531508039982,129.4015995775842,Closed,Open
399,13.30086701434159,127.24564816636396,Closed,Closed
400,13.334202520643196,127.30743686064932,Closed,Closed
401,13.367538026944809,126.82896334867706,Closed,Closed
402,13.400873533246417,126.50437760499264,Closed,Closed
403,13.434209039548024,125.00576413133912,Closed,Closed
404,13.46754454584963,124.106623425345,Closed,Closed
405,13.500880052151238,120.61217469614068,Closed,Closed
406,13.534215558452846,118.38486531648503,Closed,Closed
407,13.567551064754454,121.21422662096457,Closed,Closed
408,13.600886571056062,120.8252603318456,Closed,Closed
409,13.63422207735767,133.29963173933763,Closed,Open
410,13.667557583659278,133.17453293989365,Closed,Open
411,13.700893089960886,144.23383107567258,Closed,Open
412,13.734228596262492,148.5417694286481,Open,Open
413,13.7675641025641,144.2647182085559,Closed,Open
414,13.80089960886571,135.4806416207844,Closed,Open
415,13.83423511516732,136.71422241112123,Closed,Open
416,13.867570621468928,135.86050543999153,Closed,Open
417,13.900906127770536,134.02838272956728,Closed,Open
418,13.934241634072142,133.70818661180002,Closed,Open
419,13.96757714037375,132.45493261449053,Closed,Open
420,14.000912646675358,135.85487180996526,Closed,Open
421,14.034248152976966,133.72089304545645,Closed,Open
422,14.067583659278574,135.54605916586553,Closed,Open
423,14.100919165580182,131.77844640527098,Closed,Open
424,14.13425467188179,128.3492408847725,Closed,Open
425,14.167590178183396,131.02919086053765,Closed,Open
426,14.200925684485004,131.00394938145172,Closed,Open
427,14.234261190786611,129.06702332547414,Closed,Open
428,14.26759669708822,128.81307838526098,Closed,Open
429,14.30093220338983,128.7912882460823,Closed,Open
430,14.33426770969144,124.85817535747968,Closed,Closed
431,14.367603215993046,122.08408734133675,Closed,Closed
432,14.400938722294654,125.62129341277338,Closed,Closed
433,14.434274228596262,124.22674514522888,Closed,Closed
434,14.46760973489787,129.79121081091563,Closed,Open
435,14.500945241199478,131.91756335452033,Closed,Open
436,14.534280747501086,134.63573977497174,Closed,Open
437,14.567616253802694,137.59987369416808,Closed,Open
438,14.600951760104302,132.49877605552427,Closed,Open
439,14.63428726640591,140.27879154970373,Closed,Open
440,14.667622772707515,131.78866316250492,Closed,Open
441,14.700958279009123,136.564830754958,Closed,Open
442,14.734293785310737,131.3399656448326,Closed,Open
443,14.767629291612344,130.08840142452416,Closed,Open
444,14.80096479791395,130.5537576781559,Closed,Open
445,14.834300304215558,132.19748477585574,Closed,Open
446,14.867635810517166,130.46596865405797,Closed,Open
447,14.900971316818774,130.34093332256708,Closed,Open
448,14.934306823120382,131.4836173457222,Closed,Open
449,14.96764232942199,132.58903802803218,Closed,Open
450,15.000977835723598,129.07399320833795,Closed,Open
451,15.034313342025206,130.8657052640196,Closed,Open
452,15.067648848326812,133.35570718487014,Closed,Open
453,15.10098435462842,133.42930863168536,Closed,Open
454,15.13431986093003,126.42657570053996,Closed,Closed
455,15.167655367231635,127.00888236810226,Closed,Closed
456,15.200990873533248,124.85561914771526,Closed,Closed
457,15.234326379834854,125.92157394903946,Closed,Closed
458,15.267661886136462,125.55031263463482,Closed,Closed
459,15.30099739243807,120.74916987006742,Closed,Closed
460,15.334332898739678,116.38458661841436,Closed,Closed
461,15.367668405041286,113.04759435291584,Closed,Closed
462,15.401003911342894,118.10475956292584,Closed,Closed
463,15.434339417644502,118.27797297463124,Closed,Closed
464,15.46767492394611,123.59768717721272,Closed,Closed
465,15.501010430247716,124.94905011488446,Closed,Closed
466,15.534345936549323,121.79541698383704,Closed,Closed
467,15.567681442850931,117.60050801301053,Closed,Closed
468,15.60101694915254,143.67129073724635,Closed,Open
469,15.63435245545415,135.7026388353126,Closed,Open
470,15.66768796175576,138.66158289896993,Closed,Open
471,15.701023468057366,133.14651261953614,Closed,Open
472,15.734358974358974,133.2113520371569,Closed,Open
473,15.767694480660582,134.08670471758455,Closed,Open
474,15.80102998696219,134.41726820871355,Closed,Open
475,15.834365493263798,134.1416570320121,Closed,Open
476,15.867700999565406,130.94356730714006,Closed,Open
477,15.901036505867014,128.45329914269547,Closed,Open
478,15.93437201216862,125.88053821099396,Closed,Closed
479,15.96770751847023,124.80808397510512,Closed,Closed
480,16.00104302477184,125.32338559080829,Closed,Closed
481,16.034378531073447,121.7406650383068,Closed,Closed
482,16.067714037375055,119.80868535488082,Closed,Closed
483,16.101049543676663,115.96853097062822,Closed,Closed
484,16.13438504997827,118.33283848520392,Closed,Closed
485,16.16772055627988,121.98484014272496,Closed,Closed
486,16.201056062581486,122.55106804189816,Closed,Closed
487,16.234391568883094,131.2049660364837,Closed,Open
488,16.267727075184702,134.2571951596937,Closed,Open
489,16.30106258148631,139.30271240755175,Closed,Open
490,16.334398087787918,137.15393597337385,Closed,Open
491,16.367733594089525,134.77265358062732,Closed,Open
492,16.401069100391133,132.01631230875046,Closed,Open
493,16.43440460669274,131.36106532212744,Closed,Open
494,16.46774011299435,135.2870024491959,Closed,Open
495,16.501075619295957,135.3049848373721,Closed,Open
496,16.534411125597565,138.330737712401,Closed,Open
497,16.567746631899173,137.3752480675333,Closed,Open
498,16.60108213820078,136.32875227582014,Closed,Open
499,16.63441764450239,134.85781079911897,Closed,Open
500,16.667753150803996,131.58097706677037,Closed,Open
501,16.701088657105604,128.45329914269547,Closed,Open
502,16.734424163407212,131.6328930373731,Closed,Open
503,16.767759669708823,127.61473562528852,Closed,Closed
504,16.80109517601043,127.62167828868247,Closed,Closed
505,16.83443068231204,126.72379061050826,Closed,Closed
506,16.867766188613647,123.81757035225692,Closed,Closed
507,16.901101694915255,126.4272238129933,Closed,Closed
508,16.934437201216863,127.46359809899272,Closed,Closed
509,16.96777270751847,127.16937219224418,Closed,Closed
510,17.00110821382008,128.3069229529728,Closed,Open
511,17.034443720121686,131.00669382663023,Closed,Open
512,17.067779226423294,137.46273818905735,Closed,Open
513,17.101114732724902,135.5003437841463,Closed,Open
514,17.13445023902651,137.15987981849702,Closed,Open
515,17.167785745328118,131.7510002393861,Closed,Open
516,17.201121251629726,132.85296899791987,Closed,Open
517,17.234456757931333,133.9400554647373,Closed,Open
518,17.26779226423294,135.18977080376573,Closed,Open
519,17.30112777053455,136.7204808565412,Closed,Open
520,17.334463276836157,136.10092626178985,Closed,Open
521,17.367798783137765,133.65433490190344,Closed,Open
522,17.401134289439373,134.23825790259258,Closed,Open
523,17.43446979574098,134.3346796000402,Closed,Open
524,17.46780530204259,131.52398625193797,Closed,Open
525,17.501140808344196,133.24470774448403,Closed,Open
526,17.534476314645804,131.08524655751404,Closed,Open
527,17.567811820947412,133.42293136984736,Closed,Open
528,17.60114732724902,130.19805157103144,Closed,Open
529,17.634482833550628,124.58619255835713,Closed,Closed
530,17.667818339852236,123.49294938004816,Closed,Closed
531,17.701153846153847,124.89873169079132,Closed,Closed
532,17.734489352455455,121.90346561605134,Closed,Closed
533,17.767824858757063,127.60277510113484,Closed,Closed
534,17.80116036505867,129.6624744965268,Closed,Open
535,17.83449587136028,130.96363492239894,Closed,Open
536,17.867831377661886,135.83319716192668,Closed,Open
537,17.901166883963494,135.82739449629022,Closed,Open
538,17.934502390265102,135.0461943480593,Closed,Open
539,17.96783789656671,137.24463999364716,Closed,Open
540,18.001173402868318,136.64907300553494,Closed,Open
541,18.03450890916993,132.91443786274405,Closed,Open
542,18.067844415471537,132.9153885360306,Closed,Open
543,18.10117992177314,137.8704393098792,Closed,Open
544,18.13451542807475,139.69404000311215,Closed,Open
545,18.167850934376357,135.8074035205983,Closed,Open
546,18.201186440677965,135.5500595207614,Closed,Open
547,18.234521946979573,132.17076532251969,Closed,Open
548,18.26785745328118,128.8415007301027,Closed,Open
549,18.30119295958279,128.98387707993618,Closed,Open
550,18.334528465884397,130.80398692942737,Closed,Open
551,18.367863972186004,126.7285446030721,Closed,Closed
552,18.401199478487612,127.67393240369312,Closed,Closed
553,18.43453498478922,125.73612054575304,Closed,Closed
554,18.467870491090828,125.9808918564414,Closed,Closed
555,18.501205997392436,125.41957298494766,Closed,Closed
556,18.534541503694044,122.42007254600011,Closed,Closed
557,18.56787700999565,124.282866138442,Closed,Closed
558,18.601212516297263,122.87764863369648,Closed,Closed
559,18.63454802259887,126.19108923591168,Closed,Closed
560,18.66788352890048,130.89854083886615,Closed,Open
561,18.701219035202087,139.63319281895144,Closed,Open
562,18.734554541503694,135.90045588916337,Closed,Open
563,18.767890047805302,131.90625430960222,Closed,Open
564,18.80122555410691,132.6439948791691,Closed,Open
565,18.83456106040852,131.38379836928382,Closed,Open
566,18.86789656671013,133.30995535059293,Closed,Open
567,18.901232073011737,137.4704553175762,Closed,Open
568,18.93456757931334,137.733404745038,Closed,Open
569,18.96790308561495,138.45400594120252,Closed,Open
570,19.001238591916557,130.10688312056683,Closed,Open
571,19.034574098218165,130.65651421058243,Closed,Open
572,19.067909604519773,126.40673359687956,Closed,Closed
573,19.10124511082138,128.96249604613644,Closed,Open
574,19.13458061712299,124.91552403799189,Closed,Closed
575,19.167916123424597,125.15604262932028,Closed,Closed
576,19.201251629726205,125.4841853483138,Closed,Closed
577,19.234587136027812,123.50106801705346,Closed,Closed
578,19.26792264232942,124.20709267512724,Closed,Closed
579,19.301258148631028,125.2708490989821,Closed,Closed
580,19.334593654932636,125.19078615248576,Closed,Closed
581,19.367929161234244,123.07207605924994,Closed,Closed
582,19.40126466753585,124.4829471543404,Closed,Closed
583,19.43460017383746,124.05914250205092,Closed,Closed
584,19.467935680139068,128.35216378853113,Closed,Open
585,19.50127118644068,129.68175496166367,Closed,Open
586,19.534606692742287,124.35860311019164,Closed,Closed
587,19.567942199043895,128.8945207458998,Closed,Open
588,19.601277705345503,126.23990347713354,Closed,Closed
589,19.63461321164711,132.0429711355989,Closed,Open
590,19.66794871794872,129.7317591976735,Closed,Open
591,19.70128422425033,126.79366119312468,Closed,Closed
592,19.734619730551938,125.70244884601854,Closed,Closed
593,19.767955236853545,129.33558165089573,Closed,Open
594,19.80129074315515,129.0831216601727,Closed,Open
595,19.83462624945676,133.9281577862215,Closed,Open
596,19.867961755758365,131.93272041791687,Closed,Open
597,19.901297262059973,137.19651783179705,Closed,Open
598,19.93463276836158,134.82271980274686,Closed,Open
599,19.96796827466319,131.67505202672237,Closed,Open
600,20.001303780964797,131.00832380202797,Closed,Open
601,20.034639287266405,128.16397722664152,Closed,Open
602,20.067974793568013,128.5632621230092,Closed,Open
603,20.10131029986962,128.30296045424103,Closed,Open
604,20.13464580617123,126.53867268621909,Closed,Closed
605,20.167981312472836,126.56677142876832,Closed,Closed
606,20.201316818774444,125.30477808039106,Closed,Closed
607,20.234652325076052,123.24438116245896,Closed,Closed
608,20.26798783137766,122.83764829510032,Closed,Closed
609,20.301323337679268,129.226078900946,Closed,Open
610,20.334658843980876,124.7255467233859,Closed,Closed
611,20.367994350282483,127.331559928295,Closed,Closed
612,20.401329856584095,125.41172315363238,Closed,Closed
613,20.434665362885703,125.64974446627082,Closed,Closed
614,20.46800086918731,128.11301197838662,Closed,Open
615,20.50133637548892,128.51560628780803,Closed,Open
616,20.534671881790526,123.51623483074955,Closed,Closed
617,20.568007388092138,127.84760711577115,Closed,Closed
618,20.601342894393746,124.00572378119308,Closed,Closed
619,20.63467840069535,127.81746874486846,Closed,Closed
620,20.66801390699696,129.70128616033594,Closed,Open
621,20.70134941329857,130.0075503217418,Closed,Open
622,20.734684919600173,133.7186292063513,Closed,Open
623,20.76802042590178,133.1075083369206,Closed,Open
624,20.80135593220339,129.74578963055697,Closed,Open
625,20.834691438504997,131.88952757009952,Closed,Open
626,20.868026944806605,132.75859772065044,Closed,Open
627,20.901362451108213,135.93916532820992,Closed,Open
628,20.93469795740982,135.6526902537666,Closed,Open
629,20.96803346371143,132.09010141911693,Closed,Open
630,21.001368970013036,134.808792209685,Closed,Open
631,21.034704476314644,134.10057540298288,Closed,Open
632,21.068039982616252,132.42657152844902,Closed,Open
633,21.10137548891786,131.31701391910957,Closed,Open
634,21.134710995219468,133.97836107763757,Closed,Open
635,21.168046501521076,134.14761333604685,Closed,Open
636,21.201382007822684,135.19336491799322,Closed,Open
637,21.23471751412429,135.42385694900383,Closed,Open
638,21.2680530204259,135.71464749518293,Closed,Open
639,21.30138852672751,138.43521124436256,Closed,Open
640,21.33472403302912,140.31547484925116,Closed,Open
641,21.368059539330726,140.25857994844,Closed,Open
642,21.401395045632334,145.3760682495185,Closed,Open
643,21.434730551933946,143.0257447929434,Closed,Open
644,21.46806605823555,145.45346443684622,Closed,Open
645,21.50140156453716,137.58273017936574,Closed,Open
646,21.53473707083877,138.81565971770522,Closed,Open
647,21.568072577140377,133.1584310033272,Closed,Open
648,21.60140808344198,130.26741775501412,Closed,Open
649,21.63474358974359,133.02387790794714,Closed,Open
650,21.668079096045197,127.94185488264934,Closed,Closed
651,21.701414602346805,128.22699177839132,Closed,Open
652,21.734750108648413,129.21531136620337,Closed,Open
653,21.76808561495002,129.10565664994573,Closed,Open
654,21.80142112125163,126.4639792370326,Closed,Closed
655,21.834756627553237,127.10715997068996,Closed,Closed
656,21.868092133854844,129.60072463345335,Closed,Open
657,21.901427640156452,127.30779514043758,Closed,Closed
658,21.93476314645806,126.80478465135825,Closed,Closed
659,21.968098652759668,127.81746874486846,Closed,Closed
660,22.001434159061276,128.1670894771927,Closed,Open
661,22.034769665362884,130.7202358246458,Closed,Open
662,22.06810517166449,128.82391350883512,Closed,Open
663,22.1014406779661,126.90253048410769,Closed,Closed
664,22.134776184267707,128.111888061619,Closed,Open
665,22.168111690569315,130.559408896778,Closed,Open
666,22.201447196870923,128.7367097959818,Closed,Open
667,22.234782703172534,131.0042177031059,Closed,Open
668,22.268118209474142,131.2573036597568,Closed,Open
669,22.30145371577575,128.72853900508557,Closed,Open
670,22.33478922207736,127.92133589598352,Closed,Closed
671,22.36812472837897,129.13747688866255,Closed,Open
672,22.401460234680577,131.75564871616632,Closed,Open
673,22.43479574098218,132.96387285952767,Closed,Open
674,22.46813124728379,131.991269723107,Closed,Open
675,22.501466753585397,131.13943811011922,Closed,Open
676,22.534802259887005,133.95973751610512,Closed,Open
677,22.568137766188613,134.81403870282824,Closed,Open
678,22.60147327249022,132.36401871881225,Closed,Open
679,22.63480877879183,131.78452508059354,Closed,Open
680,22.668144285093437,133.73358150010534,Closed,Open
681,22.701479791395045,132.563228772147,Closed,Open
682,22.734815297696652,136.3868799367365,Closed,Open
683,22.76815080399826,134.33436808747751,Closed,Open
684,22.801486310299868,138.7307219329212,Closed,Open
685,22.834821816601476,132.3857215023407,Closed,Open
686,22.868157322903084,133.0609800026147,Closed,Open
687,22.90149282920469,132.12507831720342,Closed,Open
688,22.9348283355063,135.61338400048535,Closed,Open
689,22.968163841807907,135.06665741335917,Closed,Open
690,23.001499348109515,133.70557375823662,Closed,Open
691,23.034834854411123,133.48465698784963,Closed,Open
692,23.06817036071273,132.5531969279483,Closed,Open
693,23.10150586701434,133.4869871917362,Closed,Open
694,23.13484137331595,132.7019344139487,Closed,Open
695,23.16817687961756,136.1867978020893,Closed,Open
696,23.20151238591917,134.59387692564164,Closed,Open
697,23.234847892220778,135.69304332522762,Closed,Open
698,23.268183398522385,133.6782145627822,Closed,Open
699,23.30151890482399,132.03776751936945,Closed,Open
700,23.3348544111256,134.65376430769174,Closed,Open
701,23.368189917427205,131.67444157592234,Closed,Open
702,23.401525423728813,132.32730337863742,Closed,Open
703,23.43486093003042,130.99864913925495,Closed,Open
704,23.46819643633203,131.4878740128619,Closed,Open
705,23.501531942633637,129.38597395098662,Closed,Open
706,23.534867448935245,130.948256340594,Closed,Open
707,23.568202955236853,131.03529279000412,Closed,Open
708,23.60153846153846,129.86675608829665,Closed,Open
709,23.63487396784007,132.03776751936945,Closed,Open
710,23.668209474141676,129.6322755979716,Closed,Open
711,23.701544980443284,130.99864913925495,Closed,Open
712,23.734880486744892,130.51127686432932,Closed,Open
713,23.7682159930465,132.62267905590042,Closed,Open
714,23.801551499348108,128.0367469711682,Closed,Open
715,23.834887005649716,128.7777950170883,Closed,Open
716,23.868222511951323,130.6814469104453,Closed,Open
717,23.90155801825293,132.33770485653994,Closed,Open
718,23.93489352455454,132.16660298100294,Closed,Open
719,23.968229030856147,135.93176673426433,Closed,Open
720,24.001564537157755,133.19882266378528,Closed,Open
721,24.034900043459366,135.06649897147253,Closed,Open
722,24.068235549760978,135.1680886059242,Closed,Open
723,24.101571056062586,135.09851808203075,Closed,Open
724,24.13490656236419,145.38172725421063,Closed,Open
725,24.1682420686658,149.7049230814372,Open,Open
726,24.20157757496741,120.78628650821685,Closed,Closed
727,24.234913081269013,145.91637959681944,Closed,Open
728,24.26824858757062,152.77561897474746,Open,Open
729,24.30158409387223,143.05383923930128,Closed,Open
730,24.334919600173837,149.7154249056932,Open,Open
731,24.368255106475445,155.65931555142606,Open,Open
732,24.401590612777053,153.5592115240464,Open,Open
733,24.43492611907866,152.14318917138246,Open,Open
734,24.46826162538027,146.37241494516633,Closed,Open
735,24.501597131681876,146.820588192507,Open,Open
736,24.534932637983484,137.12127183868668,Closed,Open
737,24.568268144285092,141.9045747236243,Closed,Open
738,24.6016036505867,138.41136239805985,Closed,Open
739,24.634939156888308,134.33250474617518,Closed,Open
740,24.668274663189916,138.3888160660942,Closed,Open
741,24.701610169491524,136.47502590467218,Closed,Open
742,24.73494567579313,142.79734108830664,Closed,Open
743,24.76828118209474,115.37934231950632,Closed,Closed
744,24.801616688396347,102.49970430218984,Closed,Closed
745,24.834952194697955,136.73958339370938,Closed,Open
746,24.868287700999563,126.55485358604956,Closed,Closed
747,24.90162320730117,134.83588121378205,Closed,Open
748,24.934958713602786,131.20911747324146,Closed,Open
749,24.96829421990439,129.27820006115172,Closed,Open
750,25.001629726206,128.82203381980156,Closed,Open
751,25.03496523250761,127.75283246495356,Closed,Closed
752,25.068300738809217,126.10240597867936,Closed,Closed
753,25.10163624511082,126.14116241437142,Closed,Closed
754,25.13497175141243,128.00826389841308,Closed,Open
755,25.168307257714037,126.52238518519944,Closed,Closed
756,25.201642764015645,124.50984451486713,Closed,Closed
757,25.234978270317253,125.02725910666544,Closed,Closed
758,25.26831377661886,122.84171896092045,Closed,Closed
759,25.30164928292047,120.70953729054222,Closed,Closed
760,25.334984789222077,121.22033559870675,Closed,Closed
761,25.368320295523684,126.52776839962394,Closed,Closed
762,25.401655801825292,136.59581777411034,Closed,Open
763,25.4349913081269,133.5446062034273,Closed,Open
764,25.468326814428508,138.8805711787656,Closed,Open
765,25.501662320730116,140.304144120925,Closed,Open
766,25.534997827031724,138.77075712375947,Closed,Open
767,25.56833333333333,137.8765100067708,Closed,Open
768,25.60166883963494,131.5505916812982,Closed,Open
769,25.635004345936547,132.71822416204373,Closed,Open
770,25.668339852238155,132.72707525141757,Closed,Open
771,25.701675358539763,128.71752194861978,Closed,Open
772,25.73501086484137,133.71541196754572,Closed,Open
773,25.76834637114298,128.5633931478289,Closed,Open
774,25.801681877444587,128.06591690883812,Closed,Open
775,25.8350173837462,125.42236711328688,Closed,Closed
776,25.86835289004781,126.44194685726671,Closed,Closed
777,25.901688396349417,123.322943303904,Closed,Closed
778,25.93502390265102,122.68359017350522,Closed,Closed
779,25.96835940895263,123.46350739863746,Closed,Closed
780,26.001694915254237,125.29246937376692,Closed,Closed
781,26.035030421555845,122.71091399008134,Closed,Closed
782,26.068365927857453,121.8710423360184,Closed,Closed
783,26.10170143415906,126.38460421082596,Closed,Closed
784,26.13503694046067,130.69226058250868,Closed,Open
785,26.168372446762277,134.35317095897506,Closed,Open
786,26.201707953063885,132.93053846592784,Closed,Open
787,26.235043459365492,130.1586774253933,Closed,Open
788,26.2683789656671,130.8429081426243,Closed,Open
789,26.301714471968708,135.33501604883054,Closed,Open
790,26.335049978270316,133.36814420755633,Closed,Open
791,26.368385484571924,126.72421222332426,Closed,Closed
792,26.40172099087353,124.90072374232976,Closed,Closed
793,26.43505649717514,123.31089013604957,Closed,Closed
794,26.468392003476747,120.85688619436954,Closed,Closed
795,26.501727509778355,122.0696129878098,Closed,Closed
796,26.535063016079963,124.20280367709807,Closed,Closed
797,26.56839852238157,118.61860452943506,Closed,Closed
798,26.60173402868318,118.3160896467394,Closed,Closed
799,26.635069534984787,118.41936938140736,Closed,Closed
800,26.668405041286395,115.07410372238768,Closed,Closed
801,26.701740547588003,108.21773243726936,Closed,Closed
802,26.735076053889617,126.88559172883592,Closed,Closed
803,26.768411560191225,136.917139654552,Closed,Open
804,26.80174706649283,141.91287591676812,Closed,Open
805,26.83508257279444,142.32418266482944,Closed,Open
806,26.868418079096045,113.08004246076564,Closed,Closed
807,26.901753585397653,139.74501289822166,Closed,Open
808,26.93508909169926,138.89711110500275,Closed,Open
809,26.96842459800087,135.39788557719487,Closed,Open
810,27.001760104302477,120.41672117244876,Closed,Closed
811,27.035095610604085,120.84365472423664,Closed,Closed
812,27.068431116905693,132.89695818755968,Closed,Open
813,27.1017666232073,130.57535176279242,Closed,Open
814,27.13510212950891,133.0964981137331,Closed,Open
815,27.168437635810516,128.62781945741287,Closed,Open
816,27.201773142112124,123.45555350301676,Closed,Closed
817,27.235108648413732,122.75657213265734,Closed,Closed
818,27.26844415471534,123.93097613965728,Closed,Closed
819,27.301779661016948,137.89530538822268,Closed,Open
820,27.335115167318556,137.1176560821781,Closed,Open
821,27.368450673620163,141.64325426776378,Closed,Open
822,27.40178617992177,141.01560166643873,Closed,Open
823,27.43512168622338,140.46049824923932,Closed,Open
824,27.468457192524987,138.6396109447299,Closed,Open
825,27.501792698826595,136.66322814601975,Closed,Open
826,27.535128205128203,134.65889982812536,Closed,Open
827,27.56846371142981,133.20555513487994,Closed,Open
828,27.60179921773142,133.02401327594262,Closed,Open
829,27.635134724033023,125.49039256127897,Closed,Closed
830,27.66847023033464,126.90950339126108,Closed,Closed
831,27.70180573663625,125.2012496435915,Closed,Closed
832,27.735141242937853,123.72792187952577,Closed,Closed
833,27.76847674923946,121.4106828964048,Closed,Closed
834,27.80181225554107,116.85877431638022,Closed,Closed
835,27.835147761842677,119.8715522170364,Closed,Closed
836,27.868483268144285,118.6721476476445,Closed,Closed
837,27.901818774445893,124.87482597193994,Closed,Closed
838,27.9351542807475,132.29434074479104,Closed,Open
839,27.96848978704911,142.21597951257394,Closed,Open
840,28.001825293350716,144.259761855813,Closed,Open
841,28.035160799652324,140.24660155760893,Closed,Open
842,28.068496305953932,135.72347254053875,Closed,Open
843,28.10183181225554,134.18623858235202,Closed,Open
844,28.135167318557148,134.32226444653622,Closed,Open
845,28.168502824858756,131.62633818115748,Closed,Open
846,28.201838331160364,130.9798206999034,Closed,Open
847,28.23517383746197,130.45586803212802,Closed,Open
848,28.26850934376358,127.6875794087412,Closed,Closed
849,28.301844850065187,127.53232856361652,Closed,Closed
850,28.335180356366795,128.55593268390703,Closed,Open
851,28.368515862668403,128.75205207318584,Closed,Open
852,28.40185136897001,124.33415180619455,Closed,Closed
853,28.43518687527162,124.08783440050206,Closed,Closed
854,28.468522381573223,127.07788405652344,Closed,Closed
855,28.50185788787483,128.03229999201687,Closed,Open
856,28.53519339417644,127.65158392984422,Closed,Closed
857,28.568528900478057,127.2346669994686,Closed,Closed
858,28.60186440677966,128.89228391900372,Closed,Open
859,28.63519991308127,128.36046249056773,Closed,Open
860,28.668535419382877,124.27186319667554,Closed,Closed
861,28.701870925684485,125.58140715646049,Closed,Closed
862,28.735206431986093,124.32323016721276,Closed,Closed
863,28.7685419382877,125.56866629724902,Closed,Closed
864,28.80187744458931,124.02646571216962,Closed,Closed
865,28.835212950890917,123.34054977959964,Closed,Closed
866,28.868548457192524,119.02976616620158,Closed,Closed
867,28.901883963494132,118.43148229122328,Closed,Closed
868,28.93521946979574,108.2370630297083,Closed,Closed
869,28.968554976097348,136.8942140870915,Closed,Open
870,29.001890482398956,138.47032273802125,Closed,Open
871,29.035225988700564,140.05715741908034,Closed,Open
872,29.06856149500217,137.06471806886017,Closed,Open
873,29.10189700130378,136.55069110664527,Closed,Open
874,29.135232507605387,134.46027495695256,Closed,Open
875,29.168568013906995,137.04316745057633,Closed,Open
876,29.201903520208603,130.31094326657265,Closed,Open
877,29.23523902651021,129.93865736061204,Closed,Open
878,29.26857453281182,126.5322181892331,Closed,Closed
879,29.301910039113427,129.63982004570812,Closed,Open
880,29.33524554541503,130.00066020508143,Closed,Open
881,29.36858105171664,127.44623646457812,Closed,Closed
882,29.40191655801825,124.40749055277963,Closed,Closed
883,29.435252064319855,124.72102734676022,Closed,Closed
884,29.46858757062147,121.7804496739512,Closed,Closed
885,29.501923076923077,121.2437159465734,Closed,Closed
886,29.535258583224685,121.15341714623696,Closed,Closed
887,29.568594089526293,126.45973793715896,Closed,Closed
888,29.6019295958279,138.83420503593507,Closed,Open
889,29.63526510212951,138.362476640924,Closed,Open
890,29.668600608431117,137.45203472867863,Closed,Open
891,29.701936114732725,136.87282658732894,Closed,Open
892,29.735271621034332,119.62925318167537,Closed,Closed
893,29.76860712733594,115.875611800924,Closed,Closed
894,29.801942633637548,119.72383812779717,Closed,Closed
895,29.835278139939156,126.64205317760896,Closed,Closed
896,29.868613646240764,121.43775812005352,Closed,Closed
897,29.90194915254237,118.953061544021,Closed,Closed
898,29.93528465884398,125.68978497243174,Closed,Closed
899,29.968620165145587,126.60669220174653,Closed,Closed
900,30.001955671447195,124.2583435012232,Closed,Closed
901,30.035291177748803,123.59187139831504,Closed,Closed
902,30.06862668405041,122.52602766801895,Closed,Closed
903,30.10196219035202,119.54342681786144,Closed,Closed
904,30.135297696653627,117.80216116092669,Closed,Closed
905,30.168633202955235,123.6384555324515,Closed,Closed
906,30.201968709256843,134.28875128376586,Closed,Open
907,30.23530421555845,138.09956840810798,Closed,Open
908,30.26863972186006,121.83463291148892,Closed,Closed
909,30.301975228161663,139.56451869762697,Closed,Open
910,30.33531073446327,138.08243569339487,Closed,Open
911,30.368646240764885,136.75728290832006,Closed,Open
912,30.401981747066493,129.29873227595778,Closed,Open
913,30.4353172533681,118.45708017179317,Closed,Closed
914,30.46865275966971,115.97381653630713,Closed,Closed
915,30.501988265971317,114.36535571227554,Closed,Closed
916,30.535323772272925,117.63034906886584,Closed,Closed
917,30.568659278574533,124.28032291372898,Closed,Closed
918,30.60199478487614,119.50471424416568,Closed,Closed
919,30.63533029117775,131.5949678916782,Closed,Open
920,30.668665797479356,121.22000806618418,Closed,Closed
921,30.702001303780964,122.32553128332144,Closed,Closed
922,30.735336810082572,112.5502632542091,Closed,Closed
923,30.76867231638418,114.62466283448616,Closed,Closed
924,30.802007822685788,122.15263185641368,Closed,Closed
925,30.835343328987395,133.56641954160858,Closed,Open
926,30.868678835289003,131.02700870002172,Closed,Open
927,30.90201434159061,118.49682997293417,Closed,Closed
928,30.93534984789222,123.49864434012328,Closed,Closed
929,30.968685354193827,114.175705383858,Closed,Closed
930,31.002020860495435,115.04007690877133,Closed,Closed
931,31.035356366797043,105.77602470041514,Closed,Closed
932,31.06869187309865,113.157625207758,Closed,Closed
933,31.10202737940026,130.54868984148834,Closed,Open
934,31.135362885701863,130.24750991075263,Closed,Open
935,31.16869839200347,122.4904009739282,Closed,Closed
936,31.20203389830508,126.68480108435132,Closed,Closed
937,31.23536940460669,128.77063172467265,Closed,Open
938,31.2687049109083,122.74972917679482,Closed,Closed
939,31.30204041720991,122.89487872865452,Closed,Closed
940,31.335375923511517,122.36775447472893,Closed,Closed
941,31.368711429813125,120.35770699686296,Closed,Closed
942,31.402046936114733,121.42991821320685,Closed,Closed
943,31.43538244241634,121.14416579540608,Closed,Closed
944,31.46871794871795,119.30452228276948,Closed,Closed
945,31.502053455019556,120.84820395524012,Closed,Closed
946,31.535388961321164,125.03920567738469,Closed,Closed
947,31.568724467622772,139.03270096586277,Closed,Open
948,31.60205997392438,142.2703821848379,Closed,Open
949,31.635395480225988,138.8470755081174,Closed,Open
950,31.668730986527596,135.59531741154177,Closed,Open
951,31.702066492829204,135.0184143662554,Closed,Open
952,31.73540199913081,136.9049163885013,Closed,Open
953,31.76873750543242,134.3947129754086,Closed,Open
954,31.802073011734027,133.5649061138771,Closed,Open
955,31.835408518035635,133.18736542199866,Closed,Open
956,31.868744024337243,122.46289648413055,Closed,Closed
957,31.90207953063885,118.51120285196367,Closed,Closed
958,31.93541503694046,117.06141893240232,Closed,Closed
959,31.968750543242063,129.12811610089767,Closed,Open
960,32.00208604954368,132.5579388796474,Closed,Open
961,32.03542155584528,129.6787436004703,Closed,Open
962,32.068757062146894,127.65858316143532,Closed,Closed
963,32.1020925684485,129.1836154495422,Closed,Open
964,32.13542807475011,137.15500195777184,Closed,Open
965,32.168763581051714,139.7256115727464,Closed,Open
966,32.202099087353325,140.74972766466357,Closed,Open
967,32.23543459365493,139.56159849066762,Closed,Open
968,32.26877009995654,130.12653516739266,Closed,Open
969,32.302105606258145,133.8073077919287,Closed,Open
970,32.33544111255976,135.3938677481591,Closed,Open
971,32.36877661886136,139.08997337407473,Closed,Open
972,32.40211212516297,135.34049751521297,Closed,Open
973,32.43544763146458,126.03260513086944,Closed,Closed
974,32.46878313776619,129.17381023052013,Closed,Open
975,32.50211864406779,130.61287997949472,Closed,Open
976,32.535454150369404,125.11221895314998,Closed,Closed
977,32.56878965667101,122.92194462341617,Closed,Closed
978,32.60212516297262,122.69403369011737,Closed,Closed
979,32.63546066927423,119.20213505649936,Closed,Closed
980,32.668796175575835,118.62804810451658,Closed,Closed
981,32.70213168187745,115.86815861840964,Closed,Closed
982,32.73546718817905,120.96167281921171,Closed,Closed
983,32.76880269448066,127.66004532728206,Closed,Closed
984,32.80213820078227,132.8251063915868,Closed,Open
985,32.83547370708388,138.06758921787332,Closed,Open
986,32.86880921338548,142.20074397890104,Closed,Open
987,32.902144719687094,142.51242199720812,Closed,Open
988,32.9354802259887,144.72854309165265,Closed,Open
989,32.96881573229031,145.3140242583728,Closed,Open
990,33.002151238591914,138.4584369799315,Closed,Open
991,33.035486744893525,140.5779710674655,Closed,Open
992,33.06882225119513,130.56059026927247,Closed,Open
993,33.10215775749674,134.4866553596279,Closed,Open
994,33.135493263798345,132.4539987353395,Closed,Open
995,33.16882877009996,137.23466367878996,Closed,Open
996,33.20216427640156,120.13702546171098,Closed,Closed
997,33.23549978270317,134.11318117204917,Closed,Open
998,33.26883528900478,131.19534068169247,Closed,Open
999,33.30217079530639,127.3988250124222,Closed,Closed
1000,33.33550630160799,118.25734313031732,Closed,Closed
1001,33.368841807909604,124.5725505861602,Closed,Closed
1002,33.40217731421121,120.56652660349394,Closed,Closed
1003,33.43551282051282,118.23830442123848,Closed,Closed
1004,33.468848326814424,117.60633978692432,Closed,Closed
1005,33.502183833116035,113.4227742279881,Closed,Closed
1006,33.53551933941765,111.53544602466984,Closed,Closed
1007,33.56885484571925,121.32355802743952,Closed,Closed
1008,33.60219035202086,128.78908426224166,Closed,Open
1009,33.63552585832247,136.92755101435625,Closed,Open
1010,33.66886136462408,136.63303109237847,Closed,Open
1011,33.70219687092568,135.71882736021382,Closed,Open
1012,33.735532377227294,135.96797448270496,Closed,Open
1013,33.7688678835289,131.1475244802922,Closed,Open
1014,33.80220338983051,132.11992041084557,Closed,Open
1015,33.835538896132114,132.92672344041716,Closed,Open
1016,33.868874402433725,133.69558370750445,Closed,Open
1017,33.90220990873533,136.2462057438142,Closed,Open
1018,33.93554541503694,136.7138184919566,Closed,Open
1019,33.968880921338545,131.00906557007573,Closed,Open
1020,34.00221642764016,130.38266014334147,Closed,Open
1021,34.03555193394176,131.8302532941196,Closed,Open
1022,34.06888744024337,132.2162356662566,Closed,Open
1023,34.10222294654498,129.48762815621006,Closed,Open
1024,34.13555845284659,124.71279455348449,Closed,Closed
1025,34.16889395914819,128.15894227756928,Closed,Open
1026,34.202229465449804,125.03998910964116,Closed,Closed
1027,34.23556497175141,123.60637797091498,Closed,Closed
1028,34.26890047805302,125.3567112693934,Closed,Closed
1029,34.302235984354624,130.44254316899355,Closed,Open
1030,34.335571490656235,139.53370251829648,Closed,Open
1031,34.36890699695784,136.8217539614705,Closed,Open
1032,34.40224250325945,144.47337948031878,Closed,Open
1033,34.43557800956106,147.4844654695418,Open,Open
1034,34.46891351586267,139.4766394146665,Closed,Open
1035,34.50224902216428,139.4325804607334,Closed,Open
1036,34.53558452846588,134.6081611678335,Closed,Open
1037,34.568920034767494,137.7646503918181,Closed,Open
1038,34.6022555410691,138.9672973655601,Closed,Open
1039,34.63559104737071,138.01366962853336,Closed,Open
1040,34.668926553672314,134.9157234992849,Closed,Open
1041,34.702262059973926,129.50885539783377,Closed,Open
1042,34.73559756627553,130.0282778377847,Closed,Open
1043,34.76893307257714,129.24698581211368,Closed,Open
1044,34.802268578878746,130.40336001452778,Closed,Open
1045,34.83560408518036,128.5184990930569,Closed,Open
1046,34.86893959148196,129.324399130928,Closed,Open
1047,34.90227509778357,130.81781597800932,Closed,Open
1048,34.93561060408518,129.30191509909912,Closed,Open
1049,34.96894611038679,125.83439873120864,Closed,Closed
1050,35.00228161668839,131.24937608082445,Closed,Open
1051,35.035617122990004,132.79669999272645,Closed,Open
1052,35.06895262929161,136.06319897943638,Closed,Open
1053,35.10228813559322,135.32084027836288,Closed,Open
1054,35.135623641894824,136.21808477452473,Closed,Open
1055,35.168959148196436,137.71400610488092,Closed,Open
1056,35.20229465449804,136.19611765153988,Closed,Open
1057,35.23563016079965,135.5816637051824,Closed,Open
1058,35.268965667101256,137.55337955990672,Closed,Open
1059,35.30230117340287,137.06961017520806,Closed,Open
1060,35.33563667970447,135.9556837201265,Closed,Open
1061,35.36897218600608,133.9890701616051,Closed,Open
1062,35.402307692307694,130.9402061903457,Closed,Open
1063,35.4356431986093,127.21279425212816,Closed,Closed
1064,35.46897870491091,128.85299891782495,Closed,Open
1065,35.502314211212514,126.23790396642724,Closed,Closed
1066,35.535649717514126,135.50129545165976,Closed,Open
1067,35.56898522381573,136.75111219699204,Closed,Open
1068,35.60232073011734,141.6106395990202,Closed,Open
1069,35.635656236418946,139.9401388224494,Closed,Open
1070,35.66899174272056,140.28667212160565,Closed,Open
1071,35.70232724902216,137.47170900130442,Closed,Open
1072,35.73566275532377,138.3019045119736,Closed,Open
1073,35.76899826162538,136.13679486835713,Closed,Open
1074,35.80233376792699,136.6422282133067,Closed,Open
1075,35.83566927422859,137.17246367248018,Closed,Open
1076,35.869004780530204,132.11425917829513,Closed,Open
1077,35.90234028683181,132.14205841316306,Closed,Open
1078,35.93567579313342,131.14408358489584,Closed,Open
1079,35.969011299435024,128.17439657589307,Closed,Open
1080,36.002346805736636,124.88598784353984,Closed,Closed
1081,36.03568231203824,121.92499475587742,Closed,Closed
1082,36.06901781833985,120.05976508650994,Closed,Closed
1083,36.102353324641456,121.59279616124894,Closed,Closed
1084,36.13568883094307,118.0303809734272,Closed,Closed
1085,36.16902433724467,116.117602967118,Closed,Closed
1086,36.20235984354628,116.73563926549296,Closed,Closed
1087,36.23569534984789,126.48696052715688,Closed,Closed
1088,36.2690308561495,129.39345569792255,Closed,Open
1089,36.30236636245111,139.08521543025302,Closed,Open
1090,36.335701868752714,138.71043396359698,Closed,Open
1091,36.369037375054326,137.076904841035,Closed,Open
1092,36.40237288135593,134.95857764798276,Closed,Open
1093,36.43570838765754,134.5028206341031,Closed,Open
1094,36.469043893959146,136.33086251114534,Closed,Open
1095,36.50237940026076,135.2789768293744,Closed,Open
1096,36.53571490656236,139.34983048798165,Closed,Open
1097,36.56905041286397,139.6623874209339,Closed,Open
1098,36.60238591916558,134.21418222822436,Closed,Open
1099,36.63572142546719,131.33586113183205,Closed,Open
1100,36.66905693176879,136.63172989062664,Closed,Open
1101,36.702392438070405,131.93315001234365,Closed,Open
1102,36.73572794437201,134.09165213353018,Closed,Open
1103,36.76906345067362,136.47650402980494,Closed,Open
1104,36.802398956975225,131.77483098547447,Closed,Open
1105,36.83573446327683,132.87180705119425,Closed,Open
1106,36.86906996957844,126.64637696493472,Closed,Closed
1107,36.90240547588005,130.13693301772742,Closed,Open
1108,36.935740982181656,132.11124129669702,Closed,Open
1109,36.96907648848327,133.3394168316498,Closed,Open
1110,37.00241199478487,137.87037805129432,Closed,Open
1111,37.03574750108648,134.96701946245005,Closed,Open
1112,37.06908300738809,136.56476235150325,Closed,Open
1113,37.1024185136897,137.3036872419068,Closed,Open
1114,37.1357540199913,136.8451526926969,Closed,Open
1115,37.169089526292915,142.0013283589052,Closed,Open
1116,37.202425032594526,136.83804039611005,Closed,Open
1117,37.23576053889613,140.3789764815486,Closed,Open
1118,37.26909604519774,139.57847022300956,Closed,Open
1119,37.302431551499346,135.87161437812208,Closed,Open
1120,37.33576705780096,134.20145095915385,Closed,Open
1121,37.36910256410256,131.03435755802832,Closed,Open
1122,37.40243807040417,128.13430157653602,Closed,Open
1123,37.43577357670578,132.53910855725763,Closed,Open
1124,37.46910908300739,125.09033972989022,Closed,Closed
1125,37.50244458930899,131.3656930508766,Closed,Open
1126,37.535780095610605,129.1611444734462,Closed,Open
1127,37.56911560191221,127.73024077109685,Closed,Closed
1128,37.60245110821382,128.4969283911742,Closed,Open
1129,37.635786614515425,130.44009737036217,Closed,Open
1130,37.66912212081704,128.70319419836608,Closed,Open
1131,37.70245762711864,125.87670110459388,Closed,Closed
1132,37.73579313342025,129.66564121683348,Closed,Open
1133,37.769128639721856,134.6435784177817,Closed,Open
1134,37.80246414602347,134.6505888977553,Closed,Open
1135,37.83579965232507,137.31965580728024,Closed,Open
1136,37.86913515862668,138.62456574807484,Closed,Open
1137,37.90247066492829,138.72447646498824,Closed,Open
1138,37.9358061712299,136.56913420067704,Closed,Open
1139,37.9691416775315,135.09919059962857,Closed,Open
1140,38.002477183833115,134.72923733063698,Closed,Open
1141,38.03581269013472,134.1473272360567,Closed,Open
1142,38.06914819643633,139.03007390871252,Closed,Open
1143,38.10248370273794,138.74634573114884,Closed,Open
1144,38.135819209039546,138.0708142887633,Closed,Open
1145,38.16915471534116,135.00059457612673,Closed,Open
1146,38.20249022164276,135.256691650697,Closed,Open
1147,38.23582572794437,135.26518507372424,Closed,Open
1148,38.26916123424598,131.34505069373384,Closed,Open
1149,38.30249674054759,129.72067835226113,Closed,Open
1150,38.33583224684919,131.6367978174849,Closed,Open
1151,38.369167753150805,129.65839485872186,Closed,Open
1152,38.40250325945241,127.30453981932725,Closed,Closed
1153,38.43583876575402,125.43168075950992,Closed,Closed
1154,38.469174272055625,123.27317923015644,Closed,Closed
1155,38.50250977835723,126.9919835971561,Closed,Closed
1156,38.53584528465884,129.3863556399632,Closed,Open
1157,38.56918079096045,131.1792958811859,Closed,Open
1158,38.602516297262056,131.11961382166996,Closed,Open
1159,38.63585180356367,134.1337053712083,Closed,Open
1160,38.66918730986527,138.1399158920458,Closed,Open
1161,38.70252281616688,138.03926923753656,Closed,Open
1162,38.73585832246849,132.2998594091452,Closed,Open
1163,38.7691938287701,135.62760733605592,Closed,Open
1164,38.8025293350717,132.08063502628386,Closed,Open
1165,38.835864841373315,134.4602410632013,Closed,Open
1166,38.86920034767492,138.23242762200277,Closed,Open
1167,38.90253585397653,140.06122741928328,Closed,Open
1168,38.935871360278135,140.78506992283502,Closed,Open
1169,38.969206866579746,134.35248781846576,Closed,Open
1170,39.00254237288136,136.02266294367706,Closed,Open
1171,39.03587787918296,134.297481840918,Closed,Open
1172,39.069213385484574,130.74837572218323,Closed,Open
1173,39.10254889178618,132.4258709399394,Closed,Open
1174,39.13588439808779,132.7280473743721,Closed,Open
1175,39.169219904389394,128.66776726030713,Closed,Open
1176,39.202555410691005,127.84847829648533,Closed,Closed
1177,39.23589091699261,127.21076199006367,Closed,Closed
1178,39.26922642329422,125.629707046009,Closed,Closed
1179,39.302561929595825,125.18625978802532,Closed,Closed
1180,39.33589743589744,127.36900121959695,Closed,Closed
1181,39.36923294219904,131.40955139699724,Closed,Open
1182,39.40256844850065,140.61768977939744,Closed,Open
1183,39.43590395480226,132.68396383703816,Closed,Open
1184,39.46923946110387,136.31054502138602,Closed,Open
1185,39.50257496740547,127.84809240771432,Closed,Closed
1186,39.53591047370709,132.1494659096712,Closed,Open
1187,39.56924598000869,132.33971847554244,Closed,Open
1188,39.6025814863103,132.4586028485871,Closed,Open
1189,39.635916992611904,130.86367992653453,Closed,Open
1190,39.669252498913515,138.22611796132827,Closed,Open
1191,39.70258800521512,136.66599619502358,Closed,Open
1192,39.73592351151673,138.5370941792595,Closed,Open
1193,39.769259017818335,136.01130421767976,Closed,Open
1194,39.80259452411995,132.05026065474135,Closed,Open
1195,39.83593003042155,132.35327506714904,Closed,Open
1196,39.86926553672316,131.80193707378805,Closed,Open
1197,39.902601043024774,131.02278206066603,Closed,Open
1198,39.93593654932638,132.17076532251969,Closed,Open
1199,39.96927205562799,127.5402148339605,Closed,Closed
1200,40.002607561929594,125.11303177021384,Closed,Closed
1201,40.035943068231205,123.72553960814682,Closed,Closed
1202,40.06927857453281,121.8342411382613,Closed,Closed
1203,40.10261408083442,130.5896806966894,Closed,Open
1204,40.135949587136025,135.17050713457235,Closed,Open
1205,40.16928509343764,129.11746219651093,Closed,Open
1206,40.20262059973924,130.25561538835356,Closed,Open
1207,40.23595610604085,130.20113723676977,Closed,Open
1208,40.26929161234246,134.77280042412264,Closed,Open
1209,40.30262711864407,131.29440599098126,Closed,Open
1210,40.33596262494567,126.87460150593584,Closed,Closed
1211,40.36929813124728,127.5096710793404,Closed,Closed
1212,40.40263363754889,127.85824074163912,Closed,Closed
1213,40.4359691438505,129.40329878605334,Closed,Open
1214,40.469304650152104,129.48323553420315,Closed,Open
1215,40.502640156453715,131.7448589198057,Closed,Open
1216,40.53597566275532,134.4924544695168,Closed,Open
1217,40.56931116905693,136.21930695304505,Closed,Open
1218,40.602646675358535,137.09330240847927,Closed,Open
1219,40.63598218166015,132.8477345598545,Closed,Open
1220,40.66931768796175,133.36524550152646,Closed,Open
1221,40.70265319426336,137.8692857521049,Closed,Open
1222,40.73598870056497,132.8542878948682,Closed,Open
1223,40.76932420686658,134.2201691425522,Closed,Open
1224,40.80265971316819,136.7126993201844,Closed,Open
1225,40.835995219469794,132.31404932738786,Closed,Open
1226,40.869330725771405,134.0009796143449,Closed,Open
1227,40.90266623207301,133.36081226161485,Closed,Open
1228,40.93600173837462,133.16530819568675,Closed,Open
1229,40.969337244676225,130.53340713968993,Closed,Open
1230,41.00267275097784,126.24769418848442,Closed,Closed
1231,41.03600825727944,128.36953365278606,Closed,Open
1232,41.06934376358105,128.46994244942778,Closed,Open
1233,41.10267926988266,126.72008104930843,Closed,Closed
1234,41.13601477618427,126.63431758515983,Closed,Closed
1235,41.16935028248587,126.16333195386514,Closed,Closed
1236,41.20268578878749,125.01300489385036,Closed,Closed
1237,41.23602129508909,129.02608549533645,Closed,Open
1238,41.2693568013907,128.0140172095841,Closed,Open
1239,41.302692307692304,131.12592872421294,Closed,Open
1240,41.336027813993915,132.76846563700337,Closed,Open
1241,41.36936332029552,131.67872530844744,Closed,Open
1242,41.40269882659713,129.54792300296478,Closed,Open
1243,41.436034332898735,135.44103767857683,Closed,Open
1244,41.46936983920035,133.70657356730834,Closed,Open
1245,41.50270534550195,133.5164453742571,Closed,Open
1246,41.53604085180356,132.49169933696572,Closed,Open
1247,41.56937635810517,136.35361388080923,Closed,Open
1248,41.60271186440678,134.06503181187642,Closed,Open
1249,41.63604737070838,134.85995100293798,Closed,Open
1250,41.669382877009994,136.15869207653117,Closed,Open
1251,41.702718383311606,134.41025792176123,Closed,Open
1252,41.73605388961321,138.2365349860135,Closed,Open
1253,41.76938939591482,142.90733059248214,Closed,Open
1254,41.802724902216426,146.21576022337516,Closed,Open
1255,41.83606040851804,149.7322280772171,Open,Open
1256,41.86939591481964,148.2848097810396,Open,Open
1257,41.90273142112125,143.46843493594648,Closed,Open
1258,41.93606692742286,141.8134944344468,Closed,Open
1259,41.96940243372447,138.33960616945504,Closed,Open
1260,42.00273794002607,133.42495668077106,Closed,Open
1261,42.03607344632768,135.14779720484617,Closed,Open
1262,42.06940895262929,129.9022069004993,Closed,Open
1263,42.1027444589309,126.15144881441526,Closed,Closed
1264,42.136079965232504,129.0307380386277,Closed,Open
1265,42.16941547153411,127.04137660330514,Closed,Closed
1266,42.20275097783572,126.06823104516866,Closed,Closed
1267,42.23608648413733,123.55132807540146,Closed,Closed
1268,42.269421990438936,123.89237714959346,Closed,Closed
1269,42.30275749674055,122.96849120907429,Closed,Closed
1270,42.33609300304215,122.86673780631122,Closed,Closed
1271,42.36942850934376,124.2319757925268,Closed,Closed
1272,42.40276401564537,123.25014187892909,Closed,Closed
1273,42.43609952194698,125.23250181402948,Closed,Closed
1274,42.46943502824858,126.8113978401194,Closed,Closed
1275,42.502770534550194,127.1040220152866,Closed,Closed
1276,42.5361060408518,126.3390963489981,Closed,Closed
1277,42.56944154715341,126.62201186267424,Closed,Closed
1278,42.60277705345502,128.4377946255771,Closed,Open
1279,42.636112559756626,129.4206947386698,Closed,Open
1280,42.66944806605824,129.95525094981605,Closed,Open
1281,42.70278357235984,132.3086670836795,Closed,Open
1282,42.73611907866145,135.41811861166758,Closed,Open
1283,42.76945458496306,136.43195832770618,Closed,Open
1284,42.80279009126467,131.35604854249155,Closed,Open
1285,42.83612559756627,136.20298469460386,Closed,Open
1286,42.86946110386789,133.0437193597127,Closed,Open
1287,42.90279661016949,132.2599084995846,Closed,Open
1288,42.9361321164711,132.3337799573934,Closed,Open
1289,42.969467622772704,132.43156308091815,Closed,Open
1290,43.00280312907432,132.5054446452114,Closed,Open
1291,43.03613863537592,131.61878905557143,Closed,Open
1292,43.06947414167753,132.92004122757734,Closed,Open
1293,43.102809647979136,134.11490254917487,Closed,Open
1294,43.13614515428075,135.04835428089007,Closed,Open
1295,43.16948066058235,136.64898798083976,Closed,Open
1296,43.20281616688396,142.00274346807615,Closed,Open
1297,43.23615167318557,140.46146229306905,Closed,Open
1298,43.26948717948718,141.11846997902475,Closed,Open
1299,43.30282268578878,137.52068670386402,Closed,Open
1300,43.336158192090394,144.05339318042903,Closed,Open
1301,43.369493698392,143.0491260587424,Closed,Open
1302,43.40282920469361,141.8284570182151,Closed,Open
1303,43.436164710995214,141.3540444858343,Closed,Open
1304,43.469500217296826,141.255070567205,Closed,Open
1305,43.50283572359844,136.92528939171595,Closed,Open
1306,43.53617122990004,135.6204644561334,Closed,Open
1307,43.56950673620165,135.10206269500685,Closed,Open
1308,43.60284224250326,135.02845160078203,Closed,Open
1309,43.63617774880487,133.98627697687726,Closed,Open
1310,43.66951325510647,130.69943726801628,Closed,Open
1311,43.70284876140808,131.82589548445586,Closed,Open
1312,43.73618426770969,131.318602136341,Closed,Open
1313,43.7695197740113,129.72253807221952,Closed,Open
1314,43.802855280312905,133.1117619701767,Closed,Open
1315,43.83619078661451,129.93367056948438,Closed,Open
1316,43.86952629291612,131.66286879808297,Closed,Open
1317,43.90286179921773,129.79817322808535,Closed,Open
1318,43.936197305519336,128.6521412572882,Closed,Open
1319,43.96953281182095,132.99583409901513,Closed,Open
1320,44.00286831812255,134.47881656201386,Closed,Open
1321,44.03620382442416,135.9678585486467,Closed,Open
1322,44.06953933072577,136.4900981374151,Closed,Open
1323,44.10287483702738,136.28325785951506,Closed,Open
1324,44.13621034332898,125.38579396264032,Closed,Closed
1325,44.169545849630595,134.7721021545904,Closed,Open
1326,44.2028813559322,120.20306602931583,Closed,Closed
1327,44.23621686223381,129.74007837316628,Closed,Open
1328,44.269552368535415,136.29377360219632,Closed,Open
1329,44.302887874837026,141.54595836246835,Closed,Open
1330,44.33622338113863,139.66026909402714,Closed,Open
1331,44.36955888744024,142.38489860459188,Closed,Open
1332,44.402894393741846,143.59657940938357,Closed,Open
1333,44.43622990004346,136.32150738645447,Closed,Open
1334,44.46956540634507,132.7523438878728,Closed,Open
1335,44.50290091264667,132.67143074006316,Closed,Open
1336,44.536236418948285,134.79206101248673,Closed,Open
1337,44.56957192524989,135.62363483097602,Closed,Open
1338,44.6029074315515,123.0484960036572,Closed,Closed
1339,44.636242937853105,112.9812445446034,Closed,Closed
1340,44.66957844415472,115.89187171913042,Closed,Closed
1341,44.70291395045632,110.4979843137098,Closed,Closed
1342,44.73624945675793,107.78638201030682,Closed,Closed
1343,44.769584963059536,117.8355860998056,Closed,Closed
1344,44.80292046936115,110.90221823119492,Closed,Closed
1345,44.83625597566275,110.04655992205244,Closed,Closed
1346,44.86959148196436,110.13533261127225,Closed,Closed
1347,44.90292698826597,109.53922470510524,Closed,Closed
1348,44.93626249456758,111.15917304061026,Closed,Closed
1349,44.96959800086918,119.15054738325506,Closed,Closed
1350,45.002933507170795,117.25746114908392,Closed,Closed
1351,45.0362690134724,115.87648837492613,Closed,Closed
1352,45.06960451977401,107.35059145585818,Closed,Closed
1353,45.102940026075615,135.4784596117565,Closed,Open
1354,45.136275532377226,140.203622090374,Closed,Open
1355,45.16961103867883,126.61557873419773,Closed,Closed
1356,45.20294654498044,131.13199127538837,Closed,Open
1357,45.236282051282046,147.19588760927243,Open,Open
1358,45.26961755758366,117.05489963807324,Closed,Closed
1359,45.30295306388526,130.4858893713494,Closed,Open
1360,45.33628857018687,119.75461836781064,Closed,Closed
1361,45.369624076488485,116.05292182523615,Closed,Closed
1362,45.40295958279009,121.78325671019658,Closed,Closed
1363,45.4362950890917,134.03053595612488,Closed,Open
1364,45.469630595393305,130.550099252998,Closed,Open
1365,45.50296610169491,113.42460958974424,Closed,Closed
1366,45.53630160799652,114.15021116178085,Closed,Closed
1367,45.56963711429813,140.7178027004532,Closed,Open
1368,45.602972620599736,141.9701195276624,Closed,Open
1369,45.63630812690135,137.85339559783318,Closed,Open
1370,45.66964363320295,135.4108667706208,Closed,Open
1371,45.70297913950456,135.54063706297535,Closed,Open
1372,45.73631464580617,131.8576994486925,Closed,Open
1373,45.76965015210778,134.7719661478382,Closed,Open
1374,45.80298565840938,132.32709828337588,Closed,Open
1375,45.836321164710995,133.9321247052848,Closed,Open
1376,45.8696566710126,133.24087774562284,Closed,Open
1377,45.90299217731421,117.0446750595808,Closed,Closed
1378,45.936327683615815,129.30429693117077,Closed,Open
1379,45.969663189917426,116.8914827532829,Closed,Closed
1380,46.00299869621903,130.05817984051146,Closed,Open
1381,46.03633420252064,132.61213159492388,Closed,Open
1382,46.069669708822246,125.50919799732382,Closed,Closed
1383,46.10300521512386,129.43842282207353,Closed,Open
1384,46.13634072142546,127.4196452394136,Closed,Closed
1385,46.169676227727074,123.72233715170938,Closed,Closed
1386,46.20301173402868,127.18722998778355,Closed,Closed
1387,46.23634724033029,126.4318567302262,Closed,Closed
1388,46.2696827466319,120.7418457197533,Closed,Closed
1389,46.303018252933505,135.75902979819577,Closed,Open
1390,46.33635375923512,137.1436507972674,Closed,Open
1391,46.36968926553672,129.3290242418484,Closed,Open
1392,46.40302477183833,116.98123926799671,Closed,Closed
1393,46.43636027813994,115.0104273588688,Closed,Closed
1394,46.46969578444155,137.68849239925032,Closed,Open
1395,46.50303129074315,137.5609801185434,Closed,Open
1396,46.53636679704477,137.13124971766567,Closed,Open
1397,46.56970230334637,136.36052583469183,Closed,Open
1398,46.60303780964798,119.13658966957198,Closed,Closed
1399,46.636373315949584,130.1437264217705,Closed,Open
1400,46.669708822251195,129.74454270550967,Closed,Open
1401,46.7030443285528,121.7103152659836,Closed,Closed
1402,46.73637983485441,120.7225707716509,Closed,Closed
1403,46.769715341156015,119.12015406455284,Closed,Closed
1404,46.80305084745763,114.28482901881354,Closed,Closed
1405,46.83638635375923,127.6199117861187,Closed,Closed
1406,46.86972186006084,123.33414407214576,Closed,Closed
1407,46.90305736636245,114.97837410299223,Closed,Closed
1408,46.93639287266406,128.98735315838462,Closed,Open
1409,46.96972837896566,125.19033314322276,Closed,Closed
1410,47.003063885267274,102.33135071473728,Closed,Closed
1411,47.03639939156888,111.79570060639485,Closed,Closed
1412,47.06973489787049,113.19400461804952,Closed,Closed
1413,47.103070404172094,124.19855779501653,Closed,Closed
1414,47.136405910473705,125.33906030632345,Closed,Closed
1415,47.16974141677532,125.1440095439898,Closed,Closed
1416,47.20307692307692,125.4765520215406,Closed,Closed
1417,47.23641242937853,125.42818092406536,Closed,Closed
1418,47.26974793568014,127.9873836372816,Closed,Open
1419,47.30308344198175,127.91984038718834,Closed,Closed
1420,47.33641894828335,133.50095953699994,Closed,Open
1421,47.36975445458496,118.92574927690396,Closed,Closed
1422,47.40308996088657,132.40815034077875,Closed,Open
1423,47.43642546718818,132.51224398661856,Closed,Open
1424,47.469760973489784,136.0889383498523,Closed,Open
1425,47.503096479791395,140.10730375097316,Closed,Open
1426,47.536431986093,134.22912197918404,Closed,Open
1427,47.56976749239461,131.97564203794292,Closed,Open
1428,47.603102998696215,132.35832730966615,Closed,Open
1429,47.63643850499783,114.78148843737142,Closed,Closed
1430,47.66977401129943,127.07110098227912,Closed,Closed
1431,47.70310951760104,123.35336894911252,Closed,Closed
1432,47.73644502390265,124.3281260087594,Closed,Closed
1433,47.76978053020426,125.24063668284307,Closed,Closed
1434,47.80311603650586,120.24424741688752,Closed,Closed
1435,47.836451542807474,125.9883043107711,Closed,Closed
1436,47.86978704910908,123.4313148784666,Closed,Closed
1437,47.90312255541069,126.06333231858476,Closed,Closed
1438,47.936458061712294,129.51397865355307,Closed,Open
1439,47.969793568013905,130.74141536423147,Closed,Open
1440,48.00312907431551,120.71321502770962,Closed,Closed
1441,48.03646458061712,131.22427471541823,Closed,Open
1442,48.06980008691873,128.65028258715233,Closed,Open
1443,48.10313559322034,128.0762014213495,Closed,Open
1444,48.13647109952195,129.3978733672154,Closed,Open
1445,48.16980660582355,128.7186654982946,Closed,Open
1446,48.20314211212517,127.32402777299184,Closed,Closed
1447,48.23647761842677,125.24938869229804,Closed,Closed
1448,48.26981312472838,125.7436249939282,Closed,Closed
1449,48.303148631029984,127.10715997068996,Closed,Closed
1450,48.336484137331595,130.11328329727291,Closed,Open
1451,48.3698196436332,128.53679798678309,Closed,Open
1452,48.40315514993481,129.23943332753322,Closed,Open
1453,48.436490656236415,132.32153362042254,Closed,Open
1454,48.46982616253803,130.8240393646614,Closed,Open
1455,48.50316166883963,132.9185752188706,Closed,Open
1456,48.53649717514124,131.12029134470544,Closed,Open
1457,48.56983268144285,131.26811055130094,Closed,Open
1458,48.60316818774446,135.13185105050167,Closed,Open
1459,48.63650369404606,130.0934798557308,Closed,Open
1460,48.669839200347674,127.7420040680105,Closed,Closed
1461,48.70317470664928,133.74881139440808,Closed,Open
1462,48.73651021295089,135.67812558918018,Closed,Open
1463,48.769845719252494,141.40320838011115,Closed,Open
1464,48.803181225554106,134.47363674185567,Closed,Open
1465,48.83651673185571,137.9327458520089,Closed,Open
1466,48.86985223815732,138.90554548712987,Closed,Open
1467,48.903187744458926,140.3958288402282,Closed,Open
1468,48.93652325076054,136.96264012822178,Closed,Open
1469,48.96985875706215,134.93324339257376,Closed,Open
1470,49.00319426336375,133.07491501243476,Closed,Open
1471,49.03652976966536,130.9148745538127,Closed,Open
1472,49.06986527596697,132.30478108034688,Closed,Open
1473,49.10320078226858,126.54888826142772,Closed,Closed
1474,49.136536288570184,128.70952167539463,Closed,Open
1475,49.16987179487179,126.64155623231926,Closed,Closed
1476,49.2032073011734,124.92501632680604,Closed,Closed
1477,49.23654280747501,125.32648205515912,Closed,Closed
1478,49.269878313776616,129.19494142962083,Closed,Open
1479,49.30321382007823,124.59182510221387,Closed,Closed
1480,49.33654932637983,126.4252372898652,Closed,Closed
1481,49.36988483268144,123.02300631635988,Closed,Closed
1482,49.40322033898305,126.89773707902565,Closed,Closed
1483,49.43655584528466,121.52443966642808,Closed,Closed
1484,49.46989135158626,127.40944621810596,Closed,Closed
1485,49.503226857887874,127.51903799366217,Closed,Closed
1486,49.53656236418948,128.03087072125783,Closed,Open
1487,49.56989787049109,125.00016076084698,Closed,Closed
1488,49.603233376792694,125.60696220199544,Closed,Closed
1489,49.636568883094306,119.3926306393634,Closed,Closed
1490,49.66990438939591,126.28875488113135,Closed,Closed
1491,49.70323989569752,122.83770512876536,Closed,Closed
1492,49.736575401999126,119.00918327494249,Closed,Closed
1493,49.76991090830074,129.32687752379752,Closed,Open
1494,49.80324641460234,128.41488742054673,Closed,Open
1495,49.83658192090395,131.5932357392578,Closed,Open
1496,49.86991742720557,120.8992885189354,Closed,Closed
1497,49.90325293350717,119.33454960623448,Closed,Closed
1498,49.93658843980878,116.37364727767672,Closed,Closed
1499,49.969923946110384,129.58663218713275,Closed,Open
1500,50.003259452412,130.17124539821714,Closed,Open
1501,50.0365949587136,129.67843952304582,Closed,Open
1502,50.06993046501521,130.33031640934877,Closed,Open
1503,50.103265971316816,133.04790359848155,Closed,Open
1504,50.13660147761843,131.96871441124972,Closed,Open
1505,50.16993698392003,129.77993612790416,Closed,Open
1506,50.20327249022164,127.36375770546368,Closed,Closed
1507,50.23660799652325,131.08062448141618,Closed,Open
1508,50.26994350282486,130.95757094082705,Closed,Open
1509,50.30327900912646,128.16507538822805,Closed,Open
1510,50.336614515428074,127.66104193980446,Closed,Closed
1511,50.36995002172968,119.8917493461358,Closed,Closed
1512,50.40328552803129,128.9515049539276,Closed,Open
1513,50.436621034332894,117.02720605937914,Closed,Closed
1514,50.469956540634506,133.95637682952264,Closed,Open
1515,50.50329204693611,131.43371461620902,Closed,Open
1516,50.53662755323772,120.56185489725507,Closed,Closed
1517,50.569963059539326,128.17200375801747,Closed,Open
1518,50.60329856584094,129.500786422549,Closed,Open
1519,50.63663407214254,121.21190661064412,Closed,Closed
1520,50.66996957844415,128.40568406273016,Closed,Open
1521,50.70330508474576,123.78991560439992,Closed,Closed
1522,50.73664059104737,111.71934399265017,Closed,Closed
1523,50.76997609734898,125.29419966619275,Closed,Closed
1524,50.803311603650585,135.00473142108484,Closed,Open
1525,50.83664710995219,133.52892627827333,Closed,Open
1526,50.8699826162538,133.12231253962648,Closed,Open
1527,50.90331812255541,133.25781489501793,Closed,Open
1528,50.936653628857016,129.30296045424103,Closed,Open
1529,50.96998913515863,122.58443060419552,Closed,Closed
1530,51.00332464146023,112.07172979013386,Closed,Closed
1531,51.03666014776184,119.66541710024796,Closed,Closed
1532,51.06999565406345,112.76028047023316,Closed,Closed
1533,51.10333116036506,119.5848297384286,Closed,Closed
