frame,timestamp,anchor_to_bottom_lip_top,lips_label,teeth_label
0,0.0,65.3741176495757,Closed,Open
1,0.0333355063016079,64.13471639848584,Closed,Open
2,0.0666710126032159,66.40297218479319,Closed,Open
3,0.1000065189048239,63.14063130613904,Closed,Open
4,0.1333420252064319,64.76911489901535,Closed,Open
5,0.16667753150804,65.28393028337555,Closed,Open
6,0.2000130378096479,63.71531090445586,Closed,Open
7,0.2333485441112559,65.13371523065125,Closed,Open
8,0.2666840504128639,64.33018001893599,Closed,Open
9,0.3000195567144719,63.67294602076672,Closed,Open
10,0.33335506301608,63.1653910752746,Closed,Open
11,0.3666905693176879,63.21411960979567,Closed,Open
12,0.4000260756192959,64.12515182025552,Closed,Open
13,0.4333615819209039,62.7782934721108,Closed,Open
14,0.4666970882225119,63.2892650399988,Closed,Open
15,0.50003259452412,62.706901555025894,Closed,Open
16,0.5333681008257279,64.66530224611033,Closed,Open
17,0.5667036071273359,63.122261859045665,Closed,Open
18,0.6000391134289439,63.56464859497237,Closed,Open
19,0.6333746197305519,63.65974682122747,Closed,Open
20,0.66671012603216,64.05217929514109,Closed,Open
21,0.7000456323337679,64.10844990706883,Closed,Open
22,0.7333811386353759,67.69804741923338,Closed,Open
23,0.7667166449369839,64.03723852783827,Closed,Open
24,0.8000521512385919,63.518799735390985,Closed,Open
25,0.8333876575401998,63.633201753851026,Closed,Open
26,0.8667231638418079,63.5815148064836,Closed,Open
27,0.9000586701434159,60.1777176175417,Closed,Open
28,0.933394176445024,61.327597896244235,Closed,Open
29,0.9667296827466318,62.46569891805031,Closed,Open
30,1.00006518904824,63.90621244469273,Closed,Open
31,1.0334006953498478,55.49178670666341,Closed,Open
32,1.066736201651456,72.82671756950364,Closed,Open
33,1.1000717079530635,67.01877138535654,Closed,Open
34,1.1334072142546718,71.32994048351668,Closed,Open
35,1.16674272055628,68.46467531643813,Closed,Open
36,1.2000782268578878,61.860452826206846,Closed,Open
37,1.233413733159496,56.64239716890172,Closed,Open
38,1.2667492394611035,58.64553376553954,Closed,Open
39,1.3000847457627118,62.31285317140066,Closed,Open
40,1.33342025206432,65.4599410233788,Closed,Open
41,1.3667557583659278,58.60619250010187,Closed,Open
42,1.400091264667536,76.1263579167793,Open,Open
43,1.4334267709691435,68.90192976187814,Closed,Open
44,1.4667622772707518,61.736073506880814,Closed,Open
45,1.5000977835723597,58.54424123833195,Closed,Open
46,1.5334332898739678,69.29734404574734,Closed,Open
47,1.566768796175576,56.687077233008985,Closed,Open
48,1.6001043024771835,64.5641496118007,Closed,Open
49,1.6334398087787918,65.17824244533139,Closed,Open
50,1.6667753150803997,78.16119684114122,Open,Open
51,1.7001108213820078,62.829404459220086,Closed,Open
52,1.7334463276836158,59.986870886896575,Closed,Open
53,1.7667818339852237,60.4216483259993,Closed,Open
54,1.8001173402868318,60.01666435249463,Closed,Open
55,1.8334528465884397,65.42776687723597,Closed,Open
56,1.8667883528900475,65.82171608853733,Closed,Open
57,1.900123859191656,60.01467807670695,Closed,Open
58,1.9334593654932637,64.71860869187557,Closed,Open
59,1.966794871794872,61.24746864530297,Closed,Open
60,2.00013037809648,57.897920764058625,Closed,Open
61,2.0334658843980877,55.59762194510536,Closed,Open
62,2.0668013906996956,57.15618487889495,Closed,Open
63,2.100136897001304,56.66746241179246,Closed,Open
64,2.133472403302912,59.44472756962712,Closed,Open
65,2.1668079096045196,57.94500957130967,Closed,Open
66,2.2001434159061275,52.41382743210894,Closed,Open
67,2.233478922207736,52.31468013430597,Closed,Open
68,2.2668144285093437,53.89129259869423,Closed,Open
69,2.3001499348109515,55.73875622855367,Closed,Open
70,2.33348544111256,54.50510150968569,Closed,Open
71,2.3668209474141677,52.331100560284,Closed,Open
72,2.4001564537157756,51.00981807108283,Closed,Closed
73,2.433491960017383,49.51723625709381,Closed,Closed
74,2.4668274663189917,72.6031637573369,Closed,Open
75,2.5001629726205996,51.022757453897455,Closed,Closed
76,2.5334984789222075,55.59964367564244,Closed,Open
77,2.566833985223816,51.58773423653473,Closed,Open
78,2.6001694915254236,62.02087313950564,Closed,Open
79,2.6335049978270315,55.99693393472344,Closed,Open
80,2.66684050412864,55.58609657109132,Closed,Open
81,2.7001760104302477,65.33472720313242,Closed,Open
82,2.7335115167318556,61.746060046151314,Closed,Open
83,2.7668470230334634,59.26829267484939,Closed,Open
84,2.8001825293350717,59.34548360661741,Closed,Open
85,2.8335180356366796,61.25026994353064,Closed,Open
86,2.8668535419382875,60.34091723557704,Closed,Open
87,2.900189048239896,56.12900196296688,Closed,Open
88,2.9335245545415036,56.207279583013126,Closed,Open
89,2.9668600608431115,52.55545112988243,Closed,Open
90,3.0001955671447194,50.58790571898173,Closed,Closed
91,3.0335310734463277,50.863764405269734,Closed,Closed
92,3.0668665797479355,48.03664999157251,Closed,Closed
93,3.1002020860495434,49.704868603359465,Closed,Closed
94,3.1335375923511517,51.76724951374176,Closed,Open
95,3.1668730986527596,54.28873278056989,Closed,Open
96,3.200208604954367,58.56545199934678,Closed,Open
97,3.2335441112559757,63.68918509742952,Closed,Open
98,3.2668796175575836,60.16864338393772,Closed,Open
99,3.3002151238591915,58.192819747076,Closed,Open
100,3.3335506301607993,58.66029286253277,Closed,Open
101,3.3668861364624076,60.63318186755755,Closed,Open
102,3.4002216427640155,61.21086955907263,Closed,Open
103,3.4335571490656234,57.0049014897137,Closed,Open
104,3.4668926553672317,55.567757630849115,Closed,Open
105,3.5002281616688395,55.54186246930492,Closed,Open
106,3.5335636679704474,56.94497437344499,Closed,Open
107,3.5668991742720553,52.22619216662315,Closed,Open
108,3.6002346805736636,53.14031735997639,Closed,Open
109,3.633570186875271,56.22934383105171,Closed,Open
110,3.6669056931768793,52.653364567398654,Closed,Open
111,3.700241199478488,57.443870222426,Closed,Open
112,3.733576705780095,55.85634621469955,Closed,Open
113,3.7669122120817033,58.15876237112008,Closed,Open
114,3.800247718383312,60.55305403858851,Closed,Open
115,3.833583224684919,63.672958521774504,Closed,Open
116,3.8669187309865274,60.23827384150137,Closed,Open
117,3.9002542372881353,60.5565566157177,Closed,Open
118,3.933589743589744,63.38570282636823,Closed,Open
119,3.966925249891351,61.05477097254057,Closed,Open
120,4.00026075619296,66.89037607710351,Closed,Open
121,4.033596262494568,58.094194089163906,Closed,Open
122,4.0669317687961755,56.53586102503246,Closed,Open
123,4.100267275097783,61.189896433509205,Closed,Open
124,4.133602781399391,58.77933286231632,Closed,Open
125,4.166938287700999,57.45906043549196,Closed,Open
126,4.200273794002608,54.33514010076044,Closed,Open
127,4.233609300304216,54.96284333628453,Closed,Open
128,4.2669448066058235,55.105386383667735,Closed,Open
129,4.300280312907431,50.42206544686248,Closed,Closed
130,4.333615819209039,53.955264598854185,Closed,Open
131,4.366951325510647,56.5952988140875,Closed,Open
132,4.400286831812255,62.734255586866,Closed,Open
133,4.433622338113864,63.98652498169338,Closed,Open
134,4.466957844415472,66.3558308545498,Closed,Open
135,4.5002933507170795,72.15634076752546,Closed,Open
136,4.533628857018687,70.50709505296162,Closed,Open
137,4.566964363320295,71.48700589982124,Closed,Open
138,4.600299869621903,69.33443232672366,Closed,Open
139,4.633635375923511,60.301320227981286,Closed,Open
140,4.66697088222512,68.70527518426631,Closed,Open
141,4.700306388526728,62.62886198617611,Closed,Open
142,4.733641894828335,60.879360111431225,Closed,Open
143,4.766977401129943,60.27648219273432,Closed,Open
144,4.800312907431551,58.43430433290882,Closed,Open
145,4.833648413733159,57.549374662580384,Closed,Open
146,4.866983920034767,58.86568055487916,Closed,Open
147,4.900319426336376,56.29750867395035,Closed,Open
148,4.9336549326379835,53.84252069893988,Closed,Open
149,4.966990438939591,54.71358863971014,Closed,Open
150,5.000325945241199,58.78726681287735,Closed,Open
151,5.033661451542807,61.20661728930949,Closed,Open
152,5.066996957844415,68.23048222521356,Closed,Open
153,5.100332464146024,64.11629006346593,Closed,Open
154,5.133667970447632,69.73353483334517,Closed,Open
155,5.167003476749239,66.46209944769902,Closed,Open
156,5.200338983050847,64.37715730735297,Closed,Open
157,5.233674489352455,62.97331427544773,Closed,Open
158,5.267009995654063,54.609945159466776,Closed,Open
159,5.300345501955671,60.0,Closed,Open
160,5.33368100825728,55.50531854708632,Closed,Open
161,5.3670165145588875,54.69240793674726,Closed,Open
162,5.400352020860495,55.02051839034827,Closed,Open
163,5.433687527162103,54.983734325305406,Closed,Open
164,5.467023033463711,53.661068515765464,Closed,Open
165,5.500358539765319,51.61418578992169,Closed,Open
166,5.533694046066927,52.31050248760287,Closed,Open
167,5.567029552368536,49.927877939124315,Closed,Closed
168,5.6003650586701434,52.652150006365474,Closed,Open
169,5.633700564971751,56.08967680442663,Closed,Open
170,5.667036071273359,62.904103923819434,Closed,Open
171,5.700371577574967,63.17371419637551,Closed,Open
172,5.733707083876575,62.393608223109254,Closed,Open
173,5.767042590178183,64.28070250532866,Closed,Open
174,5.8003780964797915,65.43772684055045,Closed,Open
175,5.833713602781399,62.70997282202261,Closed,Open
176,5.867049109083007,61.53407331831786,Closed,Open
177,5.900384615384615,59.10378379584392,Closed,Open
178,5.933720121686223,58.55988162247417,Closed,Open
179,5.967055627987831,61.750841701284784,Closed,Open
180,6.000391134289439,65.28403189950755,Closed,Open
181,6.0337266405910475,54.19357276029949,Closed,Open
182,6.067062146892655,55.985200225527066,Closed,Open
183,6.100397653194263,57.67376045701318,Closed,Open
184,6.133733159495871,59.98732135750018,Closed,Open
185,6.167068665797479,56.13199474923722,Closed,Open
186,6.200404172099087,53.16744416857541,Closed,Open
187,6.2337396784006955,60.109759058979435,Closed,Open
188,6.267075184702303,61.2062906395141,Closed,Open
189,6.300410691003911,62.49509756796392,Closed,Open
190,6.333746197305519,66.28437297730106,Closed,Open
191,6.367081703607127,63.046979734040455,Closed,Open
192,6.400417209908735,69.94550115074252,Closed,Open
193,6.433752716210343,68.49335574285075,Closed,Open
194,6.4670882225119515,65.42283744843087,Closed,Open
195,6.500423728813559,64.74477419390796,Closed,Open
196,6.533759235115167,62.11069252768005,Closed,Open
197,6.567094741416775,60.65250907288197,Closed,Open
198,6.600430247718383,56.39348920495567,Closed,Open
199,6.633765754019991,59.63437740308565,Closed,Open
200,6.667101260321599,57.05253741507083,Closed,Open
201,6.700436766623207,56.13406011768428,Closed,Open
202,6.733772272924815,55.063346671869354,Closed,Open
203,6.767107779226423,55.29650127928503,Closed,Open
204,6.800443285528031,52.991934434623474,Closed,Open
205,6.833778791829639,59.25150964410297,Closed,Open
206,6.867114298131247,62.233161047721026,Closed,Open
207,6.900449804432855,64.65760319849979,Closed,Open
208,6.933785310734463,64.28444100405304,Closed,Open
209,6.967120817036071,69.02188457179645,Closed,Open
210,7.000456323337679,66.1074090546258,Closed,Open
211,7.033791829639287,67.41220863113608,Closed,Open
212,7.067127335940895,62.860436027106715,Closed,Open
213,7.100462842242503,60.384904217394535,Closed,Open
214,7.1337983485441105,56.23451924468981,Closed,Open
215,7.167133854845719,54.02221125911042,Closed,Open
216,7.200469361147327,57.61557042488157,Closed,Open
217,7.233804867448935,56.29305233869911,Closed,Open
218,7.267140373750543,51.73100828980965,Closed,Open
219,7.300475880052151,52.29043492200526,Closed,Open
220,7.333811386353759,50.12283388459399,Closed,Closed
221,7.367146892655367,52.07258651339048,Closed,Open
222,7.400482398956975,51.06322529260444,Closed,Closed
223,7.433817905258583,52.53850322977197,Closed,Open
224,7.467153411560191,55.40711892105118,Closed,Open
225,7.500488917861799,60.04722404767588,Closed,Open
226,7.533824424163407,62.90074670163971,Closed,Open
227,7.567159930465015,70.16771579779356,Closed,Open
228,7.600495436766623,67.00347205478938,Closed,Open
229,7.633830943068231,69.38353314466542,Closed,Open
230,7.667166449369839,69.21894447213512,Closed,Open
231,7.700501955671447,65.23965475583685,Closed,Open
232,7.733837461973055,67.71852393547431,Closed,Open
233,7.767172968274663,64.73907901574808,Closed,Open
234,7.8005084745762705,64.3773803133976,Closed,Open
235,7.833843980877879,61.166883522748016,Closed,Open
236,7.867179487179487,60.640849416185674,Closed,Open
237,7.900514993481095,61.80589287593181,Closed,Open
238,7.933850499782703,60.90529254391454,Closed,Open
239,7.967186006084311,57.42521838994051,Closed,Open
240,8.00052151238592,57.63747672778463,Closed,Open
241,8.033857018687527,57.80014713849522,Closed,Open
242,8.067192524989135,60.29124619515294,Closed,Open
243,8.100528031290743,58.761446208794936,Closed,Open
244,8.133863537592351,59.32309051513633,Closed,Open
245,8.167199043893959,59.545345009657744,Closed,Open
246,8.200534550195567,61.1311470881183,Closed,Open
247,8.233870056497175,65.0036762718386,Closed,Open
248,8.267205562798782,67.02258318550798,Closed,Open
249,8.30054106910039,69.70636641257272,Closed,Open
250,8.333876575401998,68.40052039088215,Closed,Open
251,8.367212081703606,71.52465569884072,Closed,Open
252,8.400547588005216,70.99402363921466,Closed,Open
253,8.433883094306823,67.29218721379942,Closed,Open
254,8.467218600608431,64.82284186162899,Closed,Open
255,8.50055410691004,65.41771546926029,Closed,Open
256,8.533889613211647,65.27710805395665,Closed,Open
257,8.567225119513255,59.3655375367924,Closed,Open
258,8.600560625814863,61.573950858324096,Closed,Open
259,8.63389613211647,60.7359172215162,Closed,Open
260,8.667231638418079,60.05551275463989,Closed,Open
261,8.700567144719686,57.158056434283864,Closed,Open
262,8.733902651021294,53.32561832100121,Closed,Open
263,8.767238157322902,53.10869190032803,Closed,Open
264,8.80057366362451,53.45489959666707,Closed,Open
265,8.833909169926118,55.8710791088799,Closed,Open
266,8.867244676227727,57.69844330724778,Closed,Open
267,8.900580182529335,61.08791929854849,Closed,Open
268,8.933915688830943,67.80086207809182,Closed,Open
269,8.967251195132551,69.76285507024649,Closed,Open
270,9.000586701434159,69.2629233622622,Closed,Open
271,9.033922207735769,68.3980014009106,Closed,Open
272,9.067257714037376,65.36949098197063,Closed,Open
273,9.100593220338984,71.53131863297577,Closed,Open
274,9.13392872664059,67.78038309272158,Closed,Open
275,9.167264232942198,65.22585057709603,Closed,Open
276,9.200599739243806,59.5775528724004,Closed,Open
277,9.233935245545414,67.0913623723441,Closed,Open
278,9.267270751847022,66.72590678012396,Closed,Open
279,9.300606258148632,64.34102869689758,Closed,Open
280,9.33394176445024,63.798112624800325,Closed,Open
281,9.367277270751847,63.67999952099964,Closed,Open
282,9.400612777053457,61.745450325934144,Closed,Open
283,9.433948283355065,61.677475663341944,Closed,Open
284,9.46728378965667,58.059966164897816,Closed,Open
285,9.50061929595828,55.7471647423163,Closed,Open
286,9.533954802259888,57.82985436829388,Closed,Open
287,9.567290308561494,57.46040168495581,Closed,Open
288,9.600625814863102,60.60216262407474,Closed,Open
289,9.63396132116471,65.95796482980256,Closed,Open
290,9.667296827466318,67.95518707060631,Closed,Open
291,9.700632333767926,72.11793719982293,Closed,Open
292,9.733967840069534,73.22372761252063,Closed,Open
293,9.767303346371143,70.05705579545057,Closed,Open
294,9.800638852672751,69.81519810323691,Closed,Open
295,9.83397435897436,68.70882855168918,Closed,Open
296,9.867309865275969,65.6790196178184,Closed,Open
297,9.900645371577577,67.12052983338153,Closed,Open
298,9.933980877879184,66.9453764947526,Closed,Open
299,9.96731638418079,63.71455604773041,Closed,Open
300,10.000651890482398,63.19005306147821,Closed,Open
301,10.033987396784006,65.3609473923966,Closed,Open
302,10.067322903085614,63.12779671585712,Closed,Open
303,10.100658409387222,57.3289034011631,Closed,Open
304,10.13399391568883,56.52072269684993,Closed,Open
305,10.167329421990438,52.69512215107086,Closed,Open
306,10.200664928292047,51.89435686763412,Closed,Open
307,10.234000434593655,52.74733660120653,Closed,Open
308,10.267335940895263,56.93931644037051,Closed,Open
309,10.300671447196873,62.0399714198982,Closed,Open
310,10.33400695349848,65.4925884417975,Closed,Open
311,10.367342459800089,71.52421327747297,Closed,Open
312,10.400677966101696,71.39087296526012,Closed,Open
313,10.434013472403302,71.319206502675,Closed,Open
314,10.46734897870491,71.96851530065652,Closed,Open
315,10.500684485006518,71.25111723513834,Closed,Open
316,10.534019991308126,68.73978939423085,Closed,Open
317,10.567355497609734,67.68665077777604,Closed,Open
318,10.600691003911342,70.67110050643682,Closed,Open
319,10.63402651021295,67.23418786683177,Closed,Open
320,10.66736201651456,66.77688110793963,Closed,Open
321,10.700697522816167,67.20600783849063,Closed,Open
322,10.734033029117777,65.19574887531851,Closed,Open
323,10.767368535419385,61.252446300636024,Closed,Open
324,10.80070404172099,61.20514576131119,Closed,Open
325,10.8340395480226,64.79032373200077,Closed,Open
326,10.867375054324206,58.34226094278895,Closed,Open
327,10.900710560625814,61.71266860657849,Closed,Open
328,10.934046066927422,59.80345198064067,Closed,Open
329,10.96738157322903,56.24234552227863,Closed,Open
330,11.000717079530638,55.48706608127149,Closed,Open
331,11.034052585832246,63.05678581003796,Closed,Open
332,11.067388092133854,64.18192337192072,Closed,Open
333,11.100723598435462,68.41190118042041,Closed,Open
334,11.134059104737071,69.31629545865262,Closed,Open
335,11.16739461103868,71.54869193699929,Closed,Open
336,11.200730117340289,70.40674198389897,Closed,Open
337,11.234065623641897,68.88016066076737,Closed,Open
338,11.267401129943504,67.98742771332192,Closed,Open
339,11.30073663624511,64.42950747611374,Closed,Open
340,11.334072142546718,63.43622764147288,Closed,Open
341,11.367407648848326,63.24281716742652,Closed,Open
342,11.400743155149934,63.16741376248794,Closed,Open
343,11.434078661451542,58.378528311977405,Closed,Open
344,11.46741416775315,59.46296644710248,Closed,Open
345,11.500749674054758,61.18376041703381,Closed,Open
346,11.534085180356366,59.25150964410297,Closed,Open
347,11.567420686657975,56.54645380315152,Closed,Open
348,11.600756192959585,54.70129872465726,Closed,Open
349,11.634091699261193,52.21329601865182,Closed,Open
350,11.6674272055628,52.01694428629088,Closed,Open
351,11.700762711864408,58.86755637039649,Closed,Open
352,11.734098218166016,61.840874039577294,Closed,Open
353,11.767433724467622,67.25695835793903,Closed,Open
354,11.80076923076923,71.85380347266988,Closed,Open
355,11.834104737070838,72.62100421839224,Closed,Open
356,11.867440243372446,71.18735557893507,Closed,Open
357,11.900775749674054,64.10588359386085,Closed,Open
358,11.934111255975662,63.25386567126981,Closed,Open
359,11.96744676227727,65.9042599343874,Closed,Open
360,12.000782268578876,65.36775073544175,Closed,Open
361,12.034117774880489,62.70030417292075,Closed,Open
362,12.067453281182097,58.42475946390009,Closed,Open
363,12.100788787483705,61.87638358203624,Closed,Open
364,12.13412429378531,57.30193541993971,Closed,Open
365,12.16745980008692,59.77519890757058,Closed,Open
366,12.200795306388526,60.320775695027024,Closed,Open
367,12.234130812690134,61.13139167712059,Closed,Open
368,12.267466318991742,64.73052025382742,Closed,Open
369,12.30080182529335,56.43846251044884,Closed,Open
370,12.334137331594958,61.5800514897835,Closed,Open
371,12.367472837896566,66.52797445184723,Closed,Open
372,12.400808344198174,69.32509433266262,Closed,Open
373,12.43414385049978,70.065370719406,Closed,Open
374,12.467479356801393,71.79895194427029,Closed,Open
375,12.500814863103,71.20114957558854,Closed,Open
376,12.534150369404609,63.76071053208405,Closed,Open
377,12.567485875706216,66.79963569274803,Closed,Open
378,12.600821382007824,64.65634076752546,Closed,Open
379,12.63415688830943,68.06038744487722,Closed,Open
380,12.667492394611038,66.5029706917002,Closed,Open
381,12.700827900912646,66.88120361047622,Closed,Open
382,12.734163407214254,64.73470319785226,Closed,Open
383,12.767498913515862,62.431665600542814,Closed,Open
384,12.80083441981747,58.893738746562285,Closed,Open
385,12.834169926119078,56.87508568409319,Closed,Open
386,12.867505432420684,52.43846251044884,Closed,Open
387,12.900840938722292,50.620137327521704,Closed,Closed
388,12.934176445023905,46.97250965559846,Closed,Closed
389,12.96751195132551,49.64962686336267,Closed,Closed
390,13.00084745762712,45.68033770637942,Closed,Closed
391,13.034182963928728,54.61918529002167,Closed,Open
392,13.067518470230334,52.64084989486831,Closed,Open
393,13.100853976531942,59.28477356340016,Closed,Open
394,13.13418948283355,62.032665522478666,Closed,Open
395,13.167524989135158,66.72748481228399,Closed,Open
396,13.200860495436766,69.45883931389773,Closed,Open
397,13.234196001738374,67.60929414217483,Closed,Open
398,13.267531508039982,68.95988364411234,Closed,Open
399,13.30086701434159,69.93165739193893,Closed,Open
400,13.334202520643196,67.80363070277883,Closed,Open
401,13.367538026944809,65.28861318979762,Closed,Open
402,13.400873533246417,67.07841620118825,Closed,Open
403,13.434209039548024,66.53372160842511,Closed,Open
404,13.46754454584963,64.8624816351574,Closed,Open
405,13.500880052151238,63.67251958261687,Closed,Open
406,13.534215558452846,64.66063195059468,Closed,Open
407,13.567551064754454,63.44671386851148,Closed,Open
408,13.600886571056062,60.992625709706395,Closed,Open
409,13.63422207735767,58.90830251869277,Closed,Open
410,13.667557583659278,55.44198019858905,Closed,Open
411,13.700893089960886,56.80265997358694,Closed,Open
412,13.734228596262492,55.70918399252788,Closed,Open
413,13.7675641025641,56.573185321271886,Closed,Open
414,13.80089960886571,53.30540496676178,Closed,Open
415,13.83423511516732,54.33421601426196,Closed,Open
416,13.867570621468928,54.340662102991374,Closed,Open
417,13.900906127770536,57.73258456980096,Closed,Open
418,13.934241634072142,62.47691302527822,Closed,Open
419,13.96757714037375,64.1593303137772,Closed,Open
420,14.000912646675358,68.06723611184763,Closed,Open
421,14.034248152976966,68.03547102050337,Closed,Open
422,14.067583659278574,71.01145160751025,Closed,Open
423,14.100919165580182,70.10345987809428,Closed,Open
424,14.13425467188179,68.05373606998009,Closed,Open
425,14.167590178183396,70.48336070141724,Closed,Open
426,14.200925684485004,68.49035986698345,Closed,Open
427,14.234261190786611,66.39598472315006,Closed,Open
428,14.26759669708822,63.28685580597853,Closed,Open
429,14.30093220338983,63.25285656594451,Closed,Open
430,14.33426770969144,62.13564212655271,Closed,Open
431,14.367603215993046,58.25013014977958,Closed,Open
432,14.400938722294654,58.31886957664767,Closed,Open
433,14.434274228596262,55.789037886874624,Closed,Open
434,14.46760973489787,55.94553003556439,Closed,Open
435,14.500945241199478,51.26111820541373,Closed,Closed
436,14.534280747501086,50.420061675233654,Closed,Closed
437,14.567616253802694,50.984513466691666,Closed,Closed
438,14.600951760104302,52.05001730593874,Closed,Open
439,14.63428726640591,50.48762620840873,Closed,Closed
440,14.667622772707515,50.56486851181788,Closed,Closed
441,14.700958279009123,61.36014630721907,Closed,Open
442,14.734293785310737,64.3679220036851,Closed,Open
443,14.767629291612344,63.25490510196556,Closed,Open
444,14.80096479791395,62.55709628591621,Closed,Open
445,14.834300304215558,64.65018495622593,Closed,Open
446,14.867635810517166,64.15994677517087,Closed,Open
447,14.900971316818774,63.77237360457184,Closed,Open
448,14.934306823120382,57.569745162931525,Closed,Open
449,14.96764232942199,56.388695747638295,Closed,Open
450,15.000977835723598,53.11774381844539,Closed,Open
451,15.034313342025206,58.48974649465498,Closed,Open
452,15.067648848326812,60.309620118702625,Closed,Open
453,15.10098435462842,62.155525625842174,Closed,Open
454,15.13431986093003,66.55428401058768,Closed,Open
455,15.167655367231635,67.26688358298046,Closed,Open
456,15.200990873533248,65.08528200248952,Closed,Open
457,15.234326379834854,64.82581741349392,Closed,Open
458,15.267661886136462,63.301464125993135,Closed,Open
459,15.30099739243807,58.92766091739969,Closed,Open
460,15.334332898739678,60.14168692438712,Closed,Open
461,15.367668405041286,56.70992026436488,Closed,Open
462,15.401003911342894,58.102016108655405,Closed,Open
463,15.434339417644502,55.307354428272774,Closed,Open
464,15.46767492394611,56.82319953340041,Closed,Open
465,15.501010430247716,53.979569668414,Closed,Open
466,15.534345936549323,52.7386063057907,Closed,Open
467,15.567681442850931,49.69377162928295,Closed,Closed
468,15.60101694915254,50.734310261901726,Closed,Closed
469,15.63435245545415,48.83836268442545,Closed,Closed
470,15.66768796175576,52.90778324992242,Closed,Open
471,15.701023468057366,57.270141861392986,Closed,Open
472,15.734358974358974,61.73136295609582,Closed,Open
473,15.767694480660582,64.0574087018311,Closed,Open
474,15.80102998696219,66.93565513912685,Closed,Open
475,15.834365493263798,68.42224251090096,Closed,Open
476,15.867700999565406,66.81705109796087,Closed,Open
477,15.901036505867014,66.77050650182198,Closed,Open
478,15.93437201216862,65.23247663804429,Closed,Open
479,15.96770751847023,65.37930854204225,Closed,Open
480,16.00104302477184,64.39523694822833,Closed,Open
481,16.034378531073447,63.95169768557655,Closed,Open
482,16.067714037375055,60.363186020200025,Closed,Open
483,16.101049543676663,59.34981206664348,Closed,Open
484,16.13438504997827,58.05978913015529,Closed,Open
485,16.16772055627988,58.564737205448715,Closed,Open
486,16.201056062581486,58.261589008205405,Closed,Open
487,16.234391568883094,58.26217588580096,Closed,Open
488,16.267727075184702,56.93242301807445,Closed,Open
489,16.30106258148631,52.65203739976083,Closed,Open
490,16.334398087787918,52.0595929765954,Closed,Open
491,16.367733594089525,48.85583744349117,Closed,Closed
492,16.401069100391133,51.26965622989145,Closed,Closed
493,16.43440460669274,54.28530315477547,Closed,Open
494,16.46774011299435,59.88826948140329,Closed,Open
495,16.501075619295957,63.02231651966715,Closed,Open
496,16.534411125597565,66.38724650969164,Closed,Open
497,16.567746631899173,70.49234767929471,Closed,Open
498,16.60108213820078,69.77706844218666,Closed,Open
499,16.63441764450239,71.92494628357798,Closed,Open
500,16.667753150803996,69.28000424580418,Closed,Open
501,16.701088657105604,67.0334737769505,Closed,Open
502,16.734424163407212,68.11076702450242,Closed,Open
503,16.767759669708823,67.37096024649162,Closed,Open
504,16.80109517601043,65.76211794754369,Closed,Open
505,16.83443068231204,63.90766900281692,Closed,Open
506,16.867766188613647,62.27740720133535,Closed,Open
507,16.901101694915255,59.25583114914751,Closed,Open
508,16.934437201216863,59.75037713639945,Closed,Open
509,16.96777270751847,57.18960472141791,Closed,Open
510,17.00110821382008,56.619915773217954,Closed,Open
511,17.034443720121686,55.06908383361082,Closed,Open
512,17.067779226423294,55.70516236611748,Closed,Open
513,17.101114732724902,55.00538995554048,Closed,Open
514,17.13445023902651,55.0532917489837,Closed,Open
515,17.167785745328118,51.95605748706298,Closed,Open
516,17.201121251629726,58.41914910842776,Closed,Open
517,17.234456757931333,56.84033918563217,Closed,Open
518,17.26779226423294,63.017374101033184,Closed,Open
519,17.30112777053455,66.1283361405006,Closed,Open
520,17.334463276836157,69.21669795031288,Closed,Open
521,17.367798783137765,69.90509332810497,Closed,Open
522,17.401134289439373,70.35167118341857,Closed,Open
523,17.43446979574098,68.69924827620996,Closed,Open
524,17.46780530204259,70.2811409144592,Closed,Open
525,17.501140808344196,67.41771546926029,Closed,Open
526,17.534476314645804,67.2355461676472,Closed,Open
527,17.567811820947412,67.2790029474866,Closed,Open
528,17.60114732724902,64.79770273037033,Closed,Open
529,17.634482833550628,64.7589355978703,Closed,Open
530,17.667818339852236,62.669681523964286,Closed,Open
531,17.701153846153847,59.64707965618415,Closed,Open
532,17.734489352455455,55.129897765953785,Closed,Open
533,17.767824858757063,56.19870449978316,Closed,Open
534,17.80116036505867,53.96377699688911,Closed,Open
535,17.83449587136028,50.98032740817011,Closed,Closed
536,17.867831377661886,55.31779562281973,Closed,Open
537,17.901166883963494,49.39933329953442,Closed,Closed
538,17.934502390265102,49.69296759749747,Closed,Closed
539,17.96783789656671,51.42976444626012,Closed,Open
540,18.001173402868318,51.864620372060784,Closed,Open
541,18.03450890916993,57.004716561397146,Closed,Open
542,18.067844415471537,64.06363407484393,Closed,Open
543,18.10117992177314,69.00564770162089,Closed,Open
544,18.13451542807475,73.07621137659808,Closed,Open
545,18.167850934376357,70.93056460930819,Closed,Open
546,18.201186440677965,73.6325838444036,Closed,Open
547,18.234521946979573,71.42209728021942,Closed,Open
548,18.26785745328118,70.63935817272332,Closed,Open
549,18.30119295958279,69.26202978918289,Closed,Open
550,18.334528465884397,67.92634869884031,Closed,Open
551,18.367863972186004,67.87699417703456,Closed,Open
552,18.401199478487612,65.77501214664045,Closed,Open
553,18.43453498478922,64.80207940441511,Closed,Open
554,18.467870491090828,64.78423409323159,Closed,Open
555,18.501205997392436,64.11780878809392,Closed,Open
556,18.534541503694044,61.52420119488616,Closed,Open
557,18.56787700999565,59.109056458778454,Closed,Open
558,18.601212516297263,55.3940147524481,Closed,Open
559,18.63454802259887,53.10042541467841,Closed,Open
560,18.66788352890048,51.43527259246058,Closed,Open
561,18.701219035202087,51.3710640086923,Closed,Open
562,18.734554541503694,51.84957863324101,Closed,Open
563,18.767890047805302,51.209116823889666,Closed,Closed
564,18.80122555410691,53.37347576298547,Closed,Open
565,18.83456106040852,57.67892917731539,Closed,Open
566,18.86789656671013,64.61121634694777,Closed,Open
567,18.901232073011737,69.65565655713158,Closed,Open
568,18.93456757931334,71.71884017585995,Closed,Open
569,18.96790308561495,72.28638628789861,Closed,Open
570,19.001238591916557,73.41171571050091,Closed,Open
571,19.034574098218165,73.1298360937871,Closed,Open
572,19.067909604519773,70.88575681937112,Closed,Open
573,19.10124511082138,70.40872717563755,Closed,Open
574,19.13458061712299,67.92634869884031,Closed,Open
575,19.167916123424597,68.06384725334851,Closed,Open
576,19.201251629726205,68.86807533183645,Closed,Open
577,19.234587136027812,64.3637344556544,Closed,Open
578,19.26792264232942,62.90603434477018,Closed,Open
579,19.301258148631028,63.9696827419193,Closed,Open
580,19.334593654932636,61.5195336659168,Closed,Open
581,19.367929161234244,56.241367584091385,Closed,Open
582,19.40126466753585,52.84304793415001,Closed,Open
583,19.43460017383746,52.33526188044766,Closed,Open
584,19.467935680139068,65.09776255231891,Closed,Open
585,19.50127118644068,55.860792274276925,Closed,Open
586,19.534606692742287,57.628107584966045,Closed,Open
587,19.567942199043895,61.682343894920535,Closed,Open
588,19.601277705345503,60.59514348705375,Closed,Open
589,19.63461321164711,63.5443507626302,Closed,Open
590,19.66794871794872,60.35392129795146,Closed,Open
591,19.70128422425033,59.9297038231569,Closed,Open
592,19.734619730551938,63.45921645568286,Closed,Open
593,19.767955236853545,62.82151457438722,Closed,Open
594,19.80129074315515,65.41644327806195,Closed,Open
595,19.83462624945676,64.9337444599776,Closed,Open
596,19.867961755758365,61.75367728143498,Closed,Open
597,19.901297262059973,61.85622350483549,Closed,Open
598,19.93463276836158,62.34713923978754,Closed,Open
599,19.96796827466319,60.030558448476825,Closed,Open
600,20.001303780964797,61.09433068050774,Closed,Open
601,20.034639287266405,61.95564830791179,Closed,Open
602,20.067974793568013,65.4219318160732,Closed,Open
603,20.10131029986962,67.31456173760853,Closed,Open
604,20.13464580617123,66.57143863643353,Closed,Open
605,20.167981312472836,67.95160240547716,Closed,Open
606,20.201316818774444,63.366350204070464,Closed,Open
607,20.234652325076052,64.4317077356095,Closed,Open
608,20.26798783137766,64.59057890140045,Closed,Open
609,20.301323337679268,68.39315967515601,Closed,Open
610,20.334658843980876,65.82155126191697,Closed,Open
611,20.367994350282483,67.87966366822265,Closed,Open
612,20.401329856584095,65.04046028745404,Closed,Open
613,20.434665362885703,68.31837736615417,Closed,Open
614,20.46800086918731,67.73154912302122,Closed,Open
615,20.50133637548892,68.38372900593495,Closed,Open
616,20.534671881790526,65.54158303027324,Closed,Open
617,20.568007388092138,67.86235680962882,Closed,Open
618,20.601342894393746,64.88384676353611,Closed,Open
619,20.63467840069535,66.42676288260698,Closed,Open
620,20.66801390699696,68.85812279645027,Closed,Open
621,20.70134941329857,69.37310061464544,Closed,Open
622,20.734684919600173,68.85826144023795,Closed,Open
623,20.76802042590178,69.89809821004532,Closed,Open
624,20.80135593220339,66.87207342332216,Closed,Open
625,20.834691438504997,65.8720146616738,Closed,Open
626,20.868026944806605,67.82328523303127,Closed,Open
627,20.901362451108213,67.6741219294237,Closed,Open
628,20.93469795740982,67.09754157844466,Closed,Open
629,20.96803346371143,66.54822782974553,Closed,Open
630,21.001368970013036,67.1441737995121,Closed,Open
631,21.034704476314644,64.82341429209806,Closed,Open
632,21.068039982616252,62.83810559416912,Closed,Open
633,21.10137548891786,62.75396066246494,Closed,Open
634,21.134710995219468,64.36374529315043,Closed,Open
635,21.168046501521076,60.76320495973059,Closed,Open
636,21.201382007822684,62.459503941186554,Closed,Open
637,21.23471751412429,64.91795486150163,Closed,Open
638,21.2680530204259,65.8881339628453,Closed,Open
639,21.30138852672751,65.62025973517859,Closed,Open
640,21.33472403302912,67.59411266989858,Closed,Open
641,21.368059539330726,67.57438631637349,Closed,Open
642,21.401395045632334,65.03799984137427,Closed,Open
643,21.434730551933946,69.37118890886808,Closed,Open
644,21.46806605823555,71.26768688378492,Closed,Open
645,21.50140156453716,69.344784946585,Closed,Open
646,21.53473707083877,69.82648356740282,Closed,Open
647,21.568072577140377,68.10056771939327,Closed,Open
648,21.60140808344198,70.67916253919404,Closed,Open
649,21.63474358974359,72.11395747679562,Closed,Open
650,21.668079096045197,69.18775987618909,Closed,Open
651,21.701414602346805,67.92442345077377,Closed,Open
652,21.734750108648413,67.47970076601837,Closed,Open
653,21.76808561495002,67.54668788749196,Closed,Open
654,21.80142112125163,67.85571913056982,Closed,Open
655,21.834756627553237,67.27026599590388,Closed,Open
656,21.868092133854844,68.40532141324807,Closed,Open
657,21.901427640156452,66.78302010252645,Closed,Open
658,21.93476314645806,68.87211114765418,Closed,Open
659,21.968098652759668,68.77382722266962,Closed,Open
660,22.001434159061276,66.00742975228661,Closed,Open
661,22.034769665362884,67.50337822415678,Closed,Open
662,22.06810517166449,66.88857205530309,Closed,Open
663,22.1014406779661,66.8202453537116,Closed,Open
664,22.134776184267707,67.34669309039748,Closed,Open
665,22.168111690569315,65.73119420569455,Closed,Open
666,22.201447196870923,65.39452801042832,Closed,Open
667,22.234782703172534,69.28294062820527,Closed,Open
668,22.268118209474142,65.29714448948931,Closed,Open
669,22.30145371577575,66.33912419036582,Closed,Open
670,22.33478922207736,66.32470474607688,Closed,Open
671,22.36812472837897,66.77091455447119,Closed,Open
672,22.401460234680577,66.77091455447119,Closed,Open
673,22.43479574098218,67.61501458908344,Closed,Open
674,22.46813124728379,67.37378599694011,Closed,Open
675,22.501466753585397,67.87699417703456,Closed,Open
676,22.534802259887005,67.43792783626684,Closed,Open
677,22.568137766188613,69.0697157138047,Closed,Open
678,22.60147327249022,67.53832018583773,Closed,Open
679,22.63480877879183,64.80914772605624,Closed,Open
680,22.668144285093437,69.80337847077784,Closed,Open
681,22.701479791395045,67.86533473431376,Closed,Open
682,22.734815297696652,67.81671639324689,Closed,Open
683,22.76815080399826,67.29519147844331,Closed,Open
684,22.801486310299868,70.8998512127329,Closed,Open
685,22.834821816601476,67.92062996769468,Closed,Open
686,22.868157322903084,69.97254937530678,Closed,Open
687,22.90149282920469,66.9138126514911,Closed,Open
688,22.9348283355063,68.72975660563034,Closed,Open
689,22.968163841807907,67.7915697531151,Closed,Open
690,23.001499348109515,67.9138126514911,Closed,Open
691,23.034834854411123,68.41045210624954,Closed,Open
692,23.06817036071273,67.85104160178759,Closed,Open
693,23.10150586701434,66.87704919124879,Closed,Open
694,23.13484137331595,66.30076020842405,Closed,Open
695,23.16817687961756,67.20428720380315,Closed,Open
696,23.20151238591917,66.83562262423503,Closed,Open
697,23.234847892220778,67.83355824309277,Closed,Open
698,23.268183398522385,66.76091618232371,Closed,Open
699,23.30151890482399,65.19574887531851,Closed,Open
700,23.3348544111256,66.24070070774647,Closed,Open
701,23.368189917427205,66.20690345923396,Closed,Open
702,23.401525423728813,64.70924629228168,Closed,Open
703,23.43486093003042,65.66125544081481,Closed,Open
704,23.46819643633203,67.77069527669511,Closed,Open
705,23.501531942633637,64.73422273821681,Closed,Open
706,23.534867448935245,66.86141646732892,Closed,Open
707,23.568202955236853,64.28884513663209,Closed,Open
708,23.60153846153846,64.6961401533722,Closed,Open
709,23.63487396784007,61.900631318077046,Closed,Open
710,23.668209474141676,67.69957645766335,Closed,Open
711,23.701544980443284,65.76519679082554,Closed,Open
712,23.734880486744892,66.32470474607688,Closed,Open
713,23.7682159930465,63.78779219961537,Closed,Open
714,23.801551499348108,62.71623249366701,Closed,Open
715,23.834887005649716,66.74076619433414,Closed,Open
716,23.868222511951323,65.27347224536186,Closed,Open
717,23.90155801825293,64.77587953393395,Closed,Open
718,23.93489352455454,64.71267564940698,Closed,Open
719,23.968229030856147,66.25663491095818,Closed,Open
720,24.001564537157755,63.25753254412302,Closed,Open
721,24.034900043459366,62.791352883191664,Closed,Open
722,24.068235549760978,60.10765737450535,Closed,Open
723,24.101571056062586,64.13784265883514,Closed,Open
724,24.13490656236419,73.18373574748678,Closed,Open
725,24.1682420686658,71.51108980930945,Closed,Open
726,24.20157757496741,64.6239236493748,Closed,Open
727,24.234913081269013,65.74738549287267,Closed,Open
728,24.26824858757062,64.69465482439955,Closed,Open
729,24.30158409387223,61.11861886206263,Closed,Open
730,24.334919600173837,60.1483281468942,Closed,Open
731,24.368255106475445,62.57362727647228,Closed,Open
732,24.401590612777053,66.2689639556325,Closed,Open
733,24.43492611907866,68.62418568093561,Closed,Open
734,24.46826162538027,63.30567969961971,Closed,Open
735,24.501597131681876,62.33551064834563,Closed,Open
736,24.534932637983484,63.365749586185544,Closed,Open
737,24.568268144285092,66.54087870784082,Closed,Open
738,24.6016036505867,64.24346377305271,Closed,Open
739,24.634939156888308,61.42364285072139,Closed,Open
740,24.668274663189916,60.67643604026513,Closed,Open
741,24.701610169491524,58.63952079706858,Closed,Open
742,24.73494567579313,62.57583957027224,Closed,Open
743,24.76828118209474,61.91382324778133,Closed,Open
744,24.801616688396347,57.85715485828919,Closed,Open
745,24.834952194697955,56.26985529212283,Closed,Open
746,24.868287700999563,60.5900844471623,Closed,Open
747,24.90162320730117,59.82426908327553,Closed,Open
748,24.934958713602786,63.309778977428,Closed,Open
749,24.96829421990439,61.25364506278697,Closed,Open
750,25.001629726206,62.07322193610318,Closed,Open
751,25.03496523250761,62.96395113710362,Closed,Open
752,25.068300738809217,63.492284640832665,Closed,Open
753,25.10163624511082,66.86748942049266,Closed,Open
754,25.13497175141243,65.87575579084961,Closed,Open
755,25.168307257714037,65.4769667035165,Closed,Open
756,25.201642764015645,66.5132372213966,Closed,Open
757,25.234978270317253,64.35698368468505,Closed,Open
758,25.26831377661886,63.61631166025594,Closed,Open
759,25.30164928292047,62.77009172705673,Closed,Open
760,25.334984789222077,59.05845947095643,Closed,Open
761,25.368320295523684,54.88625817905424,Closed,Open
762,25.401655801825292,52.53812380470967,Closed,Open
763,25.4349913081269,52.51388704610112,Closed,Open
764,25.468326814428508,51.41322695635479,Closed,Open
765,25.501662320730116,49.65112793578932,Closed,Closed
766,25.534997827031724,50.50792157872418,Closed,Closed
767,25.56833333333333,50.3851393966563,Closed,Closed
768,25.60166883963494,54.39202075439477,Closed,Open
769,25.635004345936547,58.857276144087045,Closed,Open
770,25.668339852238155,62.45206884639714,Closed,Open
771,25.701675358539763,64.9658117660806,Closed,Open
772,25.73501086484137,71.07431250640849,Closed,Open
773,25.76834637114298,67.38183279644949,Closed,Open
774,25.801681877444587,65.74153090281754,Closed,Open
775,25.8350173837462,63.800904450813015,Closed,Open
776,25.86835289004781,65.3609473923966,Closed,Open
777,25.901688396349417,64.27357429138063,Closed,Open
778,25.93502390265102,64.5,Closed,Open
779,25.96835940895263,62.893418289985675,Closed,Open
780,26.001694915254237,63.706901555025894,Closed,Open
781,26.035030421555845,60.86314775126448,Closed,Open
782,26.068365927857453,62.33143160353826,Closed,Open
783,26.10170143415906,59.18177660157649,Closed,Open
784,26.13503694046067,55.44032891110405,Closed,Open
785,26.168372446762277,54.11332710978908,Closed,Open
786,26.201707953063885,52.10228749619871,Closed,Open
787,26.235043459365492,53.57000400387193,Closed,Open
788,26.2683789656671,55.31561430289963,Closed,Open
789,26.301714471968708,58.54601916259682,Closed,Open
790,26.335049978270316,61.460392317371344,Closed,Open
791,26.368385484571924,67.59580981561042,Closed,Open
792,26.40172099087353,70.65676771218685,Closed,Open
793,26.43505649717514,71.79733834083774,Closed,Open
794,26.468392003476747,68.90420770167384,Closed,Open
795,26.501727509778355,65.60710915152806,Closed,Open
796,26.535063016079963,64.28365876840594,Closed,Open
797,26.56839852238157,57.222196744210294,Closed,Open
798,26.60173402868318,62.3679981422448,Closed,Open
799,26.635069534984787,61.358108957769744,Closed,Open
800,26.668405041286395,57.549374662580384,Closed,Open
801,26.701740547588003,51.884681445518176,Closed,Open
802,26.735076053889617,54.652393609759514,Closed,Open
803,26.768411560191225,57.59315406448165,Closed,Open
804,26.80174706649283,48.62403576571611,Closed,Closed
805,26.83508257279444,49.666047580478306,Closed,Closed
806,26.868418079096045,56.8867992083226,Closed,Open
807,26.901753585397653,60.88683002479566,Closed,Open
808,26.93508909169926,68.24002233157071,Closed,Open
809,26.96842459800087,68.85755295106102,Closed,Open
810,27.001760104302477,69.08737116777144,Closed,Open
811,27.035095610604085,68.3275357934736,Closed,Open
812,27.068431116905693,72.21514356540513,Closed,Open
813,27.1017666232073,72.24999775379894,Closed,Open
814,27.13510212950891,70.24138531256264,Closed,Open
815,27.168437635810516,66.8431315835291,Closed,Open
816,27.201773142112124,64.94019107153446,Closed,Open
817,27.235108648413732,60.91048938583164,Closed,Open
818,27.26844415471534,55.98480937741742,Closed,Open
819,27.301779661016948,53.228460441139774,Closed,Open
820,27.335115167318556,51.001220188704096,Closed,Closed
821,27.368450673620163,53.10492347582468,Closed,Open
822,27.40178617992177,52.014013260912705,Closed,Open
823,27.43512168622338,51.62950630731941,Closed,Open
824,27.468457192524987,61.51595293995082,Closed,Open
825,27.501792698826595,68.29682751628107,Closed,Open
826,27.535128205128203,71.53732604769398,Closed,Open
827,27.56846371142981,75.82390332854477,Open,Open
828,27.60179921773142,72.95489085763299,Closed,Open
829,27.635134724033023,69.1245228631241,Closed,Open
830,27.66847023033464,69.76880312853032,Closed,Open
831,27.70180573663625,68.66132358941786,Closed,Open
832,27.735141242937853,65.99947747481984,Closed,Open
833,27.76847674923946,63.398324871680856,Closed,Open
834,27.80181225554107,58.64167604471229,Closed,Open
835,27.835147761842677,57.333087472035466,Closed,Open
836,27.868483268144285,54.8001865665148,Closed,Open
837,27.901818774445893,56.96488456899387,Closed,Open
838,27.9351542807475,54.54117375075634,Closed,Open
839,27.96848978704911,52.53641122985073,Closed,Open
840,28.001825293350716,53.176747417547624,Closed,Open
841,28.035160799652324,50.816818498380584,Closed,Closed
842,28.068496305953932,55.4929924873976,Closed,Open
843,28.10183181225554,61.87852941145604,Closed,Open
844,28.135167318557148,70.34328244875184,Closed,Open
845,28.168502824858756,69.13937060455865,Closed,Open
846,28.201838331160364,70.57383957870493,Closed,Open
847,28.23517383746197,70.80814778971299,Closed,Open
848,28.26850934376358,67.26688358298046,Closed,Open
849,28.301844850065187,67.70139901476915,Closed,Open
850,28.335180356366795,66.37017402418047,Closed,Open
851,28.368515862668403,66.09503332777957,Closed,Open
852,28.40185136897001,63.28570991492445,Closed,Open
853,28.43518687527162,63.92873470122888,Closed,Open
854,28.468522381573223,60.94677123294579,Closed,Open
855,28.50185788787483,59.15226027840721,Closed,Open
856,28.53519339417644,61.26893807931226,Closed,Open
857,28.568528900478057,61.65001925820235,Closed,Open
858,28.60186440677966,59.83765660563844,Closed,Open
859,28.63519991308127,63.17902860380401,Closed,Open
860,28.668535419382877,62.80519758685749,Closed,Open
861,28.701870925684485,64.73438382795074,Closed,Open
862,28.735206431986093,62.38113449997624,Closed,Open
863,28.7685419382877,61.62630764347898,Closed,Open
864,28.80187744458931,62.20259306632158,Closed,Open
865,28.835212950890917,58.654512743212834,Closed,Open
866,28.868548457192524,61.349505818706504,Closed,Open
867,28.901883963494132,56.48412298286233,Closed,Open
868,28.93521946979574,52.558772731852805,Closed,Open
869,28.968554976097348,53.98967785271613,Closed,Open
870,29.001890482398956,50.637981831550334,Closed,Closed
871,29.035225988700564,50.86106307298871,Closed,Closed
872,29.06856149500217,52.51976527414342,Closed,Open
873,29.10189700130378,58.83464394881688,Closed,Open
874,29.135232507605387,64.41290764223426,Closed,Open
875,29.168568013906995,69.45341897341316,Closed,Open
876,29.201903520208603,70.60021512156129,Closed,Open
877,29.23523902651021,69.99365113778185,Closed,Open
878,29.26857453281182,68.3408740395773,Closed,Open
879,29.301910039113427,68.96997843270944,Closed,Open
880,29.33524554541503,65.2246413557925,Closed,Open
881,29.36858105171664,65.17456467392311,Closed,Open
882,29.40191655801825,62.7782934721108,Closed,Open
883,29.435252064319855,65.16390966338587,Closed,Open
884,29.46858757062147,58.492025776911696,Closed,Open
885,29.501923076923077,60.185904376825405,Closed,Open
886,29.535258583224685,57.9922736083863,Closed,Open
887,29.568594089526293,53.84034234432694,Closed,Open
888,29.6019295958279,53.556155854880544,Closed,Open
889,29.63526510212951,52.91280000571657,Closed,Open
890,29.668600608431117,53.97502935771501,Closed,Open
891,29.701936114732725,57.31738071710737,Closed,Open
892,29.735271621034332,68.69777868618155,Closed,Open
893,29.76860712733594,65.62580801401961,Closed,Open
894,29.801942633637548,66.35388657530831,Closed,Open
895,29.835278139939156,70.03460956408688,Closed,Open
896,29.868613646240764,65.66382638260714,Closed,Open
897,29.90194915254237,62.77476500959168,Closed,Open
898,29.93528465884398,68.29222011550543,Closed,Open
899,29.968620165145587,65.89473502958528,Closed,Open
900,30.001955671447195,63.36999057942552,Closed,Open
901,30.035291177748803,62.70122686930151,Closed,Open
902,30.06862668405041,61.27558834105233,Closed,Open
903,30.10196219035202,58.47154112437033,Closed,Open
904,30.135297696653627,57.76991378635715,Closed,Open
905,30.168633202955235,55.81318457941923,Closed,Open
906,30.201968709256843,56.62401385855724,Closed,Open
907,30.23530421555845,53.23450770120091,Closed,Open
908,30.26863972186006,52.62522131327712,Closed,Open
909,30.301975228161663,52.34536440036944,Closed,Open
910,30.33531073446327,52.72863042146857,Closed,Open
911,30.368646240764885,58.51897279061296,Closed,Open
912,30.401981747066493,67.92828099105664,Closed,Open
913,30.4353172533681,64.80264345787398,Closed,Open
914,30.46865275966971,67.0331628305349,Closed,Open
915,30.501988265971317,68.4445231053532,Closed,Open
916,30.535323772272925,63.30467470620209,Closed,Open
917,30.568659278574533,66.50759087424295,Closed,Open
918,30.60199478487614,62.36991719002751,Closed,Open
919,30.63533029117775,62.6512963747781,Closed,Open
920,30.668665797479356,58.73448553724738,Closed,Open
921,30.702001303780964,61.323591972921385,Closed,Open
922,30.735336810082572,56.7769724868281,Closed,Open
923,30.76867231638418,56.65930455317664,Closed,Open
924,30.802007822685788,57.58371833425892,Closed,Open
925,30.835343328987395,55.68223977623451,Closed,Open
926,30.868678835289003,55.0851876650776,Closed,Open
927,30.90201434159061,56.26659771444676,Closed,Open
928,30.93534984789222,55.34744287667509,Closed,Open
929,30.968685354193827,54.97713801579966,Closed,Open
930,31.002020860495435,61.27669850033537,Closed,Open
931,31.035356366797043,65.53618354570605,Closed,Open
932,31.06869187309865,68.1543212497715,Closed,Open
933,31.10202737940026,71.57309340622112,Closed,Open
934,31.135362885701863,71.67343149104117,Closed,Open
935,31.16869839200347,73.98949853829657,Open,Open
936,31.20203389830508,66.81694096826881,Closed,Open
937,31.23536940460669,67.31488203389951,Closed,Open
938,31.2687049109083,67.42174746511527,Closed,Open
939,31.30204041720991,66.89683081164483,Closed,Open
940,31.335375923511517,63.251721794341194,Closed,Open
941,31.368711429813125,60.41151031567651,Closed,Open
942,31.402046936114733,59.80500765034475,Closed,Open
943,31.43538244241634,59.83425988483265,Closed,Open
944,31.46871794871795,58.65103397541442,Closed,Open
945,31.502053455019556,56.541200593892015,Closed,Open
946,31.535388961321164,54.94848199523808,Closed,Open
947,31.568724467622772,54.40088734789464,Closed,Open
948,31.60205997392438,53.96565062145454,Closed,Open
949,31.635395480225988,57.595081156588634,Closed,Open
950,31.668730986527596,57.213109915419565,Closed,Open
951,31.702066492829204,62.84976163720438,Closed,Open
952,31.73540199913081,69.07702517599584,Closed,Open
953,31.76873750543242,70.1883248379767,Closed,Open
954,31.802073011734027,75.86965867434907,Open,Open
955,31.835408518035635,76.42943815580001,Open,Open
956,31.868744024337243,71.87449755855155,Closed,Open
957,31.90207953063885,66.49395661013187,Closed,Open
958,31.93541503694046,66.94582612487906,Closed,Open
959,31.968750543242063,65.70592025848472,Closed,Open
960,32.00208604954368,68.10138527849229,Closed,Open
961,32.03542155584528,71.70537358913877,Closed,Open
962,32.068757062146894,64.58200168396823,Closed,Open
963,32.1020925684485,62.20496675905905,Closed,Open
964,32.13542807475011,59.85573597195388,Closed,Open
965,32.168763581051714,56.09545866716863,Closed,Open
966,32.202099087353325,53.606727999546976,Closed,Open
967,32.23543459365493,51.111566518270806,Closed,Closed
968,32.26877009995654,53.54191284875379,Closed,Open
969,32.302105606258145,59.94588611251439,Closed,Open
970,32.33544111255976,65.53054323690202,Closed,Open
971,32.36877661886136,72.41540039992721,Closed,Open
972,32.40211212516297,73.73928626016368,Closed,Open
973,32.43544763146458,76.0000867758722,Open,Open
974,32.46878313776619,73.45564768010784,Closed,Open
975,32.50211864406779,71.38654347970962,Closed,Open
976,32.535454150369404,67.8408740395773,Closed,Open
977,32.56878965667101,62.30500482470288,Closed,Open
978,32.60212516297262,60.21920860824464,Closed,Open
979,32.63546066927423,61.66971544487056,Closed,Open
980,32.668796175575835,57.687360124107656,Closed,Open
981,32.70213168187745,54.93466635681109,Closed,Open
982,32.73546718817905,53.72970366014603,Closed,Open
983,32.76880269448066,55.23981126357984,Closed,Open
984,32.80213820078227,52.26840560052511,Closed,Open
985,32.83547370708388,52.41873261940792,Closed,Open
986,32.86880921338548,47.45873092885172,Closed,Closed
987,32.902144719687094,48.53533948989622,Closed,Closed
988,32.9354802259887,51.08641876677499,Closed,Closed
989,32.96881573229031,52.35416016031584,Closed,Open
990,33.002151238591914,50.30184550614197,Closed,Closed
991,33.035486744893525,51.07808329972046,Closed,Closed
992,33.06882225119513,54.58751318886676,Closed,Open
993,33.10215775749674,61.29726104023176,Closed,Open
994,33.135493263798345,57.030314477280875,Closed,Open
995,33.16882877009996,65.62866125916347,Closed,Open
996,33.20216427640156,66.34871242886315,Closed,Open
997,33.23549978270317,72.34665544478364,Closed,Open
998,33.26883528900478,72.90083323635375,Closed,Open
999,33.30217079530639,72.53795644693844,Closed,Open
1000,33.33550630160799,67.28344500398018,Closed,Open
1001,33.368841807909604,67.09178186031689,Closed,Open
1002,33.40217731421121,65.19315856602624,Closed,Open
1003,33.43551282051282,61.66998951147302,Closed,Open
1004,33.468848326814424,59.86965559779607,Closed,Open
1005,33.502183833116035,58.98711882442436,Closed,Open
1006,33.53551933941765,58.65513454707768,Closed,Open
1007,33.56885484571925,58.87243138634199,Closed,Open
1008,33.60219035202086,55.696954979613,Closed,Open
1009,33.63552585832247,54.61501675598251,Closed,Open
1010,33.66886136462408,53.696090956341656,Closed,Open
1011,33.70219687092568,57.003017595273434,Closed,Open
1012,33.735532377227294,52.93602391060152,Closed,Open
1013,33.7688678835289,68.74222314997333,Closed,Open
1014,33.80220338983051,60.915392133929565,Closed,Open
1015,33.835538896132114,63.611364990562365,Closed,Open
1016,33.868874402433725,65.81803335752319,Closed,Open
1017,33.90220990873533,70.38440234286195,Closed,Open
1018,33.93554541503694,73.47422726970018,Closed,Open
1019,33.968880921338545,72.77515739425425,Closed,Open
1020,34.00221642764016,70.22219176432867,Closed,Open
1021,34.03555193394176,68.79957147837979,Closed,Open
1022,34.06888744024337,68.74559065850823,Closed,Open
1023,34.10222294654498,65.79360270655816,Closed,Open
1024,34.13555845284659,65.7305264225518,Closed,Open
1025,34.16889395914819,63.70720775657982,Closed,Open
1026,34.202229465449804,59.75696951054092,Closed,Open
1027,34.23556497175141,57.799418096149566,Closed,Open
1028,34.26890047805302,54.76638459885966,Closed,Open
1029,34.302235984354624,52.79219061723094,Closed,Open
1030,34.335571490656235,52.78877566692845,Closed,Open
1031,34.36890699695784,49.77231598518546,Closed,Closed
1032,34.40224250325945,49.28475559349552,Closed,Closed
1033,34.43557800956106,50.8653534419619,Closed,Closed
1034,34.46891351586267,49.92731146631888,Closed,Closed
1035,34.50224902216428,54.95449625497595,Closed,Open
1036,34.53558452846588,58.1030742569517,Closed,Open
1037,34.568920034767494,60.57872632126711,Closed,Open
1038,34.6022555410691,66.29014478694835,Closed,Open
1039,34.63559104737071,71.11368746329606,Closed,Open
1040,34.668926553672314,70.85614584393642,Closed,Open
1041,34.702262059973926,67.86564676895746,Closed,Open
1042,34.73559756627553,70.9208254270164,Closed,Open
1043,34.76893307257714,69.980872715127,Closed,Open
1044,34.802268578878746,68.44288530785462,Closed,Open
1045,34.83560408518036,68.81676359156636,Closed,Open
1046,34.86893959148196,65.23234289203265,Closed,Open
1047,34.90227509778357,66.37630504574557,Closed,Open
1048,34.93561060408518,67.38178295255246,Closed,Open
1049,34.96894611038679,64.32929918478787,Closed,Open
1050,35.00228161668839,68.04576815079278,Closed,Open
1051,35.035617122990004,64.08086785650639,Closed,Open
1052,35.06895262929161,59.04610618549941,Closed,Open
1053,35.10228813559322,57.81744474445059,Closed,Open
1054,35.135623641894824,59.304127685531455,Closed,Open
1055,35.168959148196436,61.89711141304693,Closed,Open
1056,35.20229465449804,61.93311563741119,Closed,Open
1057,35.23563016079965,64.40146192180617,Closed,Open
1058,35.268965667101256,65.67803988488225,Closed,Open
1059,35.30230117340287,65.59704134095357,Closed,Open
1060,35.33563667970447,65.08843143175501,Closed,Open
1061,35.36897218600608,66.11564226750527,Closed,Open
1062,35.402307692307694,62.76136530006182,Closed,Open
1063,35.4356431986093,61.30023000267441,Closed,Open
1064,35.46897870491091,62.28552729928451,Closed,Open
1065,35.502314211212514,56.87343141819322,Closed,Open
1066,35.535649717514126,53.417600117665,Closed,Open
1067,35.56898522381573,50.667689061348995,Closed,Closed
1068,35.60232073011734,51.6482859825566,Closed,Open
1069,35.635656236418946,45.97651986246038,Closed,Closed
1070,35.66899174272056,47.53123653949461,Closed,Closed
1071,35.70232724902216,55.536381045727865,Closed,Open
1072,35.73566275532377,57.400989473137926,Closed,Open
1073,35.76899826162538,59.415158657769496,Closed,Open
1074,35.80233376792699,62.75202400044578,Closed,Open
1075,35.83566927422859,68.76551972729496,Closed,Open
1076,35.869004780530204,70.3105542127802,Closed,Open
1077,35.90234028683181,70.41373554595668,Closed,Open
1078,35.93567579313342,69.76449224662863,Closed,Open
1079,35.969011299435024,66.74043134754747,Closed,Open
1080,36.002346805736636,67.22718260617941,Closed,Open
1081,36.03568231203824,65.59395925512115,Closed,Open
1082,36.06901781833985,64.59539898300613,Closed,Open
1083,36.102353324641456,65.10583415865277,Closed,Open
1084,36.13568883094307,62.61697378934243,Closed,Open
1085,36.16902433724467,60.22567847754824,Closed,Open
1086,36.20235984354628,57.57536453183663,Closed,Open
1087,36.23569534984789,58.2165553686094,Closed,Open
1088,36.2690308561495,56.39501226318735,Closed,Open
1089,36.30236636245111,52.584757316312654,Closed,Open
1090,36.335701868752714,56.24351568552848,Closed,Open
1091,36.369037375054326,52.31980515339464,Closed,Open
1092,36.40237288135593,51.28024342127428,Closed,Closed
1093,36.43570838765754,54.2390975168926,Closed,Open
1094,36.469043893959146,61.792816538584916,Closed,Open
1095,36.50237940026076,64.90290032531023,Closed,Open
1096,36.53571490656236,70.43905494487507,Closed,Open
1097,36.56905041286397,73.47340011057577,Closed,Open
1098,36.60238591916558,72.0970071546329,Closed,Open
1099,36.63572142546719,71.56706109084082,Closed,Open
1100,36.66905693176879,70.30155933457598,Closed,Open
1101,36.702392438070405,68.82868764337442,Closed,Open
1102,36.73572794437201,67.31750550474136,Closed,Open
1103,36.76906345067362,68.04458416842357,Closed,Open
1104,36.802398956975225,65.29962429057589,Closed,Open
1105,36.83573446327683,66.72716507271609,Closed,Open
1106,36.86906996957844,61.64719735285283,Closed,Open
1107,36.90240547588005,58.053896449411894,Closed,Open
1108,36.935740982181656,60.41145583417082,Closed,Open
1109,36.96907648848327,55.48883369589369,Closed,Open
1110,37.00241199478487,55.00082512926657,Closed,Open
1111,37.03574750108648,50.08208919100048,Closed,Closed
1112,37.06908300738809,49.88274041493199,Closed,Closed
1113,37.1024185136897,50.16965143562037,Closed,Closed
1114,37.1357540199913,51.45070241632706,Closed,Open
1115,37.169089526292915,54.99142744921886,Closed,Open
1116,37.202425032594526,58.98118314342051,Closed,Open
1117,37.23576053889613,65.364534112446,Closed,Open
1118,37.26909604519774,69.69653786862733,Closed,Open
1119,37.302431551499346,69.97473612738942,Closed,Open
1120,37.33576705780096,68.81337302643412,Closed,Open
1121,37.36910256410256,66.73186287803023,Closed,Open
1122,37.40243807040417,68.22222355207258,Closed,Open
1123,37.43577357670578,70.71437009869919,Closed,Open
1124,37.46910908300739,67.18923287039502,Closed,Open
1125,37.50244458930899,68.74899905194314,Closed,Open
1126,37.535780095610605,67.75723461499263,Closed,Open
1127,37.56911560191221,65.20218305369315,Closed,Open
1128,37.60245110821382,66.15910580481807,Closed,Open
1129,37.635786614515425,64.65086211328251,Closed,Open
1130,37.66912212081704,62.732391829889565,Closed,Open
1131,37.70245762711864,57.54098566707413,Closed,Open
1132,37.73579313342025,57.88650756731905,Closed,Open
1133,37.769128639721856,56.30962131182758,Closed,Open
1134,37.80246414602347,56.48314732671066,Closed,Open
1135,37.83579965232507,52.71064815725931,Closed,Open
1136,37.86913515862668,54.39972938493274,Closed,Open
1137,37.90247066492829,57.20292385910835,Closed,Open
1138,37.9358061712299,56.32319388471394,Closed,Open
1139,37.9691416775315,59.50500294146513,Closed,Open
1140,38.002477183833115,58.1436268383531,Closed,Open
1141,38.03581269013472,67.07906653127839,Closed,Open
1142,38.06914819643633,67.64654858169882,Closed,Open
1143,38.10248370273794,70.27796390526746,Closed,Open
1144,38.135819209039546,70.92600992454281,Closed,Open
1145,38.16915471534116,70.45719558728524,Closed,Open
1146,38.20249022164276,73.46801955168374,Closed,Open
1147,38.23582572794437,71.27276607154442,Closed,Open
1148,38.26916123424598,67.26033541823546,Closed,Open
1149,38.30249674054759,67.77264412407577,Closed,Open
1150,38.33583224684919,67.27327191990638,Closed,Open
1151,38.369167753150805,66.29682190695074,Closed,Open
1152,38.40250325945241,64.29151646635881,Closed,Open
1153,38.43583876575402,60.80027620747968,Closed,Open
1154,38.469174272055625,59.10832542036744,Closed,Open
1155,38.50250977835723,58.96363401323991,Closed,Open
1156,38.53584528465884,57.854202965214526,Closed,Open
1157,38.56918079096045,56.58581778249525,Closed,Open
1158,38.602516297262056,54.055161489069405,Closed,Open
1159,38.63585180356367,52.07772119244945,Closed,Open
1160,38.66918730986527,53.22882462276067,Closed,Open
1161,38.70252281616688,55.31326957346113,Closed,Open
1162,38.73585832246849,55.71225632387552,Closed,Open
1163,38.7691938287701,53.92722723168282,Closed,Open
1164,38.8025293350717,57.7733070902388,Closed,Open
1165,38.835864841373315,68.50403199585499,Closed,Open
1166,38.86920034767492,66.92387016899266,Closed,Open
1167,38.90253585397653,72.09467785969984,Closed,Open
1168,38.935871360278135,73.44578363961438,Closed,Open
1169,38.969206866579746,73.32546568494283,Closed,Open
1170,39.00254237288136,79.5800596242263,Open,Open
1171,39.03587787918296,76.79260906898543,Open,Open
1172,39.069213385484574,71.9200767203127,Closed,Open
1173,39.10254889178618,73.61924532265009,Closed,Open
1174,39.13588439808779,71.05374058211393,Closed,Open
1175,39.169219904389394,70.92642636279972,Closed,Open
1176,39.202555410691005,68.31623121202476,Closed,Open
1177,39.23589091699261,65.68130287224241,Closed,Open
1178,39.26922642329422,64.17154147597373,Closed,Open
1179,39.302561929595825,62.597931634613886,Closed,Open
1180,39.33589743589744,61.24424166614219,Closed,Open
1181,39.36923294219904,57.012223118942075,Closed,Open
1182,39.40256844850065,53.98223499530435,Closed,Open
1183,39.43590395480226,56.13260459619295,Closed,Open
1184,39.46923946110387,55.02942628369618,Closed,Open
1185,39.50257496740547,50.898085502617384,Closed,Closed
1186,39.53591047370709,56.84020966738555,Closed,Open
1187,39.56924598000869,53.58321791298265,Closed,Open
1188,39.6025814863103,55.40475798353615,Closed,Open
1189,39.635916992611904,62.05948715576618,Closed,Open
1190,39.669252498913515,66.34129951558297,Closed,Open
1191,39.70258800521512,69.38897823880934,Closed,Open
1192,39.73592351151673,72.9202917685188,Closed,Open
1193,39.769259017818335,73.26002011677491,Closed,Open
1194,39.80259452411995,73.21632481458643,Closed,Open
1195,39.83593003042155,74.18411334203869,Open,Open
1196,39.86926553672316,72.50311636059922,Closed,Open
1197,39.902601043024774,71.02209173003686,Closed,Open
1198,39.93593654932638,70.96935292912414,Closed,Open
1199,39.96927205562799,67.842515476029,Closed,Open
1200,40.002607561929594,63.79868942248747,Closed,Open
1201,40.035943068231205,61.55816773874832,Closed,Open
1202,40.06927857453281,57.01096658660278,Closed,Open
1203,40.10261408083442,57.39811627825196,Closed,Open
1204,40.135949587136025,56.11450341300681,Closed,Open
1205,40.16928509343764,56.23041959958349,Closed,Open
1206,40.20262059973924,61.76914165641953,Closed,Open
1207,40.23595610604085,55.93726568578733,Closed,Open
1208,40.26929161234246,63.57139515578365,Closed,Open
1209,40.30262711864407,59.3618578177317,Closed,Open
1210,40.33596262494567,57.72319503467388,Closed,Open
1211,40.36929813124728,59.81015906639186,Closed,Open
1212,40.40263363754889,58.81696238674123,Closed,Open
1213,40.4359691438505,60.23645290994455,Closed,Open
1214,40.469304650152104,60.33846488877234,Closed,Open
1215,40.502640156453715,63.22535350341169,Closed,Open
1216,40.53597566275532,61.31585578400287,Closed,Open
1217,40.56931116905693,61.88434558244367,Closed,Open
1218,40.602646675358535,59.59646108294368,Closed,Open
1219,40.63598218166015,59.023060358101866,Closed,Open
1220,40.66931768796175,57.8767265958958,Closed,Open
1221,40.70265319426336,62.02302480723765,Closed,Open
1222,40.73598870056497,62.907275374814034,Closed,Open
1223,40.76932420686658,62.04399211905846,Closed,Open
1224,40.80265971316819,65.37594018633784,Closed,Open
1225,40.835995219469794,67.17650152174457,Closed,Open
1226,40.869330725771405,70.065370719406,Closed,Open
1227,40.90266623207301,70.51536096925442,Closed,Open
1228,40.93600173837462,71.89482271410947,Closed,Open
1229,40.969337244676225,70.40217792822814,Closed,Open
1230,41.00267275097784,69.8909212266152,Closed,Open
1231,41.03600825727944,68.67734013267031,Closed,Open
1232,41.06934376358105,68.85993415014596,Closed,Open
1233,41.10267926988266,68.42516578284977,Closed,Open
1234,41.13601477618427,67.99781904338187,Closed,Open
1235,41.16935028248587,70.26945029366755,Closed,Open
1236,41.20268578878749,65.70951292709499,Closed,Open
1237,41.23602129508909,69.27603757528155,Closed,Open
1238,41.2693568013907,65.92794777428581,Closed,Open
1239,41.302692307692304,67.31251197081546,Closed,Open
1240,41.336027813993915,67.81519145784186,Closed,Open
1241,41.36936332029552,66.86141646732892,Closed,Open
1242,41.40269882659713,66.3720555379692,Closed,Open
1243,41.436034332898735,69.14666915010552,Closed,Open
1244,41.46936983920035,68.34259895110627,Closed,Open
1245,41.50270534550195,64.87873719053812,Closed,Open
1246,41.53604085180356,64.73422273821681,Closed,Open
1247,41.56937635810517,62.72536538769484,Closed,Open
1248,41.60271186440678,62.11069252768005,Closed,Open
1249,41.63604737070838,62.63673859700533,Closed,Open
1250,41.669382877009994,64.89716194180593,Closed,Open
1251,41.702718383311606,68.74047867599015,Closed,Open
1252,41.73605388961321,66.97318246942054,Closed,Open
1253,41.76938939591482,68.66178716066867,Closed,Open
1254,41.802724902216426,74.02446001288209,Open,Open
1255,41.83606040851804,65.39263406292038,Closed,Open
1256,41.86939591481964,76.669558085755,Open,Open
1257,41.90273142112125,79.23067072500066,Open,Open
1258,41.93606692742286,72.34535821297759,Closed,Open
1259,41.96940243372447,72.71596595371895,Closed,Open
1260,42.00273794002607,70.08048841208846,Closed,Open
1261,42.03607344632768,72.52796498507354,Closed,Open
1262,42.06940895262929,71.0429780170823,Closed,Open
1263,42.1027444589309,70.08352450644716,Closed,Open
1264,42.136079965232504,71.5691454033608,Closed,Open
1265,42.16941547153411,69.0899050327715,Closed,Open
1266,42.20275097783572,68.3605759384534,Closed,Open
1267,42.23608648413733,67.28365613114525,Closed,Open
1268,42.269421990438936,67.82254647408928,Closed,Open
1269,42.30275749674055,66.46341231617323,Closed,Open
1270,42.33609300304215,65.73063931011575,Closed,Open
1271,42.36942850934376,67.78780813139123,Closed,Open
1272,42.40276401564537,65.70784970829752,Closed,Open
1273,42.43609952194698,68.37603277307483,Closed,Open
1274,42.46943502824858,67.09269545782463,Closed,Open
1275,42.502770534550194,69.37045337973537,Closed,Open
1276,42.5361060408518,69.90691789142349,Closed,Open
1277,42.56944154715341,69.81023763767422,Closed,Open
1278,42.60277705345502,69.34553796018137,Closed,Open
1279,42.636112559756626,71.39506953246473,Closed,Open
1280,42.66944806605824,68.96854075047165,Closed,Open
1281,42.70278357235984,70.48992358391004,Closed,Open
1282,42.73611907866145,70.90779455334962,Closed,Open
1283,42.76945458496306,71.84400646676988,Closed,Open
1284,42.80279009126467,69.40642533749653,Closed,Open
1285,42.83612559756627,70.98516777575468,Closed,Open
1286,42.86946110386789,66.42676288260698,Closed,Open
1287,42.90279661016949,66.8370469824741,Closed,Open
1288,42.9361321164711,65.84273337839907,Closed,Open
1289,42.969467622772704,63.31564906910076,Closed,Open
1290,43.00280312907432,66.87207342332216,Closed,Open
1291,43.03613863537592,67.15634076752546,Closed,Open
1292,43.06947414167753,64.20206382187718,Closed,Open
1293,43.102809647979136,66.39598472315006,Closed,Open
1294,43.13614515428075,63.49890388417795,Closed,Open
1295,43.16948066058235,61.91505403363848,Closed,Open
1296,43.20281616688396,65.09210127607706,Closed,Open
1297,43.23615167318557,66.11839891846074,Closed,Open
1298,43.26948717948718,66.44934032741438,Closed,Open
1299,43.30282268578878,63.83143649863867,Closed,Open
1300,43.336158192090394,65.31851614639584,Closed,Open
1301,43.369493698392,65.09095019071637,Closed,Open
1302,43.40282920469361,65.20439695139905,Closed,Open
1303,43.436164710995214,66.02390388142517,Closed,Open
1304,43.469500217296826,69.18859065323795,Closed,Open
1305,43.50283572359844,71.00441759414636,Closed,Open
1306,43.53617122990004,72.44519528159849,Closed,Open
1307,43.56950673620165,72.41376798942082,Closed,Open
1308,43.60284224250326,70.10955064403291,Closed,Open
1309,43.63617774880487,71.1380724213941,Closed,Open
1310,43.66951325510647,69.91201016372716,Closed,Open
1311,43.70284876140808,69.05958055578058,Closed,Open
1312,43.73618426770969,69.4030460993269,Closed,Open
1313,43.7695197740113,68.41342297016351,Closed,Open
1314,43.802855280312905,69.22530065495863,Closed,Open
1315,43.83619078661451,66.96764264814381,Closed,Open
1316,43.86952629291612,66.5941170815567,Closed,Open
1317,43.90286179921773,64.05791596379767,Closed,Open
1318,43.936197305519336,67.08803413952849,Closed,Open
1319,43.96953281182095,66.42415309764232,Closed,Open
1320,44.00286831812255,65.68855525719758,Closed,Open
1321,44.03620382442416,65.11763423522237,Closed,Open
1322,44.06953933072577,64.59779335339532,Closed,Open
1323,44.10287483702738,66.33370097108946,Closed,Open
1324,44.13621034332898,70.03256883744403,Closed,Open
1325,44.169545849630595,62.61138559374119,Closed,Open
1326,44.2028813559322,58.928409662954365,Closed,Open
1327,44.23621686223381,68.31047066954704,Closed,Open
1328,44.269552368535415,58.61140659080547,Closed,Open
1329,44.302887874837026,56.604050118749896,Closed,Open
1330,44.33622338113863,56.989024472576034,Closed,Open
1331,44.36955888744024,54.51343368593301,Closed,Open
1332,44.402894393741846,56.684043742629235,Closed,Open
1333,44.43622990004346,54.85602229471348,Closed,Open
1334,44.46956540634507,53.69290530672343,Closed,Open
1335,44.50290091264667,62.23495049711872,Closed,Open
1336,44.536236418948285,60.11885469313358,Closed,Open
1337,44.56957192524989,61.27144772000682,Closed,Open
1338,44.6029074315515,60.31551301855109,Closed,Open
1339,44.636242937853105,52.62284666027856,Closed,Open
1340,44.66957844415472,48.323605332610455,Closed,Closed
1341,44.70291395045632,52.290214041274965,Closed,Open
1342,44.73624945675793,48.66554921718896,Closed,Closed
1343,44.769584963059536,52.5142828000232,Closed,Open
1344,44.80292046936115,49.74432058776945,Closed,Closed
1345,44.83625597566275,48.52333214470336,Closed,Closed
1346,44.86959148196436,49.03110539898819,Closed,Closed
1347,44.90292698826597,51.06678978911127,Closed,Closed
1348,44.93626249456758,49.8474956464961,Closed,Closed
1349,44.96959800086918,54.151241895248525,Closed,Open
1350,45.002933507170795,50.21992119832903,Closed,Closed
1351,45.0362690134724,54.94309706655244,Closed,Open
1352,45.06960451977401,62.809528736291064,Closed,Open
1353,45.102940026075615,62.29326832185256,Closed,Open
1354,45.136275532377226,64.07603742843392,Closed,Open
1355,45.16961103867883,64.23691611245367,Closed,Open
1356,45.20294654498044,66.59887171708768,Closed,Open
1357,45.236282051282046,66.73800042015877,Closed,Open
1358,45.26961755758366,65.64911906711977,Closed,Open
1359,45.30295306388526,68.76986758835586,Closed,Open
1360,45.33628857018687,65.04862029517062,Closed,Open
1361,45.369624076488485,61.09397936693719,Closed,Open
1362,45.40295958279009,63.55810270914249,Closed,Open
1363,45.4362950890917,64.57516177118706,Closed,Open
1364,45.469630595393305,61.55183322708869,Closed,Open
1365,45.50296610169491,62.71215761278764,Closed,Open
1366,45.53630160799652,64.7284351741593,Closed,Open
1367,45.56963711429813,69.62851487187879,Closed,Open
1368,45.602972620599736,70.24138531256264,Closed,Open
1369,45.63630812690135,69.82240483579588,Closed,Open
1370,45.66964363320295,71.4039922202213,Closed,Open
1371,45.70297913950456,71.00497571070255,Closed,Open
1372,45.73631464580617,70.90844742861862,Closed,Open
1373,45.76965015210778,72.35688300982275,Closed,Open
1374,45.80298565840938,68.90416843497195,Closed,Open
1375,45.836321164710995,69.4589984074284,Closed,Open
1376,45.8696566710126,66.35219305237537,Closed,Open
1377,45.90299217731421,61.640879645457616,Closed,Open
1378,45.936327683615815,65.41444739826976,Closed,Open
1379,45.969663189917426,61.245580297239755,Closed,Open
1380,46.00299869621903,63.84194726265541,Closed,Open
1381,46.03633420252064,64.99451800812284,Closed,Open
1382,46.069669708822246,62.675555869088086,Closed,Open
1383,46.10300521512386,61.25794328187382,Closed,Open
1384,46.13634072142546,60.866411102045106,Closed,Open
1385,46.169676227727074,58.13916162736997,Closed,Open
1386,46.20301173402868,59.58425294870768,Closed,Open
1387,46.23634724033029,53.70313491444814,Closed,Open
1388,46.2696827466319,61.40711892105118,Closed,Open
1389,46.303018252933505,63.50560225265438,Closed,Open
1390,46.33635375923512,66.05266169293373,Closed,Open
1391,46.36968926553672,62.20526275297414,Closed,Open
1392,46.40302477183833,61.42350790319301,Closed,Open
1393,46.43636027813994,59.548861143232216,Closed,Open
1394,46.46969578444155,67.96778007324026,Closed,Open
1395,46.50303129074315,70.56301039426015,Closed,Open
1396,46.53636679704477,73.13486587808492,Closed,Open
1397,46.56970230334637,74.07883911362045,Open,Open
1398,46.60303780964798,70.36901488107243,Closed,Open
1399,46.636373315949584,72.45336594397209,Closed,Open
1400,46.669708822251195,70.44086466228418,Closed,Open
1401,46.7030443285528,72.12452990377862,Closed,Open
1402,46.73637983485441,69.61211437773301,Closed,Open
1403,46.769715341156015,66.64888851153364,Closed,Open
1404,46.80305084745763,63.78299084553005,Closed,Open
1405,46.83638635375923,65.3426819244313,Closed,Open
1406,46.86972186006084,61.14328323371571,Closed,Open
1407,46.90305736636245,56.99569607523386,Closed,Open
1408,46.93639287266406,59.60724512629611,Closed,Open
1409,46.96972837896566,59.64735935357575,Closed,Open
1410,47.003063885267274,65.6359316144063,Closed,Open
1411,47.03639939156888,59.843751790350126,Closed,Open
1412,47.06973489787049,57.00366318759271,Closed,Open
1413,47.103070404172094,60.2450548589851,Closed,Open
1414,47.136405910473705,62.14445774422447,Closed,Open
1415,47.16974141677532,61.8889305611237,Closed,Open
1416,47.20307692307692,61.543865175476725,Closed,Open
1417,47.23641242937853,64.90211181384664,Closed,Open
1418,47.26974793568014,69.33586474549512,Closed,Open
1419,47.30308344198175,68.97712722041916,Closed,Open
1420,47.33641894828335,72.06214531637809,Closed,Open
1421,47.36975445458496,71.65508150848822,Closed,Open
1422,47.40308996088657,70.93206782535779,Closed,Open
1423,47.43642546718818,67.71023812675766,Closed,Open
1424,47.469760973489784,68.69826322283075,Closed,Open
1425,47.503096479791395,69.43394469830906,Closed,Open
1426,47.536431986093,68.10659245986434,Closed,Open
1427,47.56976749239461,64.52882564712215,Closed,Open
1428,47.603102998696215,59.07650240455165,Closed,Open
1429,47.63643850499783,54.6253190043694,Closed,Open
1430,47.66977401129943,61.72248937181848,Closed,Open
1431,47.70310951760104,61.205456720560704,Closed,Open
1432,47.73644502390265,62.196954979613,Closed,Open
1433,47.76978053020426,62.05259518088089,Closed,Open
1434,47.80311603650586,61.90298854892337,Closed,Open
1435,47.836451542807474,65.20717395369468,Closed,Open
1436,47.86978704910908,68.08817080763359,Closed,Open
1437,47.90312255541069,66.77768695603737,Closed,Open
1438,47.936458061712294,66.9597989990491,Closed,Open
1439,47.969793568013905,69.2176331210791,Closed,Open
1440,48.00312907431551,65.87787009687403,Closed,Open
1441,48.03646458061712,66.38209378304151,Closed,Open
1442,48.06980008691873,67.90899189494576,Closed,Open
1443,48.10313559322034,66.77087080509408,Closed,Open
1444,48.13647109952195,69.1534399784658,Closed,Open
1445,48.16980660582355,68.84478005118781,Closed,Open
1446,48.20314211212517,66.37182719723641,Closed,Open
1447,48.23647761842677,66.92113888408846,Closed,Open
1448,48.26981312472838,67.26971173079693,Closed,Open
1449,48.303148631029984,66.93965473191376,Closed,Open
1450,48.336484137331595,67.3659659469549,Closed,Open
1451,48.3698196436332,65.33961291874407,Closed,Open
1452,48.40315514993481,66.9597989990491,Closed,Open
1453,48.436490656236415,67.78671756701019,Closed,Open
1454,48.46982616253803,65.39271891015123,Closed,Open
1455,48.50316166883963,70.22445948086283,Closed,Open
1456,48.53649717514124,68.26510109635328,Closed,Open
1457,48.56983268144285,64.78048614686607,Closed,Open
1458,48.60316818774446,68.72400235011028,Closed,Open
1459,48.63650369404606,64.92702878385253,Closed,Open
1460,48.669839200347674,61.41678832217718,Closed,Open
1461,48.70317470664928,64.65949585699195,Closed,Open
1462,48.73651021295089,62.53307215048327,Closed,Open
1463,48.769845719252494,62.148456118013875,Closed,Open
1464,48.803181225554106,64.15774488858233,Closed,Open
1465,48.83651673185571,64.23347471181279,Closed,Open
1466,48.86985223815732,69.48820236877204,Closed,Open
1467,48.903187744458926,68.50151384777351,Closed,Open
1468,48.93652325076054,65.46315220416571,Closed,Open
1469,48.96985875706215,64.35753933695403,Closed,Open
1470,49.00319426336375,64.43327423452448,Closed,Open
1471,49.03652976966536,69.66943094088882,Closed,Open
1472,49.06986527596697,70.7276853189571,Closed,Open
1473,49.10320078226858,68.99309154205814,Closed,Open
1474,49.136536288570184,69.37015181548384,Closed,Open
1475,49.16987179487179,70.86213276346848,Closed,Open
1476,49.2032073011734,68.26526666673168,Closed,Open
1477,49.23654280747501,68.92241924717503,Closed,Open
1478,49.269878313776616,68.2534583272683,Closed,Open
1479,49.30321382007823,70.0698187419926,Closed,Open
1480,49.33654932637983,68.72694298920341,Closed,Open
1481,49.36988483268144,65.39281565107856,Closed,Open
1482,49.40322033898305,69.228598964905,Closed,Open
1483,49.43655584528466,70.24211270764027,Closed,Open
1484,49.46989135158626,68.19832039793555,Closed,Open
1485,49.503226857887874,70.04484601070928,Closed,Open
1486,49.53656236418948,70.06307047958065,Closed,Open
1487,49.56989787049109,67.94958182625061,Closed,Open
1488,49.603233376792694,65.91636767512985,Closed,Open
1489,49.636568883094306,61.90521376769418,Closed,Open
1490,49.66990438939591,69.16030877157219,Closed,Open
1491,49.70323989569752,69.71310991541957,Closed,Open
1492,49.736575401999126,67.25268261182367,Closed,Open
1493,49.76991090830074,65.84273337839907,Closed,Open
1494,49.80324641460234,65.30991364388333,Closed,Open
1495,49.83658192090395,66.77357239290664,Closed,Open
1496,49.86991742720557,61.43246784311798,Closed,Open
1497,49.90325293350717,63.26090522778608,Closed,Open
1498,49.93658843980878,61.17115455294733,Closed,Open
1499,49.969923946110384,65.32540437206663,Closed,Open
1500,50.003259452412,66.98797902739025,Closed,Open
1501,50.0365949587136,64.83509642060525,Closed,Open
1502,50.06993046501521,66.23306842485627,Closed,Open
1503,50.103265971316816,67.28783990265524,Closed,Open
1504,50.13660147761843,66.86907294308693,Closed,Open
1505,50.16993698392003,64.91926724798397,Closed,Open
1506,50.20327249022164,65.23247663804429,Closed,Open
1507,50.23660799652325,66.25663491095818,Closed,Open
1508,50.26994350282486,64.80890255383687,Closed,Open
1509,50.30327900912646,65.07320330055451,Closed,Open
1510,50.336614515428074,69.12893896104534,Closed,Open
1511,50.36995002172968,64.15905442731201,Closed,Open
1512,50.40328552803129,65.8740367484124,Closed,Open
1513,50.436621034332894,59.79755994337518,Closed,Open
1514,50.469956540634506,67.81519145784186,Closed,Open
1515,50.50329204693611,67.85966029416394,Closed,Open
1516,50.53662755323772,62.54154270907803,Closed,Open
1517,50.569963059539326,64.66190883823569,Closed,Open
1518,50.60329856584094,65.35950543668237,Closed,Open
1519,50.63663407214254,65.92910875905243,Closed,Open
1520,50.66996957844415,66.354481625826,Closed,Open
1521,50.70330508474576,69.03307215048326,Closed,Open
1522,50.73664059104737,62.91184882435982,Closed,Open
1523,50.76997609734898,64.15044915701853,Closed,Open
1524,50.803311603650585,67.80363070277883,Closed,Open
1525,50.83664710995219,68.34484204362403,Closed,Open
1526,50.8699826162538,68.30891322975276,Closed,Open
1527,50.90331812255541,66.23762139462978,Closed,Open
1528,50.936653628857016,66.74076619433414,Closed,Open
1529,50.96998913515863,67.62622621496493,Closed,Open
1530,51.00332464146023,63.56438694389773,Closed,Open
1531,51.03666014776184,63.63608305156178,Closed,Open
1532,51.06999565406345,64.10574268617492,Closed,Open
1533,51.10333116036506,60.44353411895226,Closed,Open
