frame,timestamp,anchor_to_bottom_lip_bottom_center,lips_label,teeth_label
0,0.0,94.34354737685209,Closed,Open
1,0.0333355063016079,90.11950283103602,Closed,Open
2,0.0666710126032159,91.46379717670656,Closed,Open
3,0.1000065189048239,92.118064079345,Closed,Open
4,0.1333420252064319,92.69600481307133,Closed,Open
5,0.16667753150804,93.06343276117217,Closed,Open
6,0.2000130378096479,90.87449162241552,Closed,Open
7,0.2333485441112559,93.72684119474395,Closed,Open
8,0.2666840504128639,91.45342745582212,Closed,Open
9,0.3000195567144719,91.8075343611137,Closed,Open
10,0.33335506301608,90.59417150942784,Closed,Open
11,0.3666905693176879,91.96367912525304,Closed,Open
12,0.4000260756192959,93.11447793051836,Closed,Open
13,0.4333615819209039,91.36096547883882,Closed,Open
14,0.4666970882225119,91.73827577969196,Closed,Open
15,0.50003259452412,91.63801809323188,Closed,Open
16,0.5333681008257279,94.17637400602868,Closed,Open
17,0.5667036071273359,92.73158257304632,Closed,Open
18,0.6000391134289439,91.26258436020429,Closed,Open
19,0.6333746197305519,91.18827768467408,Closed,Open
20,0.66671012603216,93.51275335035308,Closed,Open
21,0.7000456323337679,93.86747444281808,Closed,Open
22,0.7333811386353759,95.25601325905689,Closed,Open
23,0.7667166449369839,92.51144536354404,Closed,Open
24,0.8000521512385919,91.43132970001244,Closed,Open
25,0.8333876575401998,89.62111989725561,Closed,Open
26,0.8667231638418079,92.80040811243214,Closed,Open
27,0.9000586701434159,90.2398204299788,Closed,Open
28,0.933394176445024,92.13579245220008,Closed,Open
29,0.9667296827466318,95.13836621045382,Closed,Open
30,1.00006518904824,99.46097321434726,Closed,Open
31,1.0334006953498478,94.69157506638172,Closed,Open
32,1.066736201651456,113.25746869420288,Open,Open
33,1.1000717079530635,114.26698412127551,Open,Open
34,1.1334072142546718,121.23296582200742,Open,Open
35,1.16674272055628,110.4961735209272,Closed,Open
36,1.2000782268578878,101.55242587429164,Closed,Open
37,1.233413733159496,85.85844989937105,Closed,Open
38,1.2667492394611035,99.8566606421312,Closed,Open
39,1.3000847457627118,106.75591497799508,Closed,Open
40,1.33342025206432,109.92394161486554,Closed,Open
41,1.3667557583659278,100.9926068172262,Closed,Open
42,1.400091264667536,120.89000502688783,Open,Open
43,1.4334267709691435,112.60823570859488,Open,Open
44,1.4667622772707518,101.00461819070708,Closed,Open
45,1.5000977835723597,96.49982960052772,Closed,Open
46,1.5334332898739678,106.39121090404872,Closed,Open
47,1.566768796175576,95.98297475314844,Closed,Open
48,1.6001043024771835,102.66011063516166,Closed,Open
49,1.6334398087787918,108.76311610071367,Closed,Open
50,1.6667753150803997,115.07452349230978,Open,Open
51,1.7001108213820078,108.57180003526096,Closed,Open
52,1.7334463276836158,101.28207300334032,Closed,Open
53,1.7667818339852237,92.37980290260552,Closed,Open
54,1.8001173402868318,88.18394330950237,Closed,Open
55,1.8334528465884397,91.33557454984984,Closed,Open
56,1.8667883528900475,95.20105897316242,Closed,Open
57,1.900123859191656,87.28453648310487,Closed,Open
58,1.9334593654932637,87.60937880312136,Closed,Open
59,1.966794871794872,85.09356676692786,Closed,Open
60,2.00013037809648,85.25919295204305,Closed,Open
61,2.0334658843980877,81.49825701763305,Closed,Open
62,2.0668013906996956,82.02358341431753,Closed,Open
63,2.100136897001304,81.93262872797953,Closed,Open
64,2.133472403302912,79.63703842901879,Closed,Open
65,2.1668079096045196,80.5592400106099,Closed,Open
66,2.2001434159061275,77.01009191635528,Closed,Open
67,2.233478922207736,73.56192616788607,Closed,Closed
68,2.2668144285093437,76.1956114960567,Closed,Open
69,2.3001499348109515,80.06302342626333,Closed,Open
70,2.33348544111256,76.43423621810747,Closed,Open
71,2.3668209474141677,76.3457127062936,Closed,Open
72,2.4001564537157756,72.75237835901768,Closed,Closed
73,2.433491960017383,73.0974181379423,Closed,Closed
74,2.4668274663189917,107.4515430311166,Closed,Open
75,2.5001629726205996,76.85508284751339,Closed,Open
76,2.5334984789222075,83.83805376563146,Closed,Open
77,2.566833985223816,78.03005330527013,Closed,Open
78,2.6001694915254236,90.41322629063146,Closed,Open
79,2.6335049978270315,83.11645854629789,Closed,Open
80,2.66684050412864,85.39992250989638,Closed,Open
81,2.7001760104302477,94.24916617015025,Closed,Open
82,2.7335115167318556,92.69295074550364,Closed,Open
83,2.7668470230334634,89.39897881204752,Closed,Open
84,2.8001825293350717,86.74604636976315,Closed,Open
85,2.8335180356366796,88.0998753391444,Closed,Open
86,2.8668535419382875,83.23893007130371,Closed,Open
87,2.900189048239896,82.51551754409442,Closed,Open
88,2.9335245545415036,80.81759165636652,Closed,Open
89,2.9668600608431115,75.99029511864894,Closed,Open
90,3.0001955671447194,74.23536598613765,Closed,Closed
91,3.0335310734463277,73.586299292368,Closed,Closed
92,3.0668665797479355,72.71091073776242,Closed,Closed
93,3.1002020860495434,73.56799859034828,Closed,Closed
94,3.1335375923511517,76.05250421058372,Closed,Open
95,3.1668730986527596,80.19340853259497,Closed,Open
96,3.200208604954367,84.58433760129336,Closed,Open
97,3.2335441112559757,92.05992861171158,Closed,Open
98,3.2668796175575836,88.74307280527316,Closed,Open
99,3.3002151238591915,87.84911645189943,Closed,Open
100,3.3335506301607993,89.57966597218349,Closed,Open
101,3.3668861364624076,87.95377157356533,Closed,Open
102,3.4002216427640155,89.78109439378662,Closed,Open
103,3.4335571490656234,86.42636505907329,Closed,Open
104,3.4668926553672317,85.18249333891868,Closed,Open
105,3.5002281616688395,79.14675945334905,Closed,Open
106,3.5335636679704474,80.36075872706913,Closed,Open
107,3.5668991742720553,78.49111953913297,Closed,Open
108,3.6002346805736636,79.00678449427075,Closed,Open
109,3.633570186875271,81.00204679921134,Closed,Open
110,3.6669056931768793,76.41751946732404,Closed,Open
111,3.700241199478488,82.87799933455686,Closed,Open
112,3.733576705780095,86.88720141977399,Closed,Open
113,3.7669122120817033,84.69728197665427,Closed,Open
114,3.800247718383312,83.87978520348398,Closed,Open
115,3.833583224684919,94.61731867588,Closed,Open
116,3.8669187309865274,89.23883212503969,Closed,Open
117,3.9002542372881353,89.12378232945603,Closed,Open
118,3.933589743589744,94.23969835594325,Closed,Open
119,3.966925249891351,92.56263635584703,Closed,Open
120,4.00026075619296,97.21731560751324,Closed,Open
121,4.033596262494568,89.27806511147114,Closed,Open
122,4.0669317687961755,81.95443541001248,Closed,Open
123,4.100267275097783,89.73065582076029,Closed,Open
124,4.133602781399391,85.25916169835997,Closed,Open
125,4.166938287700999,83.82555672401726,Closed,Open
126,4.200273794002608,81.10402317610072,Closed,Open
127,4.233609300304216,81.2540755082464,Closed,Open
128,4.2669448066058235,80.96449293235023,Closed,Open
129,4.300280312907431,74.77874338963875,Closed,Closed
130,4.333615819209039,77.19401141379814,Closed,Open
131,4.366951325510647,82.80682009408906,Closed,Open
132,4.400286831812255,91.4128181990473,Closed,Open
133,4.433622338113864,93.33324102454408,Closed,Open
134,4.466957844415472,94.9870303566247,Closed,Open
135,4.5002933507170795,101.78774980443818,Closed,Open
136,4.533628857018687,101.1488601377281,Closed,Open
137,4.566964363320295,100.1757214429894,Closed,Open
138,4.600299869621903,99.11667701014248,Closed,Open
139,4.633635375923511,90.55112721511952,Closed,Open
140,4.66697088222512,101.00895388041002,Closed,Open
141,4.700306388526728,90.2024997690664,Closed,Open
142,4.733641894828335,86.80582931162814,Closed,Open
143,4.766977401129943,84.58933042042051,Closed,Open
144,4.800312907431551,81.2668419247911,Closed,Open
145,4.833648413733159,82.66765167409719,Closed,Open
146,4.866983920034767,85.55009810596313,Closed,Open
147,4.900319426336376,83.2408959758294,Closed,Open
148,4.9336549326379835,80.25611835756226,Closed,Open
149,4.966990438939591,81.00623339700121,Closed,Open
150,5.000325945241199,86.36674221198965,Closed,Open
151,5.033661451542807,92.0149082278946,Closed,Open
152,5.066996957844415,94.6962426748092,Closed,Open
153,5.100332464146024,93.2428328147735,Closed,Open
154,5.133667970447632,101.05268748084558,Closed,Open
155,5.167003476749239,99.91622505713386,Closed,Open
156,5.200338983050847,96.78080639537691,Closed,Open
157,5.233674489352455,92.55092770687185,Closed,Open
158,5.267009995654063,85.71293061203369,Closed,Open
159,5.300345501955671,86.2648317309224,Closed,Open
160,5.33368100825728,78.18727196713382,Closed,Open
161,5.3670165145588875,79.48085017548682,Closed,Open
162,5.400352020860495,79.2349054546979,Closed,Open
163,5.433687527162103,77.98712309234831,Closed,Open
164,5.467023033463711,72.99230856217235,Closed,Closed
165,5.500358539765319,76.79162647107663,Closed,Open
166,5.533694046066927,75.95026030475098,Closed,Open
167,5.567029552368536,75.40680518704806,Closed,Closed
168,5.6003650586701434,76.27875362139822,Closed,Open
169,5.633700564971751,84.1275490556551,Closed,Open
170,5.667036071273359,90.81876406819391,Closed,Open
171,5.700371577574967,90.47103355743056,Closed,Open
172,5.733707083876575,92.9126148418739,Closed,Open
173,5.767042590178183,90.92620578931373,Closed,Open
174,5.8003780964797915,93.93881530111348,Closed,Open
175,5.833713602781399,89.22194485335652,Closed,Open
176,5.867049109083007,89.82428453941023,Closed,Open
177,5.900384615384615,86.50578327715695,Closed,Open
178,5.933720121686223,84.35519002836105,Closed,Open
179,5.967055627987831,86.68536976773927,Closed,Open
180,6.000391134289439,90.06808268277513,Closed,Open
181,6.0337266405910475,79.71212458829243,Closed,Open
182,6.067062146892655,86.57852883617574,Closed,Open
183,6.100397653194263,84.65825945652882,Closed,Open
184,6.133733159495871,86.62519282098134,Closed,Open
185,6.167068665797479,80.99641431932908,Closed,Open
186,6.200404172099087,81.1944767713199,Closed,Open
187,6.2337396784006955,88.10113872073299,Closed,Open
188,6.267075184702303,90.3761063225438,Closed,Open
189,6.300410691003911,91.98439860169114,Closed,Open
190,6.333746197305519,98.7945522764266,Closed,Open
191,6.367081703607127,91.41665079403386,Closed,Open
192,6.400417209908735,103.85869107334142,Closed,Open
193,6.433752716210343,98.54866988611744,Closed,Open
194,6.4670882225119515,98.23379256250496,Closed,Open
195,6.500423728813559,93.52447703003088,Closed,Open
196,6.533759235115167,89.35291473715836,Closed,Open
197,6.567094741416775,86.23035171159047,Closed,Open
198,6.600430247718383,81.14705769006335,Closed,Open
199,6.633765754019991,81.52399341351975,Closed,Open
200,6.667101260321599,82.84765445877812,Closed,Open
201,6.700436766623207,82.31631905807481,Closed,Open
202,6.733772272924815,84.07941013636956,Closed,Open
203,6.767107779226423,82.98583879720394,Closed,Open
204,6.800443285528031,79.97110460204965,Closed,Open
205,6.833778791829639,88.80007329179004,Closed,Open
206,6.867114298131247,90.80106743215666,Closed,Open
207,6.900449804432855,94.6999250579963,Closed,Open
208,6.933785310734463,95.06293771896512,Closed,Open
209,6.967120817036071,101.29833451537272,Closed,Open
210,7.000456323337679,97.98310467469994,Closed,Open
211,7.033791829639287,96.8922560447466,Closed,Open
212,7.067127335940895,91.70574885642682,Closed,Open
213,7.100462842242503,90.36546580188708,Closed,Open
214,7.1337983485441105,81.56214980558914,Closed,Open
215,7.167133854845719,81.81247715949976,Closed,Open
216,7.200469361147327,83.70385423067353,Closed,Open
217,7.233804867448935,82.46843413845244,Closed,Open
218,7.267140373750543,81.50725535617812,Closed,Open
219,7.300475880052151,81.30357437655064,Closed,Open
220,7.333811386353759,76.69774257121688,Closed,Open
221,7.367146892655367,78.11370719717858,Closed,Open
222,7.400482398956975,75.70314388644859,Closed,Open
223,7.433817905258583,76.55786735796491,Closed,Open
224,7.467153411560191,81.36800781165155,Closed,Open
225,7.500488917861799,88.26146796124434,Closed,Open
226,7.533824424163407,88.84287329345426,Closed,Open
227,7.567159930465015,99.54222296248804,Closed,Open
228,7.600495436766623,97.02483005700194,Closed,Open
229,7.633830943068231,99.81235221353958,Closed,Open
230,7.667166449369839,99.76114007069287,Closed,Open
231,7.700501955671447,95.24377713856464,Closed,Open
232,7.733837461973055,97.7627700053477,Closed,Open
233,7.767172968274663,92.4006603457187,Closed,Open
234,7.8005084745762705,93.1901138600112,Closed,Open
235,7.833843980877879,88.44105708401193,Closed,Open
236,7.867179487179487,89.13595049123586,Closed,Open
237,7.900514993481095,88.46477681659984,Closed,Open
238,7.933850499782703,86.13997542725642,Closed,Open
239,7.967186006084311,83.60994370800677,Closed,Open
240,8.00052151238592,84.43865594728689,Closed,Open
241,8.033857018687527,84.8335039730645,Closed,Open
242,8.067192524989135,85.70222872923466,Closed,Open
243,8.100528031290743,84.88987104286254,Closed,Open
244,8.133863537592351,85.65724734728951,Closed,Open
245,8.167199043893959,84.5281554201241,Closed,Open
246,8.200534550195567,91.080086607927,Closed,Open
247,8.233870056497175,93.65741550451452,Closed,Open
248,8.267205562798782,95.77287372028856,Closed,Open
249,8.30054106910039,101.46852161085296,Closed,Open
250,8.333876575401998,100.16893648387362,Closed,Open
251,8.367212081703606,104.0169325427946,Closed,Open
252,8.400547588005216,99.56265325000196,Closed,Open
253,8.433883094306823,100.16027877652874,Closed,Open
254,8.467218600608431,96.3788403156401,Closed,Open
255,8.50055410691004,95.05925922386028,Closed,Open
256,8.533889613211647,95.74030109266047,Closed,Open
257,8.567225119513255,89.43441858924879,Closed,Open
258,8.600560625814863,90.95248109681344,Closed,Open
259,8.63389613211647,88.15555012258343,Closed,Open
260,8.667231638418079,87.79147011807777,Closed,Open
261,8.700567144719686,84.74973264014847,Closed,Open
262,8.733902651021294,79.45246952362031,Closed,Open
263,8.767238157322902,78.47752241301217,Closed,Open
264,8.80057366362451,77.9151765706382,Closed,Open
265,8.833909169926118,81.90595795689302,Closed,Open
266,8.867244676227727,81.66517186829626,Closed,Open
267,8.900580182529335,87.67094378588547,Closed,Open
268,8.933915688830943,93.77284645516028,Closed,Open
269,8.967251195132551,97.75654116454018,Closed,Open
270,9.000586701434159,99.57168447302207,Closed,Open
271,9.033922207735769,101.08656541206425,Closed,Open
272,9.067257714037376,95.73334978589884,Closed,Open
273,9.100593220338984,102.23637855609684,Closed,Open
274,9.13392872664059,97.85302607244152,Closed,Open
275,9.167264232942198,95.19469466604676,Closed,Open
276,9.200599739243806,88.3981955313584,Closed,Open
277,9.233935245545414,95.69003677268182,Closed,Open
278,9.267270751847022,93.78494380332958,Closed,Open
279,9.300606258148632,90.66848937691874,Closed,Open
280,9.33394176445024,90.08810970428284,Closed,Open
281,9.367277270751847,88.33518059741371,Closed,Open
282,9.400612777053457,86.20554852560764,Closed,Open
283,9.433948283355065,88.32547707287097,Closed,Open
284,9.46728378965667,84.9692897788679,Closed,Open
285,9.50061929595828,81.90914250788407,Closed,Open
286,9.533954802259888,83.01654505217158,Closed,Open
287,9.567290308561494,81.92624010040649,Closed,Open
288,9.600625814863102,84.27235767337862,Closed,Open
289,9.63396132116471,92.9062484249211,Closed,Open
290,9.667296827466318,97.23399829650702,Closed,Open
291,9.700632333767926,102.25273529311706,Closed,Open
292,9.733967840069534,103.47838583274527,Closed,Open
293,9.767303346371143,101.13659053101073,Closed,Open
294,9.800638852672751,100.44014096871312,Closed,Open
295,9.83397435897436,98.82919369378052,Closed,Open
296,9.867309865275969,97.8047080719177,Closed,Open
297,9.900645371577577,96.96043387201962,Closed,Open
298,9.933980877879184,94.87739252989716,Closed,Open
299,9.96731638418079,92.94230888051987,Closed,Open
300,10.000651890482398,91.4632861615892,Closed,Open
301,10.033987396784006,92.75217222636088,Closed,Open
302,10.067322903085614,91.34342997764384,Closed,Open
303,10.100658409387222,83.2775246488598,Closed,Open
304,10.13399391568883,82.22388752045748,Closed,Open
305,10.167329421990438,76.56431240898796,Closed,Open
306,10.200664928292047,78.51554721102013,Closed,Open
307,10.234000434593655,75.3779791764824,Closed,Closed
308,10.267335940895263,80.48650455338259,Closed,Open
309,10.300671447196873,87.2768958791579,Closed,Open
310,10.33400695349848,91.70189163601042,Closed,Open
311,10.367342459800089,98.8024063963956,Closed,Open
312,10.400677966101696,101.16682419548928,Closed,Open
313,10.434013472403302,100.39387091636286,Closed,Open
314,10.46734897870491,101.53260243053144,Closed,Open
315,10.500684485006518,101.64319588337632,Closed,Open
316,10.534019991308126,98.74240897283906,Closed,Open
317,10.567355497609734,98.1133163966404,Closed,Open
318,10.600691003911342,100.46208476393768,Closed,Open
319,10.63402651021295,95.52299643560109,Closed,Open
320,10.66736201651456,96.92239497640354,Closed,Open
321,10.700697522816167,96.33872908702196,Closed,Open
322,10.734033029117777,91.56312088227884,Closed,Open
323,10.767368535419385,88.19234492492174,Closed,Open
324,10.80070404172099,88.93184652953889,Closed,Open
325,10.8340395480226,90.69531906161676,Closed,Open
326,10.867375054324206,85.24558397238005,Closed,Open
327,10.900710560625814,88.11641231146143,Closed,Open
328,10.934046066927422,85.65088343344937,Closed,Open
329,10.96738157322903,79.41500627299337,Closed,Open
330,11.000717079530638,84.98265144980732,Closed,Open
331,11.034052585832246,91.22567879685748,Closed,Open
332,11.067388092133854,90.4760584099314,Closed,Open
333,11.100723598435462,95.177459872485,Closed,Open
334,11.134059104737071,99.17927854287504,Closed,Open
335,11.16739461103868,100.8746380110681,Closed,Open
336,11.200730117340289,100.34949869275869,Closed,Open
337,11.234065623641897,98.486427309948,Closed,Open
338,11.267401129943504,97.48173495038124,Closed,Open
339,11.30073663624511,93.7987990794997,Closed,Open
340,11.334072142546718,92.23158709594506,Closed,Open
341,11.367407648848326,93.12786557313656,Closed,Open
342,11.400743155149934,90.58487740312135,Closed,Open
343,11.434078661451542,85.10929243353364,Closed,Open
344,11.46741416775315,86.13239531798065,Closed,Open
345,11.500749674054758,87.73724155724958,Closed,Open
346,11.534085180356366,87.73118559002853,Closed,Open
347,11.567420686657975,83.32073442988786,Closed,Open
348,11.600756192959585,81.0684486165287,Closed,Open
349,11.634091699261193,77.5194784240243,Closed,Open
350,11.6674272055628,76.51330102359618,Closed,Open
351,11.700762711864408,85.73863498220717,Closed,Open
352,11.734098218166016,87.97070844036645,Closed,Open
353,11.767433724467622,95.91925760126634,Closed,Open
354,11.80076923076923,100.59259801045732,Closed,Open
355,11.834104737070838,103.10311106018396,Closed,Open
356,11.867440243372446,101.61061741258617,Closed,Open
357,11.900775749674054,97.07997538996447,Closed,Open
358,11.934111255975662,93.4558407186885,Closed,Open
359,11.96744676227727,97.23511495652716,Closed,Open
360,12.000782268578876,95.23748969789044,Closed,Open
361,12.034117774880489,91.07756345869196,Closed,Open
362,12.067453281182097,85.41130748582975,Closed,Open
363,12.100788787483705,85.7950567168788,Closed,Open
364,12.13412429378531,84.67055960185905,Closed,Open
365,12.16745980008692,87.90424415434013,Closed,Open
366,12.200795306388526,86.8651398796594,Closed,Open
367,12.234130812690134,89.93887932422874,Closed,Open
368,12.267466318991742,91.79485481591846,Closed,Open
369,12.30080182529335,82.99357608928152,Closed,Open
370,12.334137331594958,86.73027895224246,Closed,Open
371,12.367472837896566,91.82597087407518,Closed,Open
372,12.400808344198174,97.03569337497574,Closed,Open
373,12.43414385049978,99.63780350437328,Closed,Open
374,12.467479356801393,99.95410736812724,Closed,Open
375,12.500814863103,100.08963842918668,Closed,Open
376,12.534150369404609,93.99213719958288,Closed,Open
377,12.567485875706216,94.78244820186542,Closed,Open
378,12.600821382007824,94.85277758564362,Closed,Open
379,12.63415688830943,95.13384621141172,Closed,Open
380,12.667492394611038,94.30859748081429,Closed,Open
381,12.700827900912646,93.68401096817746,Closed,Open
382,12.734163407214254,92.65018289333788,Closed,Open
383,12.767498913515862,88.6807488655617,Closed,Open
384,12.80083441981747,85.18723485139066,Closed,Open
385,12.834169926119078,82.86605454066748,Closed,Open
386,12.867505432420684,79.50000903924584,Closed,Open
387,12.900840938722292,75.56685837401051,Closed,Closed
388,12.934176445023905,70.30222614064024,Closed,Closed
389,12.96751195132551,75.39815413927019,Closed,Closed
390,13.00084745762712,69.39148260629092,Closed,Closed
391,13.034182963928728,78.34769243224426,Closed,Open
392,13.067518470230334,77.62990484755682,Closed,Open
393,13.100853976531942,84.62070097561207,Closed,Open
394,13.13418948283355,88.55284658506685,Closed,Open
395,13.167524989135158,95.54142378853,Closed,Open
396,13.200860495436766,98.97803850299825,Closed,Open
397,13.234196001738374,97.16578061208878,Closed,Open
398,13.267531508039982,97.9763704129344,Closed,Open
399,13.30086701434159,98.02464227469926,Closed,Open
400,13.334202520643196,95.6186393741526,Closed,Open
401,13.367538026944809,93.68145812938324,Closed,Open
402,13.400873533246417,94.89239158658204,Closed,Open
403,13.434209039548024,92.5456794962314,Closed,Open
404,13.46754454584963,91.60785661940535,Closed,Open
405,13.500880052151238,87.8700392991633,Closed,Open
406,13.534215558452846,88.4934257344731,Closed,Open
407,13.567551064754454,87.41140547710947,Closed,Open
408,13.600886571056062,85.36372511063931,Closed,Open
409,13.63422207735767,85.86635641099717,Closed,Open
410,13.667557583659278,85.01387928173015,Closed,Open
411,13.700893089960886,90.21090842017114,Closed,Open
412,13.734228596262492,88.75567580686669,Closed,Open
413,13.7675641025641,87.00746236467593,Closed,Open
414,13.80089960886571,79.05373239601741,Closed,Open
415,13.83423511516732,77.09826867159103,Closed,Open
416,13.867570621468928,76.73618408728356,Closed,Open
417,13.900906127770536,80.20673383058997,Closed,Open
418,13.934241634072142,86.16431481393425,Closed,Open
419,13.96757714037375,89.6338000845518,Closed,Open
420,14.000912646675358,95.17264105946252,Closed,Open
421,14.034248152976966,96.98716465225132,Closed,Open
422,14.067583659278574,100.63532142042732,Closed,Open
423,14.100919165580182,100.189523359024,Closed,Open
424,14.13425467188179,97.55481338465584,Closed,Open
425,14.167590178183396,99.64673457727514,Closed,Open
426,14.200925684485004,96.66087701093468,Closed,Open
427,14.234261190786611,92.7328000451875,Closed,Open
428,14.26759669708822,92.16431332933472,Closed,Open
429,14.30093220338983,91.30009717074616,Closed,Open
430,14.33426770969144,88.8953787617445,Closed,Open
431,14.367603215993046,85.59894050739172,Closed,Open
432,14.400938722294654,82.38156721182006,Closed,Open
433,14.434274228596262,81.9085388270814,Closed,Open
434,14.46760973489787,81.40923220568408,Closed,Open
435,14.500945241199478,79.06141211397292,Closed,Open
436,14.534280747501086,76.8691727513443,Closed,Open
437,14.567616253802694,76.1148609071764,Closed,Open
438,14.600951760104302,77.03695636513126,Closed,Open
439,14.63428726640591,74.96041164822776,Closed,Closed
440,14.667622772707515,72.93319501464244,Closed,Closed
441,14.700958279009123,87.7297062151663,Closed,Open
442,14.734293785310737,90.05073509107403,Closed,Open
443,14.767629291612344,88.97356711233873,Closed,Open
444,14.80096479791395,87.78730000319555,Closed,Open
445,14.834300304215558,90.48830111623812,Closed,Open
446,14.867635810517166,89.57903792143208,Closed,Open
447,14.900971316818774,91.58014238853023,Closed,Open
448,14.934306823120382,84.26934137542361,Closed,Open
449,14.96764232942199,82.09618609792781,Closed,Open
450,15.000977835723598,79.12950245985496,Closed,Open
451,15.034313342025206,87.45046410786864,Closed,Open
452,15.067648848326812,90.56480798729513,Closed,Open
453,15.10098435462842,91.9513507644113,Closed,Open
454,15.13431986093003,93.3460706405814,Closed,Open
455,15.167655367231635,95.1853426085854,Closed,Open
456,15.200990873533248,93.54166829535625,Closed,Open
457,15.234326379834854,93.23534678118943,Closed,Open
458,15.267661886136462,91.10064967364583,Closed,Open
459,15.30099739243807,87.60367013161587,Closed,Open
460,15.334332898739678,85.59270181245387,Closed,Open
461,15.367668405041286,82.29560330209665,Closed,Open
462,15.401003911342894,84.46602010698683,Closed,Open
463,15.434339417644502,81.47871330534923,Closed,Open
464,15.46767492394611,83.46068124922496,Closed,Open
465,15.501010430247716,80.73421107902496,Closed,Open
466,15.534345936549323,76.96788363270025,Closed,Open
467,15.567681442850931,73.16119557136722,Closed,Closed
468,15.60101694915254,74.77945181353262,Closed,Closed
469,15.63435245545415,71.15696207836473,Closed,Closed
470,15.66768796175576,73.92202974129107,Closed,Closed
471,15.701023468057366,79.52014712138664,Closed,Open
472,15.734358974358974,85.35352840377664,Closed,Open
473,15.767694480660582,91.43213313269705,Closed,Open
474,15.80102998696219,94.80726609765908,Closed,Open
475,15.834365493263798,96.55690122420155,Closed,Open
476,15.867700999565406,95.24731526826264,Closed,Open
477,15.901036505867014,95.63264659589191,Closed,Open
478,15.93437201216862,94.40909063885157,Closed,Open
479,15.96770751847023,93.36292991606676,Closed,Open
480,16.00104302477184,91.00882975240324,Closed,Open
481,16.034378531073447,90.34339725985136,Closed,Open
482,16.067714037375055,84.5291173781355,Closed,Open
483,16.101049543676663,83.7911167907688,Closed,Open
484,16.13438504997827,81.70053531225639,Closed,Open
485,16.16772055627988,83.33373117473907,Closed,Open
486,16.201056062581486,85.18757738810939,Closed,Open
487,16.234391568883094,85.09041042353981,Closed,Open
488,16.267727075184702,84.79588729891489,Closed,Open
489,16.30106258148631,79.91444484636425,Closed,Open
490,16.334398087787918,76.39670132602818,Closed,Open
491,16.367733594089525,70.5018058474902,Closed,Closed
492,16.401069100391133,71.48418662913521,Closed,Closed
493,16.43440460669274,74.58325851094267,Closed,Closed
494,16.46774011299435,84.15565786244782,Closed,Open
495,16.501075619295957,88.51911314294438,Closed,Open
496,16.534411125597565,93.50465867836962,Closed,Open
497,16.567746631899173,98.5915544671129,Closed,Open
498,16.60108213820078,99.16309529258008,Closed,Open
499,16.63441764450239,100.90746599006788,Closed,Open
500,16.667753150803996,98.55443811759048,Closed,Open
501,16.701088657105604,96.2741337206622,Closed,Open
502,16.734424163407212,97.22562385844004,Closed,Open
503,16.767759669708823,95.7851885659345,Closed,Open
504,16.80109517601043,94.07337969370715,Closed,Open
505,16.83443068231204,91.86104735608698,Closed,Open
506,16.867766188613647,88.30812073560224,Closed,Open
507,16.901101694915255,85.36141561534541,Closed,Open
508,16.934437201216863,87.19799528698752,Closed,Open
509,16.96777270751847,83.99456945673137,Closed,Open
510,17.00110821382008,84.55901940485272,Closed,Open
511,17.034443720121686,84.62754294320496,Closed,Open
512,17.067779226423294,81.92096527205399,Closed,Open
513,17.101114732724902,81.02907222925997,Closed,Open
514,17.13445023902651,80.64032696313922,Closed,Open
515,17.167785745328118,74.2452893384052,Closed,Closed
516,17.201121251629726,81.70850333925515,Closed,Open
517,17.234456757931333,81.11458321297239,Closed,Open
518,17.26779226423294,88.46201184437622,Closed,Open
519,17.30112777053455,92.52383987675464,Closed,Open
520,17.334463276836157,97.7454889073776,Closed,Open
521,17.367798783137765,97.18283394705595,Closed,Open
522,17.401134289439373,99.1066824790535,Closed,Open
523,17.43446979574098,98.62823917018872,Closed,Open
524,17.46780530204259,99.56244786696824,Closed,Open
525,17.501140808344196,97.82998572942486,Closed,Open
526,17.534476314645804,95.96988829398175,Closed,Open
527,17.567811820947412,95.00279424244324,Closed,Open
528,17.60114732724902,93.9126212722828,Closed,Open
529,17.634482833550628,92.01243600381656,Closed,Open
530,17.667818339852236,89.54428209340612,Closed,Open
531,17.701153846153847,85.65137351918864,Closed,Open
532,17.734489352455455,81.92306397444457,Closed,Open
533,17.767824858757063,82.6344064634799,Closed,Open
534,17.80116036505867,81.13754515117992,Closed,Open
535,17.83449587136028,78.7643859940921,Closed,Open
536,17.867831377661886,79.4887738180199,Closed,Open
537,17.901166883963494,74.77214070736106,Closed,Closed
538,17.934502390265102,74.69890945614114,Closed,Closed
539,17.96783789656671,76.35602674500214,Closed,Open
540,18.001173402868318,74.36408911617877,Closed,Closed
541,18.03450890916993,80.27748653388981,Closed,Open
542,18.067844415471537,89.79821726956428,Closed,Open
543,18.10117992177314,97.5135929750043,Closed,Open
544,18.13451542807475,101.89354654108472,Closed,Open
545,18.167850934376357,99.70711251545346,Closed,Open
546,18.201186440677965,101.07389083158095,Closed,Open
547,18.234521946979573,101.52792181336687,Closed,Open
548,18.26785745328118,100.11523653150638,Closed,Open
549,18.30119295958279,99.2050269927374,Closed,Open
550,18.334528465884397,96.42080026402874,Closed,Open
551,18.367863972186004,96.604155685836,Closed,Open
552,18.401199478487612,94.66186919008432,Closed,Open
553,18.43453498478922,92.1051402613008,Closed,Open
554,18.467870491090828,90.69590517459984,Closed,Open
555,18.501205997392436,92.09576926305948,Closed,Open
556,18.534541503694044,88.37512411048417,Closed,Open
557,18.56787700999565,85.17869858983646,Closed,Open
558,18.601212516297263,79.50120916284457,Closed,Open
559,18.63454802259887,78.68186480237375,Closed,Open
560,18.66788352890048,79.00450599073332,Closed,Open
561,18.701219035202087,76.85301911069881,Closed,Open
562,18.734554541503694,76.10677343570865,Closed,Open
563,18.767890047805302,75.16318986782338,Closed,Closed
564,18.80122555410691,77.33036742791822,Closed,Open
565,18.83456106040852,80.88202392696772,Closed,Open
566,18.86789656671013,89.17263126215822,Closed,Open
567,18.901232073011737,97.269987494554,Closed,Open
568,18.93456757931334,101.07081269287733,Closed,Open
569,18.96790308561495,101.64357262654812,Closed,Open
570,19.001238591916557,101.40121660139276,Closed,Open
571,19.034574098218165,100.76009567714382,Closed,Open
572,19.067909604519773,98.60094974187392,Closed,Open
573,19.10124511082138,98.00520761208848,Closed,Open
574,19.13458061712299,95.78898673324512,Closed,Open
575,19.167916123424597,95.69345673547214,Closed,Open
576,19.201251629726205,95.40435400510373,Closed,Open
577,19.234587136027812,90.55005587198852,Closed,Open
578,19.26792264232942,89.57173461120519,Closed,Open
579,19.301258148631028,90.35302375312835,Closed,Open
580,19.334593654932636,86.83678849795483,Closed,Open
581,19.367929161234244,82.38794307321646,Closed,Open
582,19.40126466753585,76.80032738313525,Closed,Open
583,19.43460017383746,77.76152897079754,Closed,Open
584,19.467935680139068,88.69043727671034,Closed,Open
585,19.50127118644068,78.62940065421711,Closed,Open
586,19.534606692742287,81.85255559671727,Closed,Open
587,19.567942199043895,86.0425960906593,Closed,Open
588,19.601277705345503,85.21460688462118,Closed,Open
589,19.63461321164711,88.956066163834,Closed,Open
590,19.66794871794872,85.33916458998567,Closed,Open
591,19.70128422425033,84.77528371379364,Closed,Open
592,19.734619730551938,88.62566716269839,Closed,Open
593,19.767955236853545,87.58439604380808,Closed,Open
594,19.80129074315515,92.50903612822174,Closed,Open
595,19.83462624945676,92.97552806176282,Closed,Open
596,19.867961755758365,90.1254714242325,Closed,Open
597,19.901297262059973,88.06626939135225,Closed,Open
598,19.93463276836158,93.87441820340872,Closed,Open
599,19.96796827466319,87.9604761946374,Closed,Open
600,20.001303780964797,89.38032750000538,Closed,Open
601,20.034639287266405,90.1114430825005,Closed,Open
602,20.067974793568013,94.11274025868812,Closed,Open
603,20.10131029986962,95.58960569340069,Closed,Open
604,20.13464580617123,96.01966362267704,Closed,Open
605,20.167981312472836,97.0452430302458,Closed,Open
606,20.201316818774444,92.85176584523978,Closed,Open
607,20.234652325076052,93.51250750219398,Closed,Open
608,20.26798783137766,93.2686333373623,Closed,Open
609,20.301323337679268,97.07457630708484,Closed,Open
610,20.334658843980876,94.39359687010278,Closed,Open
611,20.367994350282483,95.63502857449458,Closed,Open
612,20.401329856584095,93.77140884913808,Closed,Open
613,20.434665362885703,95.70513063570598,Closed,Open
614,20.46800086918731,95.61587951189225,Closed,Open
615,20.50133637548892,95.04232956259628,Closed,Open
616,20.534671881790526,92.83799705153277,Closed,Open
617,20.568007388092138,96.57004534205656,Closed,Open
618,20.601342894393746,92.46343436154972,Closed,Open
619,20.63467840069535,94.3250257114954,Closed,Open
620,20.66801390699696,95.39676298861428,Closed,Open
621,20.70134941329857,96.81959661875352,Closed,Open
622,20.734684919600173,98.18387688908226,Closed,Open
623,20.76802042590178,97.21541929075586,Closed,Open
624,20.80135593220339,94.30126021968228,Closed,Open
625,20.834691438504997,93.48493702538308,Closed,Open
626,20.868026944806605,95.86671465246228,Closed,Open
627,20.901362451108213,95.43464425780483,Closed,Open
628,20.93469795740982,94.42600925578498,Closed,Open
629,20.96803346371143,94.32159405449316,Closed,Open
630,21.001368970013036,93.22638313073662,Closed,Open
631,21.034704476314644,92.10250749411586,Closed,Open
632,21.068039982616252,89.53144482023329,Closed,Open
633,21.10137548891786,88.56099350494642,Closed,Open
634,21.134710995219468,88.50670623544983,Closed,Open
635,21.168046501521076,88.01257934001123,Closed,Open
636,21.201382007822684,91.35140508189522,Closed,Open
637,21.23471751412429,95.84715811080989,Closed,Open
638,21.2680530204259,97.87773798760864,Closed,Open
639,21.30138852672751,98.50766803665567,Closed,Open
640,21.33472403302912,103.28628491513864,Closed,Open
641,21.368059539330726,105.27761647137952,Closed,Open
642,21.401395045632334,102.21787691468066,Closed,Open
643,21.434730551933946,105.34865878764684,Closed,Open
644,21.46806605823555,108.08411222159586,Closed,Open
645,21.50140156453716,101.92362280551752,Closed,Open
646,21.53473707083877,99.8644637144898,Closed,Open
647,21.568072577140377,94.96638650433565,Closed,Open
648,21.60140808344198,95.9292052329966,Closed,Open
649,21.63474358974359,98.13615112459686,Closed,Open
650,21.668079096045197,93.87828138161098,Closed,Open
651,21.701414602346805,95.05027767864227,Closed,Open
652,21.734750108648413,94.0396146985196,Closed,Open
653,21.76808561495002,94.5706777483509,Closed,Open
654,21.80142112125163,95.8143716060135,Closed,Open
655,21.834756627553237,94.83307760392672,Closed,Open
656,21.868092133854844,95.4132862144665,Closed,Open
657,21.901427640156452,93.53903949327184,Closed,Open
658,21.93476314645806,94.73208375418788,Closed,Open
659,21.968098652759668,95.50674779669038,Closed,Open
660,22.001434159061276,91.73413865387266,Closed,Open
661,22.034769665362884,94.81284564773853,Closed,Open
662,22.06810517166449,93.87774130447984,Closed,Open
663,22.1014406779661,94.57565235996262,Closed,Open
664,22.134776184267707,95.10235718649707,Closed,Open
665,22.168111690569315,92.18699003753082,Closed,Open
666,22.201447196870923,93.93759309563288,Closed,Open
667,22.234782703172534,97.4981008330506,Closed,Open
668,22.268118209474142,92.95987057328136,Closed,Open
669,22.30145371577575,94.7022744514511,Closed,Open
670,22.33478922207736,93.5028770085543,Closed,Open
671,22.36812472837897,93.9467995041802,Closed,Open
672,22.401460234680577,93.42545485731398,Closed,Open
673,22.43479574098218,94.44533079473996,Closed,Open
674,22.46813124728379,94.66252180719252,Closed,Open
675,22.501466753585397,95.0321536367857,Closed,Open
676,22.534802259887005,95.4132862144665,Closed,Open
677,22.568137766188613,97.0872860223823,Closed,Open
678,22.60147327249022,93.98499074991786,Closed,Open
679,22.63480877879183,92.32166204628248,Closed,Open
680,22.668144285093437,97.44302825456148,Closed,Open
681,22.701479791395045,95.19578774488278,Closed,Open
682,22.734815297696652,95.74948936419968,Closed,Open
683,22.76815080399826,94.70427659041196,Closed,Open
684,22.801486310299868,97.66659474413208,Closed,Open
685,22.834821816601476,93.81206188628542,Closed,Open
686,22.868157322903084,97.12104971938902,Closed,Open
687,22.90149282920469,93.40747846190912,Closed,Open
688,22.9348283355063,97.07439975135124,Closed,Open
689,22.968163841807907,94.95842455753764,Closed,Open
690,23.001499348109515,94.619852145299,Closed,Open
691,23.034834854411123,95.63524678051246,Closed,Open
692,23.06817036071273,95.7620258720477,Closed,Open
693,23.10150586701434,93.31418266589615,Closed,Open
694,23.13484137331595,93.71023613689496,Closed,Open
695,23.16817687961756,95.64305819925482,Closed,Open
696,23.20151238591917,92.91025729969348,Closed,Open
697,23.234847892220778,94.96583279878314,Closed,Open
698,23.268183398522385,93.16990847751008,Closed,Open
699,23.30151890482399,91.68152701711202,Closed,Open
700,23.3348544111256,93.99781384034274,Closed,Open
701,23.368189917427205,94.22831904063048,Closed,Open
702,23.401525423728813,94.53829994520174,Closed,Open
703,23.43486093003042,94.17560004431743,Closed,Open
704,23.46819643633203,93.94481533853096,Closed,Open
705,23.501531942633637,92.76341040777172,Closed,Open
706,23.534867448935245,94.85830128258314,Closed,Open
707,23.568202955236853,91.07162047127204,Closed,Open
708,23.60153846153846,93.67287909719929,Closed,Open
709,23.63487396784007,91.38311907860964,Closed,Open
710,23.668209474141676,96.61818435369943,Closed,Open
711,23.701544980443284,93.2581803469434,Closed,Open
712,23.734880486744892,93.13662771465448,Closed,Open
713,23.7682159930465,91.0432033691048,Closed,Open
714,23.801551499348108,91.00804847644352,Closed,Open
715,23.834887005649716,94.44999673606104,Closed,Open
716,23.868222511951323,90.25570985170046,Closed,Open
717,23.90155801825293,90.56467233382526,Closed,Open
718,23.93489352455454,93.27884169447434,Closed,Open
719,23.968229030856147,98.26780444621288,Closed,Open
720,24.001564537157755,95.5575696052896,Closed,Open
721,24.034900043459366,96.58656946955556,Closed,Open
722,24.068235549760978,99.60781342472922,Closed,Open
723,24.101571056062586,104.78001396647876,Closed,Open
724,24.13490656236419,115.31340653294342,Open,Open
725,24.1682420686658,121.28415240433074,Open,Open
726,24.20157757496741,104.3743518960204,Closed,Open
727,24.234913081269013,111.35899775561384,Closed,Open
728,24.26824858757062,105.97531173025274,Closed,Open
729,24.30158409387223,96.68502878906868,Closed,Open
730,24.334919600173837,91.69829970730189,Closed,Open
731,24.368255106475445,88.07917604430743,Closed,Open
732,24.401590612777053,92.7953978892001,Closed,Open
733,24.43492611907866,94.3745056601837,Closed,Open
734,24.46826162538027,88.85506754721904,Closed,Open
735,24.501597131681876,87.0151951322924,Closed,Open
736,24.534932637983484,92.40383727562184,Closed,Open
737,24.568268144285092,95.77897738884631,Closed,Open
738,24.6016036505867,89.02719282980613,Closed,Open
739,24.634939156888308,82.79740204026697,Closed,Open
740,24.668274663189916,86.20222767267191,Closed,Open
741,24.701610169491524,83.99751110291594,Closed,Open
742,24.73494567579313,90.096263181539,Closed,Open
743,24.76828118209474,96.32084557857864,Closed,Open
744,24.801616688396347,90.93132925416168,Closed,Open
745,24.834952194697955,80.98841247147604,Closed,Open
746,24.868287700999563,90.6577348233389,Closed,Open
747,24.90162320730117,86.65131035009219,Closed,Open
748,24.934958713602786,91.63929357564388,Closed,Open
749,24.96829421990439,89.28642665382874,Closed,Open
750,25.001629726206,91.63582870786809,Closed,Open
751,25.03496523250761,91.41791339911444,Closed,Open
752,25.068300738809217,91.32754267314056,Closed,Open
753,25.10163624511082,95.46224405361106,Closed,Open
754,25.13497175141243,95.39446409364018,Closed,Open
755,25.168307257714037,93.84269213391484,Closed,Open
756,25.201642764015645,97.988339784589,Closed,Open
757,25.234978270317253,94.08629167422644,Closed,Open
758,25.26831377661886,92.88790015708794,Closed,Open
759,25.30164928292047,91.41343853978708,Closed,Open
760,25.334984789222077,84.6035744937488,Closed,Open
761,25.368320295523684,80.28505537874071,Closed,Open
762,25.401655801825292,76.88478746294398,Closed,Open
763,25.4349913081269,77.61409973215888,Closed,Open
764,25.468326814428508,75.66695708692191,Closed,Open
765,25.501662320730116,72.40727297553238,Closed,Closed
766,25.534997827031724,74.90886991538927,Closed,Closed
767,25.56833333333333,74.05566355138481,Closed,Closed
768,25.60166883963494,79.85167665102,Closed,Open
769,25.635004345936547,86.76553654015066,Closed,Open
770,25.668339852238155,89.6796252932802,Closed,Open
771,25.701675358539763,94.15531215475175,Closed,Open
772,25.73501086484137,100.7521456783117,Closed,Open
773,25.76834637114298,98.75275190378258,Closed,Open
774,25.801681877444587,96.66634015761674,Closed,Open
775,25.8350173837462,93.52293340721644,Closed,Open
776,25.86835289004781,94.05411557700864,Closed,Open
777,25.901688396349417,91.82637233410338,Closed,Open
778,25.93502390265102,90.45194721780108,Closed,Open
779,25.96835940895263,88.022408612732,Closed,Open
780,26.001694915254237,90.30160591000808,Closed,Open
781,26.035030421555845,87.44245085593545,Closed,Open
782,26.068365927857453,88.31803368051422,Closed,Open
783,26.10170143415906,86.66255710159174,Closed,Open
784,26.13503694046067,82.8126821696608,Closed,Open
785,26.168372446762277,80.43017561313292,Closed,Open
786,26.201707953063885,76.62548012300235,Closed,Open
787,26.235043459365492,78.08578037665646,Closed,Open
788,26.2683789656671,78.90575695231655,Closed,Open
789,26.301714471968708,84.43410952016235,Closed,Open
790,26.335049978270316,89.9710683366288,Closed,Open
791,26.368385484571924,97.897926077309,Closed,Open
792,26.40172099087353,100.44517579854111,Closed,Open
793,26.43505649717514,102.25558267152708,Closed,Open
794,26.468392003476747,99.30920302457363,Closed,Open
795,26.501727509778355,95.21474601494674,Closed,Open
796,26.535063016079963,93.75194860099656,Closed,Open
797,26.56839852238157,82.84938432328686,Closed,Open
798,26.60173402868318,88.16595831809661,Closed,Open
799,26.635069534984787,86.02623971273704,Closed,Open
800,26.668405041286395,82.97665940288701,Closed,Open
801,26.701740547588003,76.986857778147,Closed,Open
802,26.735076053889617,79.5913618780507,Closed,Open
803,26.768411560191225,82.66847496589507,Closed,Open
804,26.80174706649283,75.12104795702723,Closed,Closed
805,26.83508257279444,74.57693998951868,Closed,Closed
806,26.868418079096045,78.77750493374725,Closed,Open
807,26.901753585397653,86.73457360174629,Closed,Open
808,26.93508909169926,96.11691702366464,Closed,Open
809,26.96842459800087,97.12534581286558,Closed,Open
810,27.001760104302477,100.26888136405978,Closed,Open
811,27.035095610604085,101.83269971589094,Closed,Open
812,27.068431116905693,101.33618822796076,Closed,Open
813,27.1017666232073,101.20749427916688,Closed,Open
814,27.13510212950891,98.37980786904308,Closed,Open
815,27.168437635810516,93.6068010530366,Closed,Open
816,27.201773142112124,91.55142727186131,Closed,Open
817,27.235108648413732,85.04041413457169,Closed,Open
818,27.26844415471534,79.42920676488669,Closed,Open
819,27.301779661016948,77.98650063524988,Closed,Open
820,27.335115167318556,78.70608208603605,Closed,Open
821,27.368450673620163,76.74888770994944,Closed,Open
822,27.40178617992177,77.4831605275946,Closed,Open
823,27.43512168622338,75.44662993642575,Closed,Closed
824,27.468457192524987,86.42280476368713,Closed,Open
825,27.501792698826595,95.81250877475816,Closed,Open
826,27.535128205128203,101.67601199595612,Closed,Open
827,27.56846371142981,107.42567396100048,Closed,Open
828,27.60179921773142,106.11374978400022,Closed,Open
829,27.635134724033023,99.95139573801686,Closed,Open
830,27.66847023033464,100.18881390243814,Closed,Open
831,27.70180573663625,96.3923907427461,Closed,Open
832,27.735141242937853,96.32082101209367,Closed,Open
833,27.76847674923946,88.0330577529655,Closed,Open
834,27.80181225554107,84.09616261564057,Closed,Open
835,27.835147761842677,79.34732162192587,Closed,Open
836,27.868483268144285,79.02866531921312,Closed,Open
837,27.901818774445893,81.67657209419696,Closed,Open
838,27.9351542807475,76.97982089525524,Closed,Open
839,27.96848978704911,78.11765751751253,Closed,Open
840,28.001825293350716,77.08017260829126,Closed,Open
841,28.035160799652324,75.44226362770179,Closed,Closed
842,28.068496305953932,78.64466817152316,Closed,Open
843,28.10183181225554,88.0435642345961,Closed,Open
844,28.135167318557148,99.26030867759718,Closed,Open
845,28.168502824858756,99.82998830326557,Closed,Open
846,28.201838331160364,102.11864066211004,Closed,Open
847,28.23517383746197,101.79203333185912,Closed,Open
848,28.26850934376358,98.06460431968712,Closed,Open
849,28.301844850065187,96.38622865688956,Closed,Open
850,28.335180356366795,95.0606014914606,Closed,Open
851,28.368515862668403,93.94155455488372,Closed,Open
852,28.40185136897001,91.7318265937977,Closed,Open
853,28.43518687527162,90.61239638077464,Closed,Open
854,28.468522381573223,86.17111599104896,Closed,Open
855,28.50185788787483,88.28108657076545,Closed,Open
856,28.53519339417644,92.16254886533224,Closed,Open
857,28.568528900478057,91.91566392231636,Closed,Open
858,28.60186440677966,90.09591690685818,Closed,Open
859,28.63519991308127,92.46021696479032,Closed,Open
860,28.668535419382877,93.2376401330137,Closed,Open
861,28.701870925684485,92.770463574432,Closed,Open
862,28.735206431986093,91.83184296540328,Closed,Open
863,28.7685419382877,90.05592659951537,Closed,Open
864,28.80187744458931,91.7685234151634,Closed,Open
865,28.835212950890917,85.33398175034824,Closed,Open
866,28.868548457192524,88.27329625678598,Closed,Open
867,28.901883963494132,82.69670952140201,Closed,Open
868,28.93521946979574,71.94700286492213,Closed,Closed
869,28.968554976097348,79.96955506401177,Closed,Open
870,29.001890482398956,77.64316024436141,Closed,Open
871,29.035225988700564,74.33839520269223,Closed,Closed
872,29.06856149500217,75.07451293700097,Closed,Closed
873,29.10189700130378,84.08535461149134,Closed,Open
874,29.135232507605387,93.26171398338582,Closed,Open
875,29.168568013906995,98.49890975795502,Closed,Open
876,29.201903520208603,102.09565830793872,Closed,Open
877,29.23523902651021,100.47600871040416,Closed,Open
878,29.26857453281182,98.0326517924002,Closed,Open
879,29.301910039113427,98.6502947471932,Closed,Open
880,29.33524554541503,94.92151841165308,Closed,Open
881,29.36858105171664,91.93363077952262,Closed,Open
882,29.40191655801825,88.43543892366708,Closed,Open
883,29.435252064319855,93.32141301026788,Closed,Open
884,29.46858757062147,83.89504388736748,Closed,Open
885,29.501923076923077,85.59498631209581,Closed,Open
886,29.535258583224685,83.4356258025623,Closed,Open
887,29.568594089526293,80.90335834651586,Closed,Open
888,29.6019295958279,80.30954624660289,Closed,Open
889,29.63526510212951,81.06027963238304,Closed,Open
890,29.668600608431117,78.94616562004511,Closed,Open
891,29.701936114732725,84.62877281643944,Closed,Open
892,29.735271621034332,97.18689405903277,Closed,Open
893,29.76860712733594,94.59455347501876,Closed,Open
894,29.801942633637548,98.68831151022944,Closed,Open
895,29.835278139939156,102.20871397284908,Closed,Open
896,29.868613646240764,97.48701065820109,Closed,Open
897,29.90194915254237,94.05546324177824,Closed,Open
898,29.93528465884398,98.57307505460548,Closed,Open
899,29.968620165145587,94.03467996674397,Closed,Open
900,30.001955671447195,92.48340192166448,Closed,Open
901,30.035291177748803,89.48754112141104,Closed,Open
902,30.06862668405041,88.16595831809661,Closed,Open
903,30.10196219035202,84.31458546452191,Closed,Open
904,30.135297696653627,83.95905010678754,Closed,Open
905,30.168633202955235,82.4102974493431,Closed,Open
906,30.201968709256843,83.77467377331097,Closed,Open
907,30.23530421555845,81.48257428958735,Closed,Open
908,30.26863972186006,78.7775899977739,Closed,Open
909,30.301975228161663,77.15277240387866,Closed,Open
910,30.33531073446327,79.57924755015598,Closed,Open
911,30.368646240764885,85.01208440432916,Closed,Open
912,30.401981747066493,96.38269639154667,Closed,Open
913,30.4353172533681,91.03752184942698,Closed,Open
914,30.46865275966971,98.17825633786448,Closed,Open
915,30.501988265971317,99.38488680021231,Closed,Open
916,30.535323772272925,92.98500431469478,Closed,Open
917,30.568659278574533,97.92451332852455,Closed,Open
918,30.60199478487614,91.27338439159789,Closed,Open
919,30.63533029117775,92.80654903982976,Closed,Open
920,30.668665797479356,85.91943832268754,Closed,Open
921,30.702001303780964,89.71548056588665,Closed,Open
922,30.735336810082572,83.86051131937909,Closed,Open
923,30.76867231638418,84.55547977316152,Closed,Open
924,30.802007822685788,81.14201763346391,Closed,Open
925,30.835343328987395,81.7686266556812,Closed,Open
926,30.868678835289003,80.47460781321456,Closed,Open
927,30.90201434159061,84.85539490844182,Closed,Open
928,30.93534984789222,75.54521096406754,Closed,Closed
929,30.968685354193827,77.9193489943092,Closed,Open
930,31.002020860495435,91.44454179831664,Closed,Open
931,31.035356366797043,95.06865071441928,Closed,Open
932,31.06869187309865,100.03360036892452,Closed,Open
933,31.10202737940026,102.96598754927945,Closed,Open
934,31.135362885701863,103.60269080377188,Closed,Open
935,31.16869839200347,106.91375104791244,Closed,Open
936,31.20203389830508,97.77440196913432,Closed,Open
937,31.23536940460669,98.0441411453971,Closed,Open
938,31.2687049109083,98.97824035349107,Closed,Open
939,31.30204041720991,97.73209680311612,Closed,Open
940,31.335375923511517,90.89477695056247,Closed,Open
941,31.368711429813125,86.41955036695663,Closed,Open
942,31.402046936114733,86.39251913035001,Closed,Open
943,31.43538244241634,86.43461456981555,Closed,Open
944,31.46871794871795,84.47517320051446,Closed,Open
945,31.502053455019556,81.58503609889824,Closed,Open
946,31.535388961321164,80.39132136139824,Closed,Open
947,31.568724467622772,80.42952545467685,Closed,Open
948,31.60205997392438,81.1777758008788,Closed,Open
949,31.635395480225988,84.37505351532481,Closed,Open
950,31.668730986527596,84.14716997834802,Closed,Open
951,31.702066492829204,89.68077013063949,Closed,Open
952,31.73540199913081,97.59842696597173,Closed,Open
953,31.76873750543242,99.87274870784736,Closed,Open
954,31.802073011734027,107.69098716437428,Closed,Open
955,31.835408518035635,108.26011771902556,Closed,Open
956,31.868744024337243,101.90443173500104,Closed,Open
957,31.90207953063885,95.14107045927987,Closed,Open
958,31.93541503694046,95.7478985889814,Closed,Open
959,31.968750543242063,93.95073587938948,Closed,Open
960,32.00208604954368,96.06958267478412,Closed,Open
961,32.03542155584528,96.17550011439008,Closed,Open
962,32.068757062146894,91.32535415702364,Closed,Open
963,32.1020925684485,89.41688673631299,Closed,Open
964,32.13542807475011,87.5962890019251,Closed,Open
965,32.168763581051714,86.90028170028273,Closed,Open
966,32.202099087353325,82.93281121437863,Closed,Open
967,32.23543459365493,77.52128897119704,Closed,Open
968,32.26877009995654,81.15013032213912,Closed,Open
969,32.302105606258145,86.77741906701044,Closed,Open
970,32.33544111255976,91.9506085041428,Closed,Open
971,32.36877661886136,103.29628079743289,Closed,Open
972,32.40211212516297,104.08397138014628,Closed,Open
973,32.43544763146458,107.36245517889245,Closed,Open
974,32.46878313776619,101.21952271640808,Closed,Open
975,32.50211864406779,101.2430051006436,Closed,Open
976,32.535454150369404,96.40101393739153,Closed,Open
977,32.56878965667101,91.85171185378115,Closed,Open
978,32.60212516297262,88.67999559355785,Closed,Open
979,32.63546066927423,88.27049819919395,Closed,Open
980,32.668796175575835,83.26055962422718,Closed,Open
981,32.70213168187745,81.75871785956195,Closed,Open
982,32.73546718817905,77.88155850182649,Closed,Open
983,32.76880269448066,80.36163305179238,Closed,Open
984,32.80213820078227,79.07049191027751,Closed,Open
985,32.83547370708388,79.45430812327562,Closed,Open
986,32.86880921338548,74.32521607214667,Closed,Closed
987,32.902144719687094,75.97229463578252,Closed,Open
988,32.9354802259887,76.80656509939226,Closed,Open
989,32.96881573229031,79.26330833484168,Closed,Open
990,33.002151238591914,76.38226488747692,Closed,Open
991,33.035486744893525,74.2540386733778,Closed,Closed
992,33.06882225119513,80.0361213600618,Closed,Open
993,33.10215775749674,85.16078759293345,Closed,Open
994,33.135493263798345,83.15981613201939,Closed,Open
995,33.16882877009996,95.30843922131226,Closed,Open
996,33.20216427640156,96.84086538883554,Closed,Open
997,33.23549978270317,102.06540601291432,Closed,Open
998,33.26883528900478,103.2908218668887,Closed,Open
999,33.30217079530639,102.77117820771495,Closed,Open
1000,33.33550630160799,97.00378008646176,Closed,Open
1001,33.368841807909604,96.39254152653612,Closed,Open
1002,33.40217731421121,93.92838180090445,Closed,Open
1003,33.43551282051282,90.31216677033252,Closed,Open
1004,33.468848326814424,86.92516501983394,Closed,Open
1005,33.502183833116035,86.37612911395752,Closed,Open
1006,33.53551933941765,84.8406665524541,Closed,Open
1007,33.56885484571925,84.83026904312167,Closed,Open
1008,33.60219035202086,84.76787723936341,Closed,Open
1009,33.63552585832247,83.72576425276844,Closed,Open
1010,33.66886136462408,81.12445409005554,Closed,Open
1011,33.70219687092568,82.75985748894163,Closed,Open
1012,33.735532377227294,77.76782288605514,Closed,Open
1013,33.7688678835289,97.08891120290062,Closed,Open
1014,33.80220338983051,84.26740527379835,Closed,Open
1015,33.835538896132114,90.19571435786182,Closed,Open
1016,33.868874402433725,93.65380444796745,Closed,Open
1017,33.90220990873533,98.55075309577998,Closed,Open
1018,33.93554541503694,102.85271227939964,Closed,Open
1019,33.968880921338545,103.68877292336026,Closed,Open
1020,34.00221642764016,100.75172427690224,Closed,Open
1021,34.03555193394176,98.51685323046551,Closed,Open
1022,34.06888744024337,97.62840699660568,Closed,Open
1023,34.10222294654498,94.01841952967334,Closed,Open
1024,34.13555845284659,94.32709125294323,Closed,Open
1025,34.16889395914819,91.05323224999044,Closed,Open
1026,34.202229465449804,86.37175063537161,Closed,Open
1027,34.23556497175141,85.52881278367795,Closed,Open
1028,34.26890047805302,81.97086426446728,Closed,Open
1029,34.302235984354624,80.05705726124614,Closed,Open
1030,34.335571490656235,78.87207737599383,Closed,Open
1031,34.36890699695784,78.32185983909096,Closed,Open
1032,34.40224250325945,73.68618191108767,Closed,Closed
1033,34.43557800956106,73.61991389572887,Closed,Closed
1034,34.46891351586267,73.85005091874947,Closed,Closed
1035,34.50224902216428,78.97471552534182,Closed,Open
1036,34.53558452846588,83.24596753211875,Closed,Open
1037,34.568920034767494,86.53005910635802,Closed,Open
1038,34.6022555410691,95.10056856085409,Closed,Open
1039,34.63559104737071,100.75877828842208,Closed,Open
1040,34.668926553672314,102.61210427133926,Closed,Open
1041,34.702262059973926,98.64559412353287,Closed,Open
1042,34.73559756627553,103.1913092595822,Closed,Open
1043,34.76893307257714,100.5692153595348,Closed,Open
1044,34.802268578878746,97.50881506747469,Closed,Open
1045,34.83560408518036,97.67236502045104,Closed,Open
1046,34.86893959148196,94.39207099591655,Closed,Open
1047,34.90227509778357,96.86941438434036,Closed,Open
1048,34.93561060408518,96.19791459236012,Closed,Open
1049,34.96894611038679,91.8529460315184,Closed,Open
1050,35.00228161668839,96.55270706642386,Closed,Open
1051,35.035617122990004,93.6223899531375,Closed,Open
1052,35.06895262929161,87.1655134892114,Closed,Open
1053,35.10228813559322,84.76825187912388,Closed,Open
1054,35.135623641894824,85.67501540360536,Closed,Open
1055,35.168959148196436,87.53908117258592,Closed,Open
1056,35.20229465449804,90.892457140141,Closed,Open
1057,35.23563016079965,92.76079171778338,Closed,Open
1058,35.268965667101256,96.03521978651682,Closed,Open
1059,35.30230117340287,97.46190237647792,Closed,Open
1060,35.33563667970447,94.81845536580832,Closed,Open
1061,35.36897218600608,94.22633939303614,Closed,Open
1062,35.402307692307694,89.19651445523954,Closed,Open
1063,35.4356431986093,86.80466175574749,Closed,Open
1064,35.46897870491091,87.19885025246458,Closed,Open
1065,35.502314211212514,83.43064672254783,Closed,Open
1066,35.535649717514126,82.13469730182206,Closed,Open
1067,35.56898522381573,78.55310990430006,Closed,Open
1068,35.60232073011734,78.33764991477321,Closed,Open
1069,35.635656236418946,72.19085696515226,Closed,Closed
1070,35.66899174272056,71.66236891380646,Closed,Closed
1071,35.70232724902216,83.18241531211817,Closed,Open
1072,35.73566275532377,82.25969374370328,Closed,Open
1073,35.76899826162538,86.0878716714714,Closed,Open
1074,35.80233376792699,89.72499739962144,Closed,Open
1075,35.83566927422859,98.71859627021306,Closed,Open
1076,35.869004780530204,99.81358884847064,Closed,Open
1077,35.90234028683181,101.03715321162788,Closed,Open
1078,35.93567579313342,100.1790529156634,Closed,Open
1079,35.969011299435024,98.13854895293,Closed,Open
1080,36.002346805736636,95.72011302007697,Closed,Open
1081,36.03568231203824,94.47671699944463,Closed,Open
1082,36.06901781833985,94.0542155519508,Closed,Open
1083,36.102353324641456,93.84249525093604,Closed,Open
1084,36.13568883094307,90.15228768418967,Closed,Open
1085,36.16902433724467,89.36814643593766,Closed,Open
1086,36.20235984354628,84.05157878185418,Closed,Open
1087,36.23569534984789,84.63055277685906,Closed,Open
1088,36.2690308561495,85.87593661792775,Closed,Open
1089,36.30236636245111,81.64734468262503,Closed,Open
1090,36.335701868752714,81.03715709492391,Closed,Open
1091,36.369037375054326,78.72126177285165,Closed,Open
1092,36.40237288135593,75.70459545977124,Closed,Open
1093,36.43570838765754,76.82459623151433,Closed,Open
1094,36.469043893959146,86.7485716281467,Closed,Open
1095,36.50237940026076,92.47966292923792,Closed,Open
1096,36.53571490656236,101.31829123768613,Closed,Open
1097,36.56905041286397,103.16553204520032,Closed,Open
1098,36.60238591916558,100.29813809355228,Closed,Open
1099,36.63572142546719,101.239634892665,Closed,Open
1100,36.66905693176879,99.94123474772998,Closed,Open
1101,36.702392438070405,97.13106897025833,Closed,Open
1102,36.73572794437201,96.47042722920295,Closed,Open
1103,36.76906345067362,96.07555295032284,Closed,Open
1104,36.802398956975225,92.71179571171749,Closed,Open
1105,36.83573446327683,94.89281242936698,Closed,Open
1106,36.86906996957844,89.97060319260224,Closed,Open
1107,36.90240547588005,84.12218161333365,Closed,Open
1108,36.935740982181656,88.65479672814192,Closed,Open
1109,36.96907648848327,86.39031157523353,Closed,Open
1110,37.00241199478487,85.8762922892849,Closed,Open
1111,37.03574750108648,79.21981351770563,Closed,Open
1112,37.06908300738809,77.14871212542428,Closed,Open
1113,37.1024185136897,76.58460341717416,Closed,Open
1114,37.1357540199913,74.8522084954565,Closed,Closed
1115,37.169089526292915,77.94054282170009,Closed,Open
1116,37.202425032594526,85.20271446841073,Closed,Open
1117,37.23576053889613,93.77441243047272,Closed,Open
1118,37.26909604519774,99.83146687370382,Closed,Open
1119,37.302431551499346,101.7472702985026,Closed,Open
1120,37.33576705780096,99.8339381157654,Closed,Open
1121,37.36910256410256,97.7884293479387,Closed,Open
1122,37.40243807040417,97.35534489937352,Closed,Open
1123,37.43577357670578,99.79175883693978,Closed,Open
1124,37.46910908300739,96.25101937635677,Closed,Open
1125,37.50244458930899,100.51521934513258,Closed,Open
1126,37.535780095610605,98.059750446586,Closed,Open
1127,37.56911560191221,94.4348713998058,Closed,Open
1128,37.60245110821382,94.3411859383852,Closed,Open
1129,37.635786614515425,92.71068921731768,Closed,Open
1130,37.66912212081704,91.2384621223514,Closed,Open
1131,37.70245762711864,83.07442349171075,Closed,Open
1132,37.73579313342025,88.93092080697207,Closed,Open
1133,37.769128639721856,86.38654613918095,Closed,Open
1134,37.80246414602347,87.59698177859731,Closed,Open
1135,37.83579965232507,82.47319410396996,Closed,Open
1136,37.86913515862668,83.25148620548481,Closed,Open
1137,37.90247066492829,83.57045510668561,Closed,Open
1138,37.9358061712299,81.2602721961318,Closed,Open
1139,37.9691416775315,84.49835746401422,Closed,Open
1140,38.002477183833115,82.48534293836792,Closed,Open
1141,38.03581269013472,94.88819859489332,Closed,Open
1142,38.06914819643633,95.1697171855756,Closed,Open
1143,38.10248370273794,98.5202809046524,Closed,Open
1144,38.135819209039546,101.08367534152912,Closed,Open
1145,38.16915471534116,100.70701787564848,Closed,Open
1146,38.20249022164276,103.47362986153048,Closed,Open
1147,38.23582572794437,102.31965031387584,Closed,Open
1148,38.26916123424598,98.08986578880705,Closed,Open
1149,38.30249674054759,97.22167621838004,Closed,Open
1150,38.33583224684919,96.71710487206629,Closed,Open
1151,38.369167753150805,95.06623751301429,Closed,Open
1152,38.40250325945241,92.66151398673276,Closed,Open
1153,38.43583876575402,88.1987911565062,Closed,Open
1154,38.469174272055625,86.3451044949231,Closed,Open
1155,38.50250977835723,87.10749969999064,Closed,Open
1156,38.53584528465884,87.51723444933967,Closed,Open
1157,38.56918079096045,86.81312714654848,Closed,Open
1158,38.602516297262056,82.37506921154508,Closed,Open
1159,38.63585180356367,81.40264571559815,Closed,Open
1160,38.66918730986527,81.32750775666872,Closed,Open
1161,38.70252281616688,81.94864190217653,Closed,Open
1162,38.73585832246849,83.61269070455921,Closed,Open
1163,38.7691938287701,80.421936683815,Closed,Open
1164,38.8025293350717,81.99767013990567,Closed,Open
1165,38.835864841373315,95.11755825243212,Closed,Open
1166,38.86920034767492,94.30805878867528,Closed,Open
1167,38.90253585397653,100.64835703917284,Closed,Open
1168,38.935871360278135,104.26874953948374,Closed,Open
1169,38.969206866579746,105.22701974380962,Closed,Open
1170,39.00254237288136,110.12084694197988,Closed,Open
1171,39.03587787918296,106.80819392534556,Closed,Open
1172,39.069213385484574,101.97189968813332,Closed,Open
1173,39.10254889178618,103.98389911164308,Closed,Open
1174,39.13588439808779,100.41430717467104,Closed,Open
1175,39.169219904389394,99.8650940992666,Closed,Open
1176,39.202555410691005,96.21097921646592,Closed,Open
1177,39.23589091699261,93.52681429072004,Closed,Open
1178,39.26922642329422,90.86438110498796,Closed,Open
1179,39.302561929595825,89.05050063575717,Closed,Open
1180,39.33589743589744,88.37516971938399,Closed,Open
1181,39.36923294219904,82.30859163292493,Closed,Open
1182,39.40256844850065,79.08595267706517,Closed,Open
1183,39.43590395480226,84.67901512332713,Closed,Open
1184,39.46923946110387,81.13405110602588,Closed,Open
1185,39.50257496740547,77.5596109035947,Closed,Open
1186,39.53591047370709,81.42345297678355,Closed,Open
1187,39.56924598000869,76.40106996123328,Closed,Open
1188,39.6025814863103,78.85917303943171,Closed,Open
1189,39.635916992611904,85.60498077555067,Closed,Open
1190,39.669252498913515,93.94818774934178,Closed,Open
1191,39.70258800521512,100.2616821161414,Closed,Open
1192,39.73592351151673,102.78414047891962,Closed,Open
1193,39.769259017818335,104.34734560532392,Closed,Open
1194,39.80259452411995,103.62524632018584,Closed,Open
1195,39.83593003042155,104.48630982866965,Closed,Open
1196,39.86926553672316,101.55540034964125,Closed,Open
1197,39.902601043024774,99.7032089744032,Closed,Open
1198,39.93593654932638,100.63869621706586,Closed,Open
1199,39.96927205562799,97.26080627883807,Closed,Open
1200,40.002607561929594,93.11011501258692,Closed,Open
1201,40.035943068231205,89.46526480092365,Closed,Open
1202,40.06927857453281,82.15960168135983,Closed,Open
1203,40.10261408083442,82.85280951525996,Closed,Open
1204,40.135949587136025,80.87800055811769,Closed,Open
1205,40.16928509343764,83.55283501782053,Closed,Open
1206,40.20262059973924,88.55135949712239,Closed,Open
1207,40.23595610604085,80.35513705741138,Closed,Open
1208,40.26929161234246,92.36893850326268,Closed,Open
1209,40.30262711864407,83.37010588637514,Closed,Open
1210,40.33596262494567,81.9527128120731,Closed,Open
1211,40.36929813124728,83.23190214221907,Closed,Open
1212,40.40263363754889,84.10155191221321,Closed,Open
1213,40.4359691438505,84.71539908670243,Closed,Open
1214,40.469304650152104,83.7652698621191,Closed,Open
1215,40.502640156453715,86.18825119413161,Closed,Open
1216,40.53597566275532,85.65459297201414,Closed,Open
1217,40.56931116905693,89.89242423286613,Closed,Open
1218,40.602646675358535,89.84878223546175,Closed,Open
1219,40.63598218166015,90.52967154629376,Closed,Open
1220,40.66931768796175,89.0239828174397,Closed,Open
1221,40.70265319426336,90.98412763816847,Closed,Open
1222,40.73598870056497,89.97497940302358,Closed,Open
1223,40.76932420686658,89.23891989272332,Closed,Open
1224,40.80265971316819,90.55539461719108,Closed,Open
1225,40.835995219469794,94.57650477476209,Closed,Open
1226,40.869330725771405,100.24385989994352,Closed,Open
1227,40.90266623207301,101.71471609231482,Closed,Open
1228,40.93600173837462,100.86518931247946,Closed,Open
1229,40.969337244676225,100.99014910145743,Closed,Open
1230,41.00267275097784,100.6553682394077,Closed,Open
1231,41.03600825727944,98.0224636302188,Closed,Open
1232,41.06934376358105,100.701145107834,Closed,Open
1233,41.10267926988266,97.56142638930086,Closed,Open
1234,41.13601477618427,97.53943687686277,Closed,Open
1235,41.16935028248587,98.31086031623686,Closed,Open
1236,41.20268578878749,94.7050184073838,Closed,Open
1237,41.23602129508909,99.22507989674732,Closed,Open
1238,41.2693568013907,96.21611419660564,Closed,Open
1239,41.302692307692304,96.44072733884778,Closed,Open
1240,41.336027813993915,97.0833104742338,Closed,Open
1241,41.36936332029552,96.04932930434056,Closed,Open
1242,41.40269882659713,95.12752212174746,Closed,Open
1243,41.436034332898735,97.99318139274035,Closed,Open
1244,41.46936983920035,98.0091712775178,Closed,Open
1245,41.50270534550195,92.74500468874888,Closed,Open
1246,41.53604085180356,92.49171103516665,Closed,Open
1247,41.56937635810517,89.7112979867834,Closed,Open
1248,41.60271186440678,89.23256805428659,Closed,Open
1249,41.63604737070838,90.47406066429664,Closed,Open
1250,41.669382877009994,96.6931509666891,Closed,Open
1251,41.702718383311606,100.79114041358022,Closed,Open
1252,41.73605388961321,97.61159089036084,Closed,Open
1253,41.76938939591482,100.6888266868958,Closed,Open
1254,41.802724902216426,109.73140909890176,Closed,Open
1255,41.83606040851804,104.36354042280612,Closed,Open
1256,41.86939591481964,115.05718998363132,Open,Open
1257,41.90273142112125,121.43647263193748,Open,Open
1258,41.93606692742286,112.12108100164131,Closed,Open
1259,41.96940243372447,107.85002501161648,Closed,Open
1260,42.00273794002607,98.76795010504672,Closed,Open
1261,42.03607344632768,99.1013778176018,Closed,Open
1262,42.06940895262929,95.26179627504712,Closed,Open
1263,42.1027444589309,94.46078463157822,Closed,Open
1264,42.136079965232504,97.316889870086,Closed,Open
1265,42.16941547153411,94.94765229445846,Closed,Open
1266,42.20275097783572,94.8563494985467,Closed,Open
1267,42.23608648413733,93.099239811639,Closed,Open
1268,42.269421990438936,93.75313381677424,Closed,Open
1269,42.30275749674055,94.72348295421432,Closed,Open
1270,42.33609300304215,93.52881917423257,Closed,Open
1271,42.36942850934376,95.74319851900538,Closed,Open
1272,42.40276401564537,94.8568023560494,Closed,Open
1273,42.43609952194698,96.8810516263951,Closed,Open
1274,42.46943502824858,94.72792654526272,Closed,Open
1275,42.502770534550194,97.45666329050012,Closed,Open
1276,42.5361060408518,96.85972804846531,Closed,Open
1277,42.56944154715341,99.73380564907332,Closed,Open
1278,42.60277705345502,97.44580892662108,Closed,Open
1279,42.636112559756626,99.89349335110536,Closed,Open
1280,42.66944806605824,99.66199558491392,Closed,Open
1281,42.70278357235984,99.53898810151628,Closed,Open
1282,42.73611907866145,100.30067373616836,Closed,Open
1283,42.76945458496306,102.00510073818634,Closed,Open
1284,42.80279009126467,100.63457153667076,Closed,Open
1285,42.83612559756627,100.99014910145743,Closed,Open
1286,42.86946110386789,96.70102157155524,Closed,Open
1287,42.90279661016949,96.73186664719498,Closed,Open
1288,42.9361321164711,96.91634872583992,Closed,Open
1289,42.969467622772704,94.9520207130628,Closed,Open
1290,43.00280312907432,97.8393935387457,Closed,Open
1291,43.03613863537592,97.34191818295686,Closed,Open
1292,43.06947414167753,92.61137538331845,Closed,Open
1293,43.102809647979136,95.92350236256505,Closed,Open
1294,43.13614515428075,92.10767242302258,Closed,Open
1295,43.16948066058235,95.2130361031088,Closed,Open
1296,43.20281616688396,98.0444409082068,Closed,Open
1297,43.23615167318557,102.37227041712616,Closed,Open
1298,43.26948717948718,100.97834551583928,Closed,Open
1299,43.30282268578878,98.24964070142305,Closed,Open
1300,43.336158192090394,102.24830249774296,Closed,Open
1301,43.369493698392,100.82363382811032,Closed,Open
1302,43.40282920469361,97.93813777339564,Closed,Open
1303,43.436164710995214,99.20942757387496,Closed,Open
1304,43.469500217296826,99.5679505095857,Closed,Open
1305,43.50283572359844,100.98055167040886,Closed,Open
1306,43.53617122990004,100.723706790389,Closed,Open
1307,43.56950673620165,99.35561986656997,Closed,Open
1308,43.60284224250326,98.20285557344256,Closed,Open
1309,43.63617774880487,98.63888426814928,Closed,Open
1310,43.66951325510647,100.03936167782116,Closed,Open
1311,43.70284876140808,96.62321977349757,Closed,Open
1312,43.73618426770969,97.70431563314386,Closed,Open
1313,43.7695197740113,97.88307788266532,Closed,Open
1314,43.802855280312905,96.19527171893068,Closed,Open
1315,43.83619078661451,92.3121471129282,Closed,Open
1316,43.86952629291612,93.83278040406174,Closed,Open
1317,43.90286179921773,91.77214240491648,Closed,Open
1318,43.936197305519336,92.88776194909308,Closed,Open
1319,43.96953281182095,92.5352485354299,Closed,Open
1320,44.00286831812255,92.22927036859268,Closed,Open
1321,44.03620382442416,91.77359186724765,Closed,Open
1322,44.06953933072577,90.9729751715538,Closed,Open
1323,44.10287483702738,93.91005384780158,Closed,Open
1324,44.13621034332898,99.786195151032,Closed,Open
1325,44.169545849630595,90.46491540081912,Closed,Open
1326,44.2028813559322,87.09808020306583,Closed,Open
1327,44.23621686223381,97.4677336707862,Closed,Open
1328,44.269552368535415,85.73240837536736,Closed,Open
1329,44.302887874837026,82.73178101997232,Closed,Open
1330,44.33622338113863,83.37601786975281,Closed,Open
1331,44.36955888744024,81.1855881466451,Closed,Open
1332,44.402894393741846,81.22224942613397,Closed,Open
1333,44.43622990004346,77.64356116431446,Closed,Open
1334,44.46956540634507,75.11128082981286,Closed,Closed
1335,44.50290091264667,87.57469882018378,Closed,Open
1336,44.536236418948285,84.44720788770981,Closed,Open
1337,44.56957192524989,86.46047672292707,Closed,Open
1338,44.6029074315515,85.18143405615007,Closed,Open
1339,44.636242937853105,76.89828049289879,Closed,Open
1340,44.66957844415472,66.40209478080872,Closed,Closed
1341,44.70291395045632,76.85312953469816,Closed,Open
1342,44.73624945675793,71.11082400273983,Closed,Closed
1343,44.769584963059536,73.16771841086936,Closed,Closed
1344,44.80292046936115,71.80132724059742,Closed,Closed
1345,44.83625597566275,71.23808811900676,Closed,Closed
1346,44.86959148196436,71.53087515869021,Closed,Closed
1347,44.90292698826597,73.88813640534114,Closed,Closed
1348,44.93626249456758,72.27853897341222,Closed,Closed
1349,44.96959800086918,78.99466839877658,Closed,Open
1350,45.002933507170795,73.86163345187293,Closed,Closed
1351,45.0362690134724,81.59314428117383,Closed,Open
1352,45.06960451977401,91.80572391573556,Closed,Open
1353,45.102940026075615,94.0371539171599,Closed,Open
1354,45.136275532377226,93.99094638648172,Closed,Open
1355,45.16961103867883,90.1279538539533,Closed,Open
1356,45.20294654498044,93.76558720824772,Closed,Open
1357,45.236282051282046,95.81669233625354,Closed,Open
1358,45.26961755758366,99.8625718001669,Closed,Open
1359,45.30295306388526,104.85663828312606,Closed,Open
1360,45.33628857018687,97.9098618066162,Closed,Open
1361,45.369624076488485,98.15658345153162,Closed,Open
1362,45.40295958279009,100.4902401698634,Closed,Open
1363,45.4362950890917,95.56815861302292,Closed,Open
1364,45.469630595393305,91.42071918100368,Closed,Open
1365,45.50296610169491,96.8591329092954,Closed,Open
1366,45.53630160799652,102.04520444209815,Closed,Open
1367,45.56963711429813,98.61383195650556,Closed,Open
1368,45.602972620599736,98.98177867436576,Closed,Open
1369,45.63630812690135,100.34433565806694,Closed,Open
1370,45.66964363320295,101.73563949650467,Closed,Open
1371,45.70297913950456,102.22419446163896,Closed,Open
1372,45.73631464580617,100.59856905593156,Closed,Open
1373,45.76965015210778,103.28362653267708,Closed,Open
1374,45.80298565840938,100.24525623681396,Closed,Open
1375,45.836321164710995,100.13887034351252,Closed,Open
1376,45.8696566710126,96.32968422306412,Closed,Open
1377,45.90299217731421,88.4277685941194,Closed,Open
1378,45.936327683615815,93.23637546771629,Closed,Open
1379,45.969663189917426,91.10216564207808,Closed,Open
1380,46.00299869621903,93.91074356827936,Closed,Open
1381,46.03633420252064,93.98337421126696,Closed,Open
1382,46.069669708822246,92.10744334927612,Closed,Open
1383,46.10300521512386,90.20528464529431,Closed,Open
1384,46.13634072142546,89.92785845393738,Closed,Open
1385,46.169676227727074,86.56371796738586,Closed,Open
1386,46.20301173402868,88.80132794083062,Closed,Open
1387,46.23634724033029,81.91828727897911,Closed,Open
1388,46.2696827466319,94.14101995386643,Closed,Open
1389,46.303018252933505,92.68170273693232,Closed,Open
1390,46.33635375923512,97.9076724368292,Closed,Open
1391,46.36968926553672,88.44130206590583,Closed,Open
1392,46.40302477183833,91.5412010254439,Closed,Open
1393,46.43636027813994,90.73955901403922,Closed,Open
1394,46.46969578444155,96.24613571590348,Closed,Open
1395,46.50303129074315,101.64597070339198,Closed,Open
1396,46.53636679704477,105.8370449470271,Closed,Open
1397,46.56970230334637,104.88290768406436,Closed,Open
1398,46.60303780964798,100.95452943459512,Closed,Open
1399,46.636373315949584,102.76234964199624,Closed,Open
1400,46.669708822251195,100.1980676746596,Closed,Open
1401,46.7030443285528,101.0077356102822,Closed,Open
1402,46.73637983485441,97.56201330818816,Closed,Open
1403,46.769715341156015,95.93282402958673,Closed,Open
1404,46.80305084745763,92.02925462949986,Closed,Open
1405,46.83638635375923,93.60903622136004,Closed,Open
1406,46.86972186006084,90.82536062296698,Closed,Open
1407,46.90305736636245,84.70976375734082,Closed,Open
1408,46.93639287266406,86.18152664977288,Closed,Open
1409,46.96972837896566,84.91908661511502,Closed,Open
1410,47.003063885267274,96.0271484235034,Closed,Open
1411,47.03639939156888,87.68907208949568,Closed,Open
1412,47.06973489787049,83.33528430855525,Closed,Open
1413,47.103070404172094,86.62211785494954,Closed,Open
1414,47.136405910473705,87.61287790358735,Closed,Open
1415,47.16974141677532,88.9761601137493,Closed,Open
1416,47.20307692307692,89.83172308366196,Closed,Open
1417,47.23641242937853,94.17679682047395,Closed,Open
1418,47.26974793568014,97.0193408518778,Closed,Open
1419,47.30308344198175,98.38293167296192,Closed,Open
1420,47.33641894828335,102.40457259380688,Closed,Open
1421,47.36975445458496,99.32162623294452,Closed,Open
1422,47.40308996088657,102.29655910396784,Closed,Open
1423,47.43642546718818,101.23177101132708,Closed,Open
1424,47.469760973489784,104.4548069980614,Closed,Open
1425,47.503096479791395,106.54487829147334,Closed,Open
1426,47.536431986093,106.08826272004848,Closed,Open
1427,47.56976749239461,100.71489185854128,Closed,Open
1428,47.603102998696215,87.28421763035401,Closed,Open
1429,47.63643850499783,79.67244489335722,Closed,Open
1430,47.66977401129943,92.23027874431652,Closed,Open
1431,47.70310951760104,88.90725951097303,Closed,Open
1432,47.73644502390265,90.4265186459337,Closed,Open
1433,47.76978053020426,91.89000638376412,Closed,Open
1434,47.80311603650586,91.35284335114928,Closed,Open
1435,47.836451542807474,93.42273480807556,Closed,Open
1436,47.86978704910908,98.3547039968589,Closed,Open
1437,47.90312255541069,98.91015615754324,Closed,Open
1438,47.936458061712294,98.39095877536457,Closed,Open
1439,47.969793568013905,98.41355661900856,Closed,Open
1440,48.00312907431551,96.78582361669496,Closed,Open
1441,48.03646458061712,96.09616136028988,Closed,Open
1442,48.06980008691873,97.28110950811542,Closed,Open
1443,48.10313559322034,95.87753512768228,Closed,Open
1444,48.13647109952195,99.29175179136202,Closed,Open
1445,48.16980660582355,97.36475735321886,Closed,Open
1446,48.20314211212517,95.7347091064135,Closed,Open
1447,48.23647761842677,94.1883262181935,Closed,Open
1448,48.26981312472838,96.68538816045404,Closed,Open
1449,48.303148631029984,95.46745684933389,Closed,Open
1450,48.336484137331595,97.20961281509936,Closed,Open
1451,48.3698196436332,95.15518637060178,Closed,Open
1452,48.40315514993481,97.2645092315132,Closed,Open
1453,48.436490656236415,97.39814702421448,Closed,Open
1454,48.46982616253803,95.3428048748496,Closed,Open
1455,48.50316166883963,99.38015130267058,Closed,Open
1456,48.53649717514124,98.3074252677714,Closed,Open
1457,48.56983268144285,93.20816288679174,Closed,Open
1458,48.60316818774446,97.96720727885604,Closed,Open
1459,48.63650369404606,95.16277452926391,Closed,Open
1460,48.669839200347674,91.94171615099188,Closed,Open
1461,48.70317470664928,96.4630608543436,Closed,Open
1462,48.73651021295089,93.16640807715964,Closed,Open
1463,48.769845719252494,95.329889662003,Closed,Open
1464,48.803181225554106,96.69744256023672,Closed,Open
1465,48.83651673185571,99.4638071269394,Closed,Open
1466,48.86985223815732,100.92409640563092,Closed,Open
1467,48.903187744458926,103.60935920640246,Closed,Open
1468,48.93652325076054,98.55756869964335,Closed,Open
1469,48.96985875706215,96.97309269056534,Closed,Open
1470,49.00319426336375,97.09172272397085,Closed,Open
1471,49.03652976966536,98.92316095305384,Closed,Open
1472,49.06986527596697,100.93225210624368,Closed,Open
1473,49.10320078226858,96.7493016705289,Closed,Open
1474,49.136536288570184,97.96277237113776,Closed,Open
1475,49.16987179487179,99.3477293384998,Closed,Open
1476,49.2032073011734,97.6305594315996,Closed,Open
1477,49.23654280747501,98.99555106712774,Closed,Open
1478,49.269878313776616,99.77496764168468,Closed,Open
1479,49.30321382007823,100.37982501973693,Closed,Open
1480,49.33654932637983,98.25595355993715,Closed,Open
1481,49.36988483268144,97.13647524302836,Closed,Open
1482,49.40322033898305,100.24518876992032,Closed,Open
1483,49.43655584528466,105.84718979439296,Closed,Open
1484,49.46989135158626,98.94356290956225,Closed,Open
1485,49.503226857887874,98.84390166661989,Closed,Open
1486,49.53656236418948,99.15017495633715,Closed,Open
1487,49.56989787049109,96.97105580080004,Closed,Open
1488,49.603233376792694,95.99217934957758,Closed,Open
1489,49.636568883094306,92.90193280626936,Closed,Open
1490,49.66990438939591,99.06217819841729,Closed,Open
1491,49.70323989569752,103.51575179804884,Closed,Open
1492,49.736575401999126,98.33761990613158,Closed,Open
1493,49.76991090830074,96.7708579771613,Closed,Open
1494,49.80324641460234,95.6661608028162,Closed,Open
1495,49.83658192090395,95.55555840820232,Closed,Open
1496,49.86991742720557,90.53929212297604,Closed,Open
1497,49.90325293350717,92.72876847902346,Closed,Open
1498,49.93658843980878,90.21264229955176,Closed,Open
1499,49.969923946110384,96.34289320823748,Closed,Open
1500,50.003259452412,98.07002781157544,Closed,Open
1501,50.0365949587136,95.02973644759064,Closed,Open
1502,50.06993046501521,96.14303869573214,Closed,Open
1503,50.103265971316816,97.79373876832648,Closed,Open
1504,50.13660147761843,97.83892363651792,Closed,Open
1505,50.16993698392003,94.89239158658204,Closed,Open
1506,50.20327249022164,96.05207260332816,Closed,Open
1507,50.23660799652325,96.34560375196972,Closed,Open
1508,50.26994350282486,96.1554308112714,Closed,Open
1509,50.30327900912646,96.54662211279276,Closed,Open
1510,50.336614515428074,100.9060616810874,Closed,Open
1511,50.36995002172968,95.48280109576808,Closed,Open
1512,50.40328552803129,94.6271993922579,Closed,Open
1513,50.436621034332894,90.10813654819091,Closed,Open
1514,50.469956540634506,98.24267455089428,Closed,Open
1515,50.50329204693611,98.09098797625978,Closed,Open
1516,50.53662755323772,92.55298392925766,Closed,Open
1517,50.569963059539326,95.18798629610788,Closed,Open
1518,50.60329856584094,94.63308262133933,Closed,Open
1519,50.63663407214254,95.00508141227988,Closed,Open
1520,50.66996957844415,96.6772039872774,Closed,Open
1521,50.70330508474576,100.16769476884924,Closed,Open
1522,50.73664059104737,90.54972374565956,Closed,Open
1523,50.76997609734898,94.8411001597498,Closed,Open
1524,50.803311603650585,96.9345749869856,Closed,Open
1525,50.83664710995219,97.82483175043107,Closed,Open
1526,50.8699826162538,97.28158053105828,Closed,Open
1527,50.90331812255541,96.36498314115458,Closed,Open
1528,50.936653628857016,93.5293768352592,Closed,Open
1529,50.96998913515863,97.02831695136766,Closed,Open
1530,51.00332464146023,93.49043334061622,Closed,Open
1531,51.03666014776184,91.64780065161156,Closed,Open
1532,51.06999565406345,92.3658609555596,Closed,Open
1533,51.10333116036506,88.06708652949885,Closed,Open
