frame,timestamp,anchor_to_top_lip_top_center,lips_label,teeth_label
0,0.0,87.06969431255274,Closed,Open
1,0.0333355063016079,88.8396365652352,Closed,Open
2,0.0666710126032159,94.15358835017564,Closed,Open
3,0.1000065189048239,94.72831622974006,Closed,Open
4,0.1333420252064319,94.7534350686861,Closed,Open
5,0.16667753150804,93.91243608217954,Closed,Open
6,0.2000130378096479,95.07078009389636,Closed,Open
7,0.2333485441112559,96.00064940430886,Closed,Open
8,0.2666840504128639,94.5786026508318,Closed,Open
9,0.3000195567144719,93.11921440548896,Closed,Open
10,0.33335506301608,93.51812299950002,Closed,Open
11,0.3666905693176879,93.9072315052636,Closed,Open
12,0.4000260756192959,94.72831622974006,Closed,Open
13,0.4333615819209039,93.93858078188184,Closed,Open
14,0.4666970882225119,93.40321789635786,Closed,Open
15,0.50003259452412,92.49100267354754,Closed,Open
16,0.5333681008257279,96.50573030212084,Closed,Open
17,0.5667036071273359,95.6096857012741,Closed,Open
18,0.6000391134289439,93.03141180699436,Closed,Open
19,0.6333746197305519,93.10524116360756,Closed,Open
20,0.66671012603216,96.4094975481635,Closed,Open
21,0.7000456323337679,95.45829046699798,Closed,Open
22,0.7333811386353759,98.52901923117513,Closed,Open
23,0.7667166449369839,93.89836452426118,Closed,Open
24,0.8000521512385919,93.10910043405792,Closed,Open
25,0.8333876575401998,92.26827365902136,Closed,Open
26,0.8667231638418079,94.79642436109464,Closed,Open
27,0.9000586701434159,91.36352795929498,Closed,Open
28,0.933394176445024,92.73202938857592,Closed,Open
29,0.9667296827466318,93.76504320641874,Closed,Open
30,1.00006518904824,96.27960127465744,Closed,Open
31,1.0334006953498478,96.4690742451958,Closed,Open
32,1.066736201651456,102.80748518225415,Closed,Open
33,1.1000717079530635,103.33544240325573,Closed,Open
34,1.1334072142546718,109.30223380806466,Open,Open
35,1.16674272055628,101.31613858344238,Closed,Open
36,1.2000782268578878,114.05007443210656,Open,Open
37,1.233413733159496,95.9390906522342,Closed,Open
38,1.2667492394611035,98.02119172882736,Closed,Open
39,1.3000847457627118,107.99908515606576,Open,Open
40,1.33342025206432,103.95548024942148,Closed,Open
41,1.3667557583659278,97.92101940504904,Closed,Open
42,1.400091264667536,105.59374051536126,Closed,Open
43,1.4334267709691435,98.24508350253274,Closed,Open
44,1.4667622772707518,96.06837332356008,Closed,Open
45,1.5000977835723597,90.40745079504592,Closed,Open
46,1.5334332898739678,88.11682125368405,Closed,Open
47,1.566768796175576,96.84297281129096,Closed,Open
48,1.6001043024771835,89.38291758339648,Closed,Open
49,1.6334398087787918,96.52556523925828,Closed,Open
50,1.6667753150803997,95.60282787959184,Closed,Open
51,1.7001108213820078,101.44582155353328,Closed,Open
52,1.7334463276836158,100.61436390138704,Closed,Open
53,1.7667818339852237,93.78133382183988,Closed,Open
54,1.8001173402868318,85.27366905968142,Closed,Open
55,1.8334528465884397,88.40175512125748,Closed,Open
56,1.8667883528900475,91.82220808332823,Closed,Open
57,1.900123859191656,84.26917569555079,Closed,Open
58,1.9334593654932637,87.9831085087335,Closed,Open
59,1.966794871794872,86.5041909014993,Closed,Open
60,2.00013037809648,86.76675010145806,Closed,Open
61,2.0334658843980877,81.93402264648802,Closed,Open
62,2.0668013906996956,86.01506272547243,Closed,Open
63,2.100136897001304,85.81489651919492,Closed,Open
64,2.133472403302912,86.76980041202299,Closed,Open
65,2.1668079096045196,88.18777618587345,Closed,Open
66,2.2001434159061275,87.52511822760036,Closed,Open
67,2.233478922207736,81.8215507392413,Closed,Open
68,2.2668144285093437,82.83684027062763,Closed,Open
69,2.3001499348109515,84.37053273489289,Closed,Open
70,2.33348544111256,84.72687505460975,Closed,Open
71,2.3668209474141677,81.1698468715766,Closed,Open
72,2.4001564537157756,77.15274292321632,Closed,Closed
73,2.433491960017383,75.41257057267083,Closed,Closed
74,2.4668274663189917,91.6246856551086,Closed,Open
75,2.5001629726205996,77.73462946485478,Closed,Closed
76,2.5334984789222075,82.91992548795376,Closed,Open
77,2.566833985223816,77.05663676424018,Closed,Closed
78,2.6001694915254236,92.02417232910538,Closed,Open
79,2.6335049978270315,83.60780078013514,Closed,Open
80,2.66684050412864,84.42794389939792,Closed,Open
81,2.7001760104302477,91.3010562467892,Closed,Open
82,2.7335115167318556,93.86684483599257,Closed,Open
83,2.7668470230334634,90.78131995655168,Closed,Open
84,2.8001825293350717,89.16514426732158,Closed,Open
85,2.8335180356366796,90.5784191709136,Closed,Open
86,2.8668535419382875,90.78276288196884,Closed,Open
87,2.900189048239896,89.92203300715295,Closed,Open
88,2.9335245545415036,88.72987409705397,Closed,Open
89,2.9668600608431115,86.90858680831818,Closed,Open
90,3.0001955671447194,81.55623047777797,Closed,Open
91,3.0335310734463277,81.51539246505111,Closed,Open
92,3.0668665797479355,78.45171114513576,Closed,Closed
93,3.1002020860495434,80.02811511925087,Closed,Closed
94,3.1335375923511517,84.74599046438368,Closed,Open
95,3.1668730986527596,82.96801774971605,Closed,Open
96,3.200208604954367,89.48574016083938,Closed,Open
97,3.2335441112559757,93.44921956727832,Closed,Open
98,3.2668796175575836,88.96710506897358,Closed,Open
99,3.3002151238591915,85.84015371452148,Closed,Open
100,3.3335506301607993,86.54764114298723,Closed,Open
101,3.3668861364624076,88.59794150237599,Closed,Open
102,3.4002216427640155,87.49268887931868,Closed,Open
103,3.4335571490656234,85.70605696985301,Closed,Open
104,3.4668926553672317,87.00569094244324,Closed,Open
105,3.5002281616688395,84.60114771368337,Closed,Open
106,3.5335636679704474,85.63940168902836,Closed,Open
107,3.5668991742720553,80.7897684183696,Closed,Open
108,3.6002346805736636,81.75259380094708,Closed,Open
109,3.633570186875271,84.13877387532511,Closed,Open
110,3.6669056931768793,82.44104318356455,Closed,Open
111,3.700241199478488,83.53569866906697,Closed,Open
112,3.733576705780095,82.42660590970804,Closed,Open
113,3.7669122120817033,83.51530896126421,Closed,Open
114,3.800247718383312,83.52992986668599,Closed,Open
115,3.833583224684919,89.60629805218734,Closed,Open
116,3.8669187309865274,85.68720283888322,Closed,Open
117,3.9002542372881353,86.88163996226612,Closed,Open
118,3.933589743589744,90.9680364085593,Closed,Open
119,3.966925249891351,88.28771472072933,Closed,Open
120,4.00026075619296,93.1134338138711,Closed,Open
121,4.033596262494568,87.14261502485658,Closed,Open
122,4.0669317687961755,82.14647087084357,Closed,Open
123,4.100267275097783,90.30717979191942,Closed,Open
124,4.133602781399391,86.45118744645723,Closed,Open
125,4.166938287700999,86.3217484406168,Closed,Open
126,4.200273794002608,84.93201710055102,Closed,Open
127,4.233609300304216,88.4264919872575,Closed,Open
128,4.2669448066058235,82.06257635493485,Closed,Open
129,4.300280312907431,78.27798967363552,Closed,Closed
130,4.333615819209039,80.54925305699183,Closed,Closed
131,4.366951325510647,84.14759920102766,Closed,Open
132,4.400286831812255,90.98133727175582,Closed,Open
133,4.433622338113864,90.26865687884502,Closed,Open
134,4.466957844415472,91.99035280298123,Closed,Open
135,4.5002933507170795,97.3417437561626,Closed,Open
136,4.533628857018687,96.88503310320073,Closed,Open
137,4.566964363320295,95.42368271525793,Closed,Open
138,4.600299869621903,94.40293092169374,Closed,Open
139,4.633635375923511,87.1660116145469,Closed,Open
140,4.66697088222512,94.61164236041864,Closed,Open
141,4.700306388526728,91.49490374916924,Closed,Open
142,4.733641894828335,90.0874353746008,Closed,Open
143,4.766977401129943,90.46559304317304,Closed,Open
144,4.800312907431551,89.49284871423302,Closed,Open
145,4.833648413733159,89.50846675050394,Closed,Open
146,4.866983920034767,86.78312701182921,Closed,Open
147,4.900319426336376,84.65151047205266,Closed,Open
148,4.9336549326379835,82.25206914095111,Closed,Open
149,4.966990438939591,78.81821610233825,Closed,Closed
150,5.000325945241199,84.63535127183586,Closed,Open
151,5.033661451542807,87.70539260610829,Closed,Open
152,5.066996957844415,92.67428384638576,Closed,Open
153,5.100332464146024,87.46649740008561,Closed,Open
154,5.133667970447632,93.99929069611528,Closed,Open
155,5.167003476749239,95.95110530698824,Closed,Open
156,5.200338983050847,90.01977778691526,Closed,Open
157,5.233674489352455,89.74977486833393,Closed,Open
158,5.267009995654063,82.10079841443968,Closed,Open
159,5.300345501955671,88.57907230395966,Closed,Open
160,5.33368100825728,79.85825882720061,Closed,Closed
161,5.3670165145588875,81.96349861198627,Closed,Open
162,5.400352020860495,84.6562556050173,Closed,Open
163,5.433687527162103,83.86195608923923,Closed,Open
164,5.467023033463711,74.4343930033755,Closed,Closed
165,5.500358539765319,81.49138859260918,Closed,Open
166,5.533694046066927,82.06396600400173,Closed,Open
167,5.567029552368536,77.41332002266941,Closed,Closed
168,5.6003650586701434,79.35530233227256,Closed,Closed
169,5.633700564971751,83.04555344372575,Closed,Open
170,5.667036071273359,89.87383154477573,Closed,Open
171,5.700371577574967,88.20701527475343,Closed,Open
172,5.733707083876575,90.85782932792642,Closed,Open
173,5.767042590178183,88.90329953901464,Closed,Open
174,5.8003780964797915,92.10484540928108,Closed,Open
175,5.833713602781399,88.97174921805856,Closed,Open
176,5.867049109083007,92.87001334257916,Closed,Open
177,5.900384615384615,88.25774630455345,Closed,Open
178,5.933720121686223,85.91542089625842,Closed,Open
179,5.967055627987831,90.49911245633544,Closed,Open
180,6.000391134289439,95.39858979815968,Closed,Open
181,6.0337266405910475,80.8466914804756,Closed,Open
182,6.067062146892655,83.4301284967698,Closed,Open
183,6.100397653194263,79.53564068501917,Closed,Closed
184,6.133733159495871,84.92905594757272,Closed,Open
185,6.167068665797479,80.80912664642284,Closed,Open
186,6.200404172099087,80.23869716749616,Closed,Closed
187,6.2337396784006955,86.7064933362546,Closed,Open
188,6.267075184702303,86.8172804058947,Closed,Open
189,6.300410691003911,88.32287363697368,Closed,Open
190,6.333746197305519,91.94241713122832,Closed,Open
191,6.367081703607127,85.81586264128532,Closed,Open
192,6.400417209908735,98.39095877536457,Closed,Open
193,6.433752716210343,93.84599459071708,Closed,Open
194,6.4670882225119515,93.87585687320724,Closed,Open
195,6.500423728813559,90.12936490687434,Closed,Open
196,6.533759235115167,91.66283170081287,Closed,Open
197,6.567094741416775,87.35195208281957,Closed,Open
198,6.600430247718383,85.79538374726118,Closed,Open
199,6.633765754019991,84.35649782675446,Closed,Open
200,6.667101260321599,85.97820467020529,Closed,Open
201,6.700436766623207,84.61415055727598,Closed,Open
202,6.733772272924815,86.06286596387912,Closed,Open
203,6.767107779226423,86.85941951834863,Closed,Open
204,6.800443285528031,80.84568478380451,Closed,Open
205,6.833778791829639,83.91905531030895,Closed,Open
206,6.867114298131247,86.30515627982282,Closed,Open
207,6.900449804432855,89.60252569557328,Closed,Open
208,6.933785310734463,90.05399239866102,Closed,Open
209,6.967120817036071,95.42390927604391,Closed,Open
210,7.000456323337679,91.65417984846113,Closed,Open
211,7.033791829639287,91.86698053992232,Closed,Open
212,7.067127335940895,90.13592690110733,Closed,Open
213,7.100462842242503,89.36643035596747,Closed,Open
214,7.1337983485441105,81.15721938112938,Closed,Open
215,7.167133854845719,82.11492005978499,Closed,Open
216,7.200469361147327,88.63769733753207,Closed,Open
217,7.233804867448935,86.43288254236828,Closed,Open
218,7.267140373750543,81.05718221382344,Closed,Open
219,7.300475880052151,81.68845203490542,Closed,Open
220,7.333811386353759,82.98966161691743,Closed,Open
221,7.367146892655367,82.73882809793253,Closed,Open
222,7.400482398956975,79.73325286470683,Closed,Closed
223,7.433817905258583,82.09643938257128,Closed,Open
224,7.467153411560191,83.07542371188242,Closed,Open
225,7.500488917861799,83.35193330169557,Closed,Open
226,7.533824424163407,87.66809978288728,Closed,Open
227,7.567159930465015,97.17059201676317,Closed,Open
228,7.600495436766623,93.72271771072204,Closed,Open
229,7.633830943068231,95.7183875939078,Closed,Open
230,7.667166449369839,95.44622133222606,Closed,Open
231,7.700501955671447,90.48970690048208,Closed,Open
232,7.733837461973055,95.0567838299557,Closed,Open
233,7.767172968274663,91.92792108536436,Closed,Open
234,7.8005084745762705,91.44460430288208,Closed,Open
235,7.833843980877879,90.09043835307006,Closed,Open
236,7.867179487179487,91.31809308122648,Closed,Open
237,7.900514993481095,92.68081760792704,Closed,Open
238,7.933850499782703,89.46964864234634,Closed,Open
239,7.967186006084311,87.82951750281158,Closed,Open
240,8.00052151238592,86.88712822996868,Closed,Open
241,8.033857018687527,88.49715601864206,Closed,Open
242,8.067192524989135,87.7171043509496,Closed,Open
243,8.100528031290743,86.58686851889858,Closed,Open
244,8.133863537592351,84.35736895290955,Closed,Open
245,8.167199043893959,85.88172017311825,Closed,Open
246,8.200534550195567,86.99270617353653,Closed,Open
247,8.233870056497175,90.22965722057133,Closed,Open
248,8.267205562798782,91.82262860690946,Closed,Open
249,8.30054106910039,95.73772747392432,Closed,Open
250,8.333876575401998,94.71390190046137,Closed,Open
251,8.367212081703606,99.1961381915643,Closed,Open
252,8.400547588005216,95.02637315076228,Closed,Open
253,8.433883094306823,95.85552829140605,Closed,Open
254,8.467218600608431,95.27365637241869,Closed,Open
255,8.50055410691004,94.78193437391296,Closed,Open
256,8.533889613211647,96.15101170040828,Closed,Open
257,8.567225119513255,88.8764252987522,Closed,Open
258,8.600560625814863,89.4617928511957,Closed,Open
259,8.63389613211647,89.01960425332297,Closed,Open
260,8.667231638418079,89.0380335240849,Closed,Open
261,8.700567144719686,85.66986064856806,Closed,Open
262,8.733902651021294,83.4899451919355,Closed,Open
263,8.767238157322902,81.79185358285775,Closed,Open
264,8.80057366362451,79.64170932202549,Closed,Closed
265,8.833909169926118,84.0308526812548,Closed,Open
266,8.867244676227727,81.3778176156599,Closed,Open
267,8.900580182529335,86.22615143525317,Closed,Open
268,8.933915688830943,94.28176481972392,Closed,Open
269,8.967251195132551,96.83261518970752,Closed,Open
270,9.000586701434159,96.01448994829086,Closed,Open
271,9.033922207735769,93.77093460774915,Closed,Open
272,9.067257714037376,91.92896478080962,Closed,Open
273,9.100593220338984,97.99074563417032,Closed,Open
274,9.13392872664059,95.54579348878748,Closed,Open
275,9.167264232942198,92.66852767618536,Closed,Open
276,9.200599739243806,88.66314856792326,Closed,Open
277,9.233935245545414,95.39565446820798,Closed,Open
278,9.267270751847022,94.96763071677567,Closed,Open
279,9.300606258148632,95.32485838004564,Closed,Open
280,9.33394176445024,93.91286516815798,Closed,Open
281,9.367277270751847,93.60248613393682,Closed,Open
282,9.400612777053457,89.37368407977695,Closed,Open
283,9.433948283355065,91.89209501388966,Closed,Open
284,9.46728378965667,88.1197595899821,Closed,Open
285,9.50061929595828,82.28478225142354,Closed,Open
286,9.533954802259888,80.7609567837809,Closed,Open
287,9.567290308561494,82.30931941461748,Closed,Open
288,9.600625814863102,84.54382798296436,Closed,Open
289,9.63396132116471,91.45070949923236,Closed,Open
290,9.667296827466318,93.754441424099,Closed,Open
291,9.700632333767926,99.29284018194129,Closed,Open
292,9.733967840069534,99.3765549525498,Closed,Open
293,9.767303346371143,96.8910441922367,Closed,Open
294,9.800638852672751,97.66728545198696,Closed,Open
295,9.83397435897436,95.78489970493128,Closed,Open
296,9.867309865275969,96.6321735843551,Closed,Open
297,9.900645371577577,96.65590580037689,Closed,Open
298,9.933980877879184,95.09524641924013,Closed,Open
299,9.96731638418079,94.263157029539,Closed,Open
300,10.000651890482398,93.71497685038958,Closed,Open
301,10.033987396784006,97.07317760803288,Closed,Open
302,10.067322903085614,90.68671308342272,Closed,Open
303,10.100658409387222,86.34388988869902,Closed,Open
304,10.13399391568883,85.29661903651063,Closed,Open
305,10.167329421990438,84.2633588481511,Closed,Open
306,10.200664928292047,82.29237172914426,Closed,Open
307,10.234000434593655,79.56410734143071,Closed,Closed
308,10.267335940895263,82.00273478054001,Closed,Open
309,10.300671447196873,86.96764205733932,Closed,Open
310,10.33400695349848,90.05621050473945,Closed,Open
311,10.367342459800089,96.85687609153776,Closed,Open
312,10.400677966101696,99.0098390446523,Closed,Open
313,10.434013472403302,98.41130192976988,Closed,Open
314,10.46734897870491,96.7200592095126,Closed,Open
315,10.500684485006518,97.68685771218443,Closed,Open
316,10.534019991308126,95.83325977885848,Closed,Open
317,10.567355497609734,95.5211012382905,Closed,Open
318,10.600691003911342,97.54479346758536,Closed,Open
319,10.63402651021295,95.12358310319804,Closed,Open
320,10.66736201651456,95.4944313002442,Closed,Open
321,10.700697522816167,94.53568239486192,Closed,Open
322,10.734033029117777,93.01077199879096,Closed,Open
323,10.767368535419385,89.13263051339834,Closed,Open
324,10.80070404172099,90.62738244778625,Closed,Open
325,10.8340395480226,93.86923225904984,Closed,Open
326,10.867375054324206,87.24069494631115,Closed,Open
327,10.900710560625814,89.97524832660898,Closed,Open
328,10.934046066927422,86.95036514094727,Closed,Open
329,10.96738157322903,82.01590937150272,Closed,Open
330,11.000717079530638,82.28564391299514,Closed,Open
331,11.034052585832246,88.833579192157,Closed,Open
332,11.067388092133854,89.9311248729813,Closed,Open
333,11.100723598435462,95.52783987233404,Closed,Open
334,11.134059104737071,96.17035492742612,Closed,Open
335,11.16739461103868,98.11298970608186,Closed,Open
336,11.200730117340289,98.03060609528129,Closed,Open
337,11.234065623641897,95.7976291854618,Closed,Open
338,11.267401129943504,96.4939519101214,Closed,Open
339,11.30073663624511,92.12358310319804,Closed,Open
340,11.334072142546718,90.47406516708956,Closed,Open
341,11.367407648848326,92.49558510577504,Closed,Open
342,11.400743155149934,91.32974351068933,Closed,Open
343,11.434078661451542,87.04524913547182,Closed,Open
344,11.46741416775315,87.84259653899178,Closed,Open
345,11.500749674054758,89.90467396469279,Closed,Open
346,11.534085180356366,89.48971146486852,Closed,Open
347,11.567420686657975,86.82617232058574,Closed,Open
348,11.600756192959585,84.32180099809361,Closed,Open
349,11.634091699261193,80.96491455736604,Closed,Open
350,11.6674272055628,78.11467135861398,Closed,Closed
351,11.700762711864408,84.8624889733169,Closed,Open
352,11.734098218166016,88.36517501110963,Closed,Open
353,11.767433724467622,94.62459940194172,Closed,Open
354,11.80076923076923,99.12650154702033,Closed,Open
355,11.834104737070838,98.41836041453156,Closed,Open
356,11.867440243372446,97.68546626587694,Closed,Open
357,11.900775749674054,90.87383828597808,Closed,Open
358,11.934111255975662,89.68661749415644,Closed,Open
359,11.96744676227727,94.04696298917068,Closed,Open
360,12.000782268578876,92.75648711203854,Closed,Open
361,12.034117774880489,92.43272354387486,Closed,Open
362,12.067453281182097,88.3675947507434,Closed,Open
363,12.100788787483705,91.07625456428497,Closed,Open
364,12.13412429378531,90.18535844105712,Closed,Open
365,12.16745980008692,88.98658512577136,Closed,Open
366,12.200795306388526,85.62143218317553,Closed,Open
367,12.234130812690134,83.70579714042779,Closed,Open
368,12.267466318991742,88.51741403242518,Closed,Open
369,12.30080182529335,81.13394683653593,Closed,Open
370,12.334137331594958,85.95130818225013,Closed,Open
371,12.367472837896566,90.51412695618092,Closed,Open
372,12.400808344198174,97.41119928558264,Closed,Open
373,12.43414385049978,98.21327343475906,Closed,Open
374,12.467479356801393,97.61662358450828,Closed,Open
375,12.500814863103,97.38349409728475,Closed,Open
376,12.534150369404609,91.80988081421972,Closed,Open
377,12.567485875706216,95.11202477088725,Closed,Open
378,12.600821382007824,93.76903671494622,Closed,Open
379,12.63415688830943,96.66655460542307,Closed,Open
380,12.667492394611038,96.49204642347058,Closed,Open
381,12.700827900912646,95.80187946568893,Closed,Open
382,12.734163407214254,94.485208399831,Closed,Open
383,12.767498913515862,92.88098110837656,Closed,Open
384,12.80083441981747,89.11753243419693,Closed,Open
385,12.834169926119078,87.59990160774032,Closed,Open
386,12.867505432420684,82.73794645931312,Closed,Open
387,12.900840938722292,79.3104768477258,Closed,Closed
388,12.934176445023905,74.66166648872246,Closed,Closed
389,12.96751195132551,85.6033912723754,Closed,Open
390,13.00084745762712,77.68643873682332,Closed,Closed
391,13.034182963928728,79.92217829624788,Closed,Closed
392,13.067518470230334,80.10342515448801,Closed,Closed
393,13.100853976531942,86.85648330895853,Closed,Open
394,13.13418948283355,90.73983858846242,Closed,Open
395,13.167524989135158,95.83316785124758,Closed,Open
396,13.200860495436766,97.5313914808647,Closed,Open
397,13.234196001738374,93.78970253057278,Closed,Open
398,13.267531508039982,96.10873496388234,Closed,Open
399,13.30086701434159,95.74410884741366,Closed,Open
400,13.334202520643196,94.00068781878171,Closed,Open
401,13.367538026944809,91.90589585136252,Closed,Open
402,13.400873533246417,93.0226839827805,Closed,Open
403,13.434209039548024,92.77341465693164,Closed,Open
404,13.46754454584963,92.96423206409986,Closed,Open
405,13.500880052151238,91.34484932006036,Closed,Open
406,13.534215558452846,92.43625648659238,Closed,Open
407,13.567551064754454,92.2547576097488,Closed,Open
408,13.600886571056062,89.4342943843522,Closed,Open
409,13.63422207735767,92.53967922852364,Closed,Open
410,13.667557583659278,90.7530986020664,Closed,Open
411,13.700893089960886,96.37463583707064,Closed,Open
412,13.734228596262492,96.51711918212662,Closed,Open
413,13.7675641025641,91.38305170754768,Closed,Open
414,13.80089960886571,85.38995491972327,Closed,Open
415,13.83423511516732,80.07625522428198,Closed,Closed
416,13.867570621468928,78.43337521207094,Closed,Closed
417,13.900906127770536,81.70646951722365,Closed,Open
418,13.934241634072142,86.95745813088902,Closed,Open
419,13.96757714037375,90.39615063110358,Closed,Open
420,14.000912646675358,96.4416162431322,Closed,Open
421,14.034248152976966,96.72368299854725,Closed,Open
422,14.067583659278574,100.06587936105971,Closed,Open
423,14.100919165580182,97.29802490145762,Closed,Open
424,14.13425467188179,95.6341739572843,Closed,Open
425,14.167590178183396,98.0865773761976,Closed,Open
426,14.200925684485004,97.14027246502246,Closed,Open
427,14.234261190786611,93.86418576919104,Closed,Open
428,14.26759669708822,92.55667057661414,Closed,Open
429,14.30093220338983,93.64502027755336,Closed,Open
430,14.33426770969144,91.28296337495767,Closed,Open
431,14.367603215993046,87.52177086244839,Closed,Open
432,14.400938722294654,86.52444950639122,Closed,Open
433,14.434274228596262,85.33535221902014,Closed,Open
434,14.46760973489787,86.0851394345451,Closed,Open
435,14.500945241199478,83.385557007491,Closed,Open
436,14.534280747501086,82.35029517818066,Closed,Open
437,14.567616253802694,81.42889996336132,Closed,Open
438,14.600951760104302,81.34439927681586,Closed,Open
439,14.63428726640591,80.10451878072107,Closed,Closed
440,14.667622772707515,77.28603495972541,Closed,Closed
441,14.700958279009123,92.3074146465248,Closed,Open
442,14.734293785310737,91.01634859410134,Closed,Open
443,14.767629291612344,90.15970342748024,Closed,Open
444,14.80096479791395,90.13873732801434,Closed,Open
445,14.834300304215558,96.81991181802738,Closed,Open
446,14.867635810517166,93.44766862809055,Closed,Open
447,14.900971316818774,92.78162959642432,Closed,Open
448,14.934306823120382,89.75791253800182,Closed,Open
449,14.96764232942199,86.93812407732906,Closed,Open
450,15.000977835723598,83.79078315914006,Closed,Open
451,15.034313342025206,87.89413484398099,Closed,Open
452,15.067648848326812,91.22775006912728,Closed,Open
453,15.10098435462842,93.81151368808564,Closed,Open
454,15.13431986093003,93.33646178829912,Closed,Open
455,15.167655367231635,94.04360612044913,Closed,Open
456,15.200990873533248,92.18097018589438,Closed,Open
457,15.234326379834854,92.30564014881269,Closed,Open
458,15.267661886136462,91.60749937290902,Closed,Open
459,15.30099739243807,87.49174770283332,Closed,Open
460,15.334332898739678,86.63419428951663,Closed,Open
461,15.367668405041286,85.91131117888911,Closed,Open
462,15.401003911342894,89.06898644840993,Closed,Open
463,15.434339417644502,86.80928160025869,Closed,Open
464,15.46767492394611,85.76520935092674,Closed,Open
465,15.501010430247716,84.38601864127851,Closed,Open
466,15.534345936549323,82.3881102055829,Closed,Open
467,15.567681442850931,77.95555214136184,Closed,Closed
468,15.60101694915254,85.67035868826385,Closed,Open
469,15.63435245545415,77.06636703370586,Closed,Closed
470,15.66768796175576,79.75782198539858,Closed,Closed
471,15.701023468057366,83.0557832027966,Closed,Open
472,15.734358974358974,85.14222661119214,Closed,Open
473,15.767694480660582,92.27068647163848,Closed,Open
474,15.80102998696219,95.3147120010248,Closed,Open
475,15.834365493263798,97.4877252207796,Closed,Open
476,15.867700999565406,97.16448457607402,Closed,Open
477,15.901036505867014,95.61587951189225,Closed,Open
478,15.93437201216862,95.613041525113,Closed,Open
479,15.96770751847023,92.73593252508388,Closed,Open
480,16.00104302477184,92.58626477379264,Closed,Open
481,16.034378531073447,91.68315377335432,Closed,Open
482,16.067714037375055,87.6664986935917,Closed,Open
483,16.101049543676663,88.5463963599566,Closed,Open
484,16.13438504997827,88.00784152626004,Closed,Open
485,16.16772055627988,89.29154778336516,Closed,Open
486,16.201056062581486,87.34659936673515,Closed,Open
487,16.234391568883094,89.27615788789589,Closed,Open
488,16.267727075184702,88.18728900839884,Closed,Open
489,16.30106258148631,84.19852361053184,Closed,Open
490,16.334398087787918,80.41848367637913,Closed,Closed
491,16.367733594089525,75.64015426326458,Closed,Closed
492,16.401069100391133,75.08121213016707,Closed,Closed
493,16.43440460669274,78.21431382424461,Closed,Closed
494,16.46774011299435,85.58506076296797,Closed,Open
495,16.501075619295957,88.870886972833,Closed,Open
496,16.534411125597565,94.73533279187716,Closed,Open
497,16.567746631899173,99.54003556467524,Closed,Open
498,16.60108213820078,99.75530847189717,Closed,Open
499,16.63441764450239,100.9933180210606,Closed,Open
500,16.667753150803996,98.52470458228947,Closed,Open
501,16.701088657105604,96.18442780138209,Closed,Open
502,16.734424163407212,96.4939519101214,Closed,Open
503,16.767759669708823,94.74479183974525,Closed,Open
504,16.80109517601043,94.4708374455347,Closed,Open
505,16.83443068231204,93.9952652384532,Closed,Open
506,16.867766188613647,90.49670733597532,Closed,Open
507,16.901101694915255,88.93469577283783,Closed,Open
508,16.934437201216863,90.05073195778331,Closed,Open
509,16.96777270751847,87.99169214446061,Closed,Open
510,17.00110821382008,86.117279571665,Closed,Open
511,17.034443720121686,86.22840849530328,Closed,Open
512,17.067779226423294,84.46793553679743,Closed,Open
513,17.101114732724902,82.96424388434534,Closed,Open
514,17.13445023902651,83.54127682087402,Closed,Open
515,17.167785745328118,74.90134582822685,Closed,Closed
516,17.201121251629726,83.17548718047473,Closed,Open
517,17.234456757931333,83.20656841582692,Closed,Open
518,17.26779226423294,88.67614300603938,Closed,Open
519,17.30112777053455,94.31613688695516,Closed,Open
520,17.334463276836157,99.25785772647248,Closed,Open
521,17.367798783137765,97.16997394419516,Closed,Open
522,17.401134289439373,100.10261671523564,Closed,Open
523,17.43446979574098,99.70355924522204,Closed,Open
524,17.46780530204259,99.32206402955322,Closed,Open
525,17.501140808344196,98.85800145126744,Closed,Open
526,17.534476314645804,96.64437949298448,Closed,Open
527,17.567811820947412,97.83679986634826,Closed,Open
528,17.60114732724902,95.73618377109852,Closed,Open
529,17.634482833550628,93.26474136094645,Closed,Open
530,17.667818339852236,92.32083962267244,Closed,Open
531,17.701153846153847,88.07306664016008,Closed,Open
532,17.734489352455455,85.39305537391388,Closed,Open
533,17.767824858757063,84.23332788799384,Closed,Open
534,17.80116036505867,84.0339238370646,Closed,Open
535,17.83449587136028,80.87533549937811,Closed,Open
536,17.867831377661886,83.07469627454981,Closed,Open
537,17.901166883963494,79.32471467504945,Closed,Closed
538,17.934502390265102,78.4196867660752,Closed,Closed
539,17.96783789656671,79.05352732145911,Closed,Closed
540,18.001173402868318,77.2460631126591,Closed,Closed
541,18.03450890916993,79.95942556252783,Closed,Closed
542,18.067844415471537,89.31873219688453,Closed,Open
543,18.10117992177314,97.56876273040017,Closed,Open
544,18.13451542807475,102.0355531094874,Closed,Open
545,18.167850934376357,100.1456274597904,Closed,Open
546,18.201186440677965,102.43125993402212,Closed,Open
547,18.234521946979573,100.55878755916672,Closed,Open
548,18.26785745328118,97.38499955060568,Closed,Open
549,18.30119295958279,97.8444250150639,Closed,Open
550,18.334528465884397,97.04722137732576,Closed,Open
551,18.367863972186004,95.82098504349436,Closed,Open
552,18.401199478487612,94.00023747397606,Closed,Open
553,18.43453498478922,93.11380451041356,Closed,Open
554,18.467870491090828,93.2416191266448,Closed,Open
555,18.501205997392436,96.08512048393744,Closed,Open
556,18.534541503694044,92.45585859231647,Closed,Open
557,18.56787700999565,89.97166694492964,Closed,Open
558,18.601212516297263,85.11318814022442,Closed,Open
559,18.63454802259887,85.50710043891848,Closed,Open
560,18.66788352890048,81.96587424055838,Closed,Open
561,18.701219035202087,85.56701839676214,Closed,Open
562,18.734554541503694,82.32036578626868,Closed,Open
563,18.767890047805302,78.77346431102936,Closed,Closed
564,18.80122555410691,78.8358956751703,Closed,Closed
565,18.83456106040852,83.35180706057717,Closed,Open
566,18.86789656671013,90.4343827405198,Closed,Open
567,18.901232073011737,97.69862630642508,Closed,Open
568,18.93456757931334,100.66292897695692,Closed,Open
569,18.96790308561495,102.21814907226415,Closed,Open
570,19.001238591916557,101.03616505949802,Closed,Open
571,19.034574098218165,100.67013205610012,Closed,Open
572,19.067909604519773,96.7032736264714,Closed,Open
573,19.10124511082138,97.2835940026886,Closed,Open
574,19.13458061712299,95.47194536786868,Closed,Open
575,19.167916123424597,94.91731749239788,Closed,Open
576,19.201251629726205,95.34340498440908,Closed,Open
577,19.234587136027812,93.81736022843909,Closed,Open
578,19.26792264232942,91.78256119294016,Closed,Open
579,19.301258148631028,92.73055654228722,Closed,Open
580,19.334593654932636,92.84736962049612,Closed,Open
581,19.367929161234244,86.82773012894977,Closed,Open
582,19.40126466753585,82.19174514317669,Closed,Open
583,19.43460017383746,81.08519455454119,Closed,Open
584,19.467935680139068,90.12908354363654,Closed,Open
585,19.50127118644068,85.16022032756237,Closed,Open
586,19.534606692742287,86.86126847170578,Closed,Open
587,19.567942199043895,89.2830459824022,Closed,Open
588,19.601277705345503,90.23139011210972,Closed,Open
589,19.63461321164711,92.40209656596345,Closed,Open
590,19.66794871794872,89.5954085671342,Closed,Open
591,19.70128422425033,90.24070411714791,Closed,Open
592,19.734619730551938,92.06360510430449,Closed,Open
593,19.767955236853545,92.00219333238616,Closed,Open
594,19.80129074315515,92.37007440066034,Closed,Open
595,19.83462624945676,95.39459588809628,Closed,Open
596,19.867961755758365,91.35492319731232,Closed,Open
597,19.901297262059973,91.66989333183906,Closed,Open
598,19.93463276836158,93.31265209726637,Closed,Open
599,19.96796827466319,89.09976070417096,Closed,Open
600,20.001303780964797,89.0023668038456,Closed,Open
601,20.034639287266405,92.094752182132,Closed,Open
602,20.067974793568013,94.32515149023963,Closed,Open
603,20.10131029986962,95.09823583745316,Closed,Open
604,20.13464580617123,96.11834521053628,Closed,Open
605,20.167981312472836,96.28206380890464,Closed,Open
606,20.201316818774444,93.81132148388744,Closed,Open
607,20.234652325076052,93.38230047767166,Closed,Open
608,20.26798783137766,94.14688639000802,Closed,Open
609,20.301323337679268,97.64774118753768,Closed,Open
610,20.334658843980876,94.43596076421642,Closed,Open
611,20.367994350282483,96.5273750414512,Closed,Open
612,20.401329856584095,95.80826669945463,Closed,Open
613,20.434665362885703,95.25065712909768,Closed,Open
614,20.46800086918731,96.59493859491572,Closed,Open
615,20.50133637548892,95.62009539278245,Closed,Open
616,20.534671881790526,92.3547426460224,Closed,Open
617,20.568007388092138,96.80576721601422,Closed,Open
618,20.601342894393746,93.02569576209235,Closed,Open
619,20.63467840069535,95.45168880009707,Closed,Open
620,20.66801390699696,97.37062902446549,Closed,Open
621,20.70134941329857,98.45993708711478,Closed,Open
622,20.734684919600173,99.66190439278816,Closed,Open
623,20.76802042590178,98.83624642519445,Closed,Open
624,20.80135593220339,95.87890720937408,Closed,Open
625,20.834691438504997,94.88581168276048,Closed,Open
626,20.868026944806605,98.45340551395246,Closed,Open
627,20.901362451108213,99.84536123999584,Closed,Open
628,20.93469795740982,98.74882389824812,Closed,Open
629,20.96803346371143,97.88496072011426,Closed,Open
630,21.001368970013036,98.12665421159886,Closed,Open
631,21.034704476314644,96.31377436244682,Closed,Open
632,21.068039982616252,93.73213921133976,Closed,Open
633,21.10137548891786,92.0360864979818,Closed,Open
634,21.134710995219468,91.14278285726476,Closed,Open
635,21.168046501521076,91.01291750252544,Closed,Open
636,21.201382007822684,92.71450635540712,Closed,Open
637,21.23471751412429,93.94171459039832,Closed,Open
638,21.2680530204259,95.96905826770148,Closed,Open
639,21.30138852672751,96.17617107043291,Closed,Open
640,21.33472403302912,98.41169797285696,Closed,Open
641,21.368059539330726,98.43707328278924,Closed,Open
642,21.401395045632334,101.52140010877926,Closed,Open
643,21.434730551933946,98.72714346670524,Closed,Open
644,21.46806605823555,102.47616239809544,Closed,Open
645,21.50140156453716,98.2295263833079,Closed,Open
646,21.53473707083877,99.25571992464975,Closed,Open
647,21.568072577140377,95.82444971546867,Closed,Open
648,21.60140808344198,96.97181615362688,Closed,Open
649,21.63474358974359,99.64030767102795,Closed,Open
650,21.668079096045197,95.35813855376963,Closed,Open
651,21.701414602346805,95.01313326174493,Closed,Open
652,21.734750108648413,95.03158657743752,Closed,Open
653,21.76808561495002,96.20094977899087,Closed,Open
654,21.80142112125163,96.48804072801622,Closed,Open
655,21.834756627553237,95.94151403103932,Closed,Open
656,21.868092133854844,97.34191646725968,Closed,Open
657,21.901427640156452,95.1417124731394,Closed,Open
658,21.93476314645806,95.2178615905899,Closed,Open
659,21.968098652759668,95.81834713385668,Closed,Open
660,22.001434159061276,93.54320448746677,Closed,Open
661,22.034769665362884,96.8955564898322,Closed,Open
662,22.06810517166449,95.32948109706248,Closed,Open
663,22.1014406779661,95.10587731639843,Closed,Open
664,22.134776184267707,96.38601870827338,Closed,Open
665,22.168111690569315,94.49988772319014,Closed,Open
666,22.201447196870923,94.8133599198096,Closed,Open
667,22.234782703172534,99.24669990861275,Closed,Open
668,22.268118209474142,94.83932686172352,Closed,Open
669,22.30145371577575,96.84600390829044,Closed,Open
670,22.33478922207736,94.73467775748202,Closed,Open
671,22.36812472837897,95.5697090390845,Closed,Open
672,22.401460234680577,95.68990684692533,Closed,Open
673,22.43479574098218,97.44370549236754,Closed,Open
674,22.46813124728379,97.02443711655276,Closed,Open
675,22.501466753585397,97.23741588239146,Closed,Open
676,22.534802259887005,99.08685181964842,Closed,Open
677,22.568137766188613,100.7493572557974,Closed,Open
678,22.60147327249022,97.74620332482633,Closed,Open
679,22.63480877879183,95.67977821026864,Closed,Open
680,22.668144285093437,99.94123474772998,Closed,Open
681,22.701479791395045,97.92152576448105,Closed,Open
682,22.734815297696652,99.12857376203212,Closed,Open
683,22.76815080399826,98.27956275205796,Closed,Open
684,22.801486310299868,102.29707896692824,Closed,Open
685,22.834821816601476,97.53374253968316,Closed,Open
686,22.868157322903084,100.91541476210054,Closed,Open
687,22.90149282920469,97.6135353631909,Closed,Open
688,22.9348283355063,100.41548464722209,Closed,Open
689,22.968163841807907,98.29867410734757,Closed,Open
690,23.001499348109515,98.61221737209836,Closed,Open
691,23.034834854411123,98.90125883114332,Closed,Open
692,23.06817036071273,98.73969736115092,Closed,Open
693,23.10150586701434,97.04830622221247,Closed,Open
694,23.13484137331595,97.05098536590712,Closed,Open
695,23.16817687961756,99.01316151244956,Closed,Open
696,23.20151238591917,97.693830548319,Closed,Open
697,23.234847892220778,98.745812830936,Closed,Open
698,23.268183398522385,97.17374618809046,Closed,Open
699,23.30151890482399,95.33356752098678,Closed,Open
700,23.3348544111256,98.03603150589272,Closed,Open
701,23.368189917427205,96.94628998882982,Closed,Open
702,23.401525423728813,96.25508536539942,Closed,Open
703,23.43486093003042,95.30311970320793,Closed,Open
704,23.46819643633203,95.82199997118984,Closed,Open
705,23.501531942633637,94.69027115738923,Closed,Open
706,23.534867448935245,96.298743522404,Closed,Open
707,23.568202955236853,94.1377306743292,Closed,Open
708,23.60153846153846,96.1981836155888,Closed,Open
709,23.63487396784007,94.9026662886719,Closed,Open
710,23.668209474141676,98.24876837959124,Closed,Open
711,23.701544980443284,96.77712672651056,Closed,Open
712,23.734880486744892,95.60236331016142,Closed,Open
713,23.7682159930465,94.60415623986648,Closed,Open
714,23.801551499348108,93.05505763107192,Closed,Open
715,23.834887005649716,95.43378053904894,Closed,Open
716,23.868222511951323,92.6766521952903,Closed,Open
717,23.90155801825293,93.69152441740624,Closed,Open
718,23.93489352455454,95.43490919873102,Closed,Open
719,23.968229030856147,97.6634676723339,Closed,Open
720,24.001564537157755,93.82428060302432,Closed,Open
721,24.034900043459366,94.52196693907932,Closed,Open
722,24.068235549760978,92.94311492580782,Closed,Open
723,24.101571056062586,96.23254711771068,Closed,Open
724,24.13490656236419,98.40417031107609,Closed,Open
725,24.1682420686658,105.22073201290785,Closed,Open
726,24.20157757496741,101.82571421461928,Closed,Open
727,24.234913081269013,110.9590031142815,Open,Open
728,24.26824858757062,105.10040982166944,Closed,Open
729,24.30158409387223,97.69242375286504,Closed,Open
730,24.334919600173837,102.00637273665274,Closed,Open
731,24.368255106475445,105.23700808122952,Closed,Open
732,24.401590612777053,105.55360546266168,Closed,Open
733,24.43492611907866,104.6213451415613,Closed,Open
734,24.46826162538027,98.00727226844263,Closed,Open
735,24.501597131681876,96.43780885840803,Closed,Open
736,24.534932637983484,94.10907313824328,Closed,Open
737,24.568268144285092,97.71965703433024,Closed,Open
738,24.6016036505867,96.16477199844807,Closed,Open
739,24.634939156888308,89.53792836874447,Closed,Open
740,24.668274663189916,91.892061783119,Closed,Open
741,24.701610169491524,88.7799332522031,Closed,Open
742,24.73494567579313,100.1199596178832,Closed,Open
743,24.76828118209474,94.58591640725842,Closed,Open
744,24.801616688396347,89.80880212695438,Closed,Open
745,24.834952194697955,84.34689541910411,Closed,Open
746,24.868287700999563,92.9730870027177,Closed,Open
747,24.90162320730117,88.50142126370052,Closed,Open
748,24.934958713602786,91.28549998069474,Closed,Open
749,24.96829421990439,89.49543264319303,Closed,Open
750,25.001629726206,91.05182611490493,Closed,Open
751,25.03496523250761,91.78573629612828,Closed,Open
752,25.068300738809217,91.95736656828475,Closed,Open
753,25.10163624511082,94.57710118639028,Closed,Open
754,25.13497175141243,94.0786904124772,Closed,Open
755,25.168307257714037,92.805264190038,Closed,Open
756,25.201642764015645,95.56690590645748,Closed,Open
757,25.234978270317253,94.12358310319804,Closed,Open
758,25.26831377661886,93.69636578713204,Closed,Open
759,25.30164928292047,93.58102719404457,Closed,Open
760,25.334984789222077,87.8630162529579,Closed,Open
761,25.368320295523684,84.46217143209248,Closed,Open
762,25.401655801825292,83.727094256909,Closed,Open
763,25.4349913081269,81.2212863964155,Closed,Open
764,25.468326814428508,82.34884544063901,Closed,Open
765,25.501662320730116,82.6145624755735,Closed,Open
766,25.534997827031724,79.41409211342899,Closed,Closed
767,25.56833333333333,78.99583255514406,Closed,Closed
768,25.60166883963494,82.3799584742364,Closed,Open
769,25.635004345936547,87.65681697843857,Closed,Open
770,25.668339852238155,91.08733243839694,Closed,Open
771,25.701675358539763,94.5410343783204,Closed,Open
772,25.73501086484137,99.5509916934218,Closed,Open
773,25.76834637114298,96.88579570270367,Closed,Open
774,25.801681877444587,95.3200420370367,Closed,Open
775,25.8350173837462,93.54081200951782,Closed,Open
776,25.86835289004781,95.54756123025608,Closed,Open
777,25.901688396349417,93.50538199375887,Closed,Open
778,25.93502390265102,93.61720676097124,Closed,Open
779,25.96835940895263,91.435453190782,Closed,Open
780,26.001694915254237,92.45497396523724,Closed,Open
781,26.035030421555845,90.4148556880223,Closed,Open
782,26.068365927857453,91.1926491116769,Closed,Open
783,26.10170143415906,89.72751831115325,Closed,Open
784,26.13503694046067,85.90120628399937,Closed,Open
785,26.168372446762277,84.77391364618342,Closed,Open
786,26.201707953063885,80.41779312886969,Closed,Closed
787,26.235043459365492,81.93168413829059,Closed,Open
788,26.2683789656671,80.62379593099132,Closed,Closed
789,26.301714471968708,87.596131398323,Closed,Open
790,26.335049978270316,92.24180171384047,Closed,Open
791,26.368385484571924,97.18452881525832,Closed,Open
792,26.40172099087353,99.62979799637188,Closed,Open
793,26.43505649717514,99.5166699227054,Closed,Open
794,26.468392003476747,96.9129352494144,Closed,Open
795,26.501727509778355,95.35199889739862,Closed,Open
796,26.535063016079963,91.24158695596532,Closed,Open
797,26.56839852238157,87.48308554375488,Closed,Open
798,26.60173402868318,89.23975084607945,Closed,Open
799,26.635069534984787,90.98403756727888,Closed,Open
800,26.668405041286395,90.438514675871,Closed,Open
801,26.701740547588003,83.48243230310754,Closed,Open
802,26.735076053889617,86.33709680606253,Closed,Open
803,26.768411560191225,88.57340792760336,Closed,Open
804,26.80174706649283,82.14727803301065,Closed,Open
805,26.83508257279444,81.66655234149226,Closed,Open
806,26.868418079096045,87.3058458140273,Closed,Open
807,26.901753585397653,90.65086553076472,Closed,Open
808,26.93508909169926,97.3444958828024,Closed,Open
809,26.96842459800087,97.8154234216881,Closed,Open
810,27.001760104302477,99.21538827579391,Closed,Open
811,27.035095610604085,99.48342422492748,Closed,Open
812,27.068431116905693,100.70961055300724,Closed,Open
813,27.1017666232073,100.20111317579536,Closed,Open
814,27.13510212950891,98.50293647421196,Closed,Open
815,27.168437635810516,95.00101685854996,Closed,Open
816,27.201773142112124,92.77007354458868,Closed,Open
817,27.235108648413732,90.279783112003,Closed,Open
818,27.26844415471534,84.40966187310866,Closed,Open
819,27.301779661016948,85.57503282654729,Closed,Open
820,27.335115167318556,83.49526930634488,Closed,Open
821,27.368450673620163,86.20678271476739,Closed,Open
822,27.40178617992177,82.14992045305974,Closed,Open
823,27.43512168622338,81.38107194245538,Closed,Open
824,27.468457192524987,87.94934058784506,Closed,Open
825,27.501792698826595,95.34740808790627,Closed,Open
826,27.535128205128203,99.79536460888204,Closed,Open
827,27.56846371142981,106.05195485460108,Closed,Open
828,27.60179921773142,103.14106967692962,Closed,Open
829,27.635134724033023,98.76167248099624,Closed,Open
830,27.66847023033464,98.404802601986,Closed,Open
831,27.70180573663625,96.330426273555,Closed,Open
832,27.735141242937853,95.32235500451164,Closed,Open
833,27.76847674923946,91.84944977946716,Closed,Open
834,27.80181225554107,86.05177507079267,Closed,Open
835,27.835147761842677,84.31663065051049,Closed,Open
836,27.868483268144285,84.87826490049736,Closed,Open
837,27.901818774445893,88.59393627350471,Closed,Open
838,27.9351542807475,81.46500065053363,Closed,Open
839,27.96848978704911,85.79436961251713,Closed,Open
840,28.001825293350716,86.03093606540381,Closed,Open
841,28.035160799652324,81.64197311443348,Closed,Open
842,28.068496305953932,84.29496225644556,Closed,Open
843,28.10183181225554,89.70661292486143,Closed,Open
844,28.135167318557148,98.61761949584177,Closed,Open
845,28.168502824858756,99.29099667609964,Closed,Open
846,28.201838331160364,100.0840044281406,Closed,Open
847,28.23517383746197,99.862536727568,Closed,Open
848,28.26850934376358,96.66664481571502,Closed,Open
849,28.301844850065187,95.58592779600374,Closed,Open
850,28.335180356366795,95.20290275452744,Closed,Open
851,28.368515862668403,95.82602014224096,Closed,Open
852,28.40185136897001,92.28336530634904,Closed,Open
853,28.43518687527162,92.43757173267318,Closed,Open
854,28.468522381573223,90.69501729219522,Closed,Open
855,28.50185788787483,90.592753119377,Closed,Open
856,28.53519339417644,95.12839644694228,Closed,Open
857,28.568528900478057,96.89571431389597,Closed,Open
858,28.60186440677966,90.83129627367605,Closed,Open
859,28.63519991308127,92.16553330852076,Closed,Open
860,28.668535419382877,92.41220695516826,Closed,Open
861,28.701870925684485,93.04345302406928,Closed,Open
862,28.735206431986093,91.83936866678816,Closed,Open
863,28.7685419382877,92.005489471939,Closed,Open
864,28.80187744458931,93.10041804107732,Closed,Open
865,28.835212950890917,87.14532978380313,Closed,Open
866,28.868548457192524,89.72989772198139,Closed,Open
867,28.901883963494132,86.28510881638621,Closed,Open
868,28.93521946979574,73.99464108943776,Closed,Closed
869,28.968554976097348,86.61492979079834,Closed,Open
870,29.001890482398956,82.60148627236099,Closed,Open
871,29.035225988700564,81.83430865332485,Closed,Open
872,29.06856149500217,78.61629694706795,Closed,Closed
873,29.10189700130378,84.65717468643979,Closed,Open
874,29.135232507605387,93.37683600140312,Closed,Open
875,29.168568013906995,97.99544698641571,Closed,Open
876,29.201903520208603,98.3081769599169,Closed,Open
877,29.23523902651021,98.4681997152359,Closed,Open
878,29.26857453281182,95.3200420370367,Closed,Open
879,29.301910039113427,97.48508176902814,Closed,Open
880,29.33524554541503,96.2228189487,Closed,Open
881,29.36858105171664,94.19340419720812,Closed,Open
882,29.40191655801825,90.56782687658382,Closed,Open
883,29.435252064319855,96.58441197900348,Closed,Open
884,29.46858757062147,88.20630138501494,Closed,Open
885,29.501923076923077,91.72121250138532,Closed,Open
886,29.535258583224685,88.29107055359938,Closed,Open
887,29.568594089526293,86.29501007642898,Closed,Open
888,29.6019295958279,87.13429134383082,Closed,Open
889,29.63526510212951,82.87150728617146,Closed,Open
890,29.668600608431117,80.56272166482587,Closed,Closed
891,29.701936114732725,83.81982782573283,Closed,Open
892,29.735271621034332,93.38448739986929,Closed,Open
893,29.76860712733594,91.13348562620077,Closed,Open
894,29.801942633637548,91.63370246780218,Closed,Open
895,29.835278139939156,96.79788312717926,Closed,Open
896,29.868613646240764,92.78455277931766,Closed,Open
897,29.90194915254237,89.85138490300159,Closed,Open
898,29.93528465884398,95.05753377753608,Closed,Open
899,29.968620165145587,94.55110668303352,Closed,Open
900,30.001955671447195,92.14903759511594,Closed,Open
901,30.035291177748803,91.26474136094645,Closed,Open
902,30.06862668405041,90.34576838323378,Closed,Open
903,30.10196219035202,89.15193298066868,Closed,Open
904,30.135297696653627,87.1494825896759,Closed,Open
905,30.168633202955235,86.69898222561568,Closed,Open
906,30.201968709256843,89.12456418399739,Closed,Open
907,30.23530421555845,86.94089551664848,Closed,Open
908,30.26863972186006,85.39587947445435,Closed,Open
909,30.301975228161663,81.56749026294844,Closed,Open
910,30.33531073446327,81.14520611175217,Closed,Open
911,30.368646240764885,85.26683891667179,Closed,Open
912,30.401981747066493,92.4054005730172,Closed,Open
913,30.4353172533681,87.63598670757831,Closed,Open
914,30.46865275966971,93.31040330709148,Closed,Open
915,30.501988265971317,92.49453519793568,Closed,Open
916,30.535323772272925,88.80449531685193,Closed,Open
917,30.568659278574533,94.28415426273956,Closed,Open
918,30.60199478487614,88.14222597360983,Closed,Open
919,30.63533029117775,93.550144640526,Closed,Open
920,30.668665797479356,86.83671956739994,Closed,Open
921,30.702001303780964,90.16331108577812,Closed,Open
922,30.735336810082572,85.36900176717526,Closed,Open
923,30.76867231638418,86.74675614106079,Closed,Open
924,30.802007822685788,87.72986244426954,Closed,Open
925,30.835343328987395,86.58972067968634,Closed,Open
926,30.868678835289003,90.71652797893536,Closed,Open
927,30.90201434159061,86.48854165691637,Closed,Open
928,30.93534984789222,86.56685770381804,Closed,Open
929,30.968685354193827,84.15583593092194,Closed,Open
930,31.002020860495435,91.99445236694952,Closed,Open
931,31.035356366797043,90.37754571741264,Closed,Open
932,31.06869187309865,97.2660086087303,Closed,Open
933,31.10202737940026,99.03446501629936,Closed,Open
934,31.135362885701863,98.65337819565288,Closed,Open
935,31.16869839200347,101.4492755903034,Closed,Open
936,31.20203389830508,95.8750500731713,Closed,Open
937,31.23536940460669,96.7685290080152,Closed,Open
938,31.2687049109083,97.60941918855792,Closed,Open
939,31.30204041720991,93.55595173980596,Closed,Open
940,31.335375923511517,92.24925117632918,Closed,Open
941,31.368711429813125,88.58382815562854,Closed,Open
942,31.402046936114733,89.42026237006631,Closed,Open
943,31.43538244241634,90.11199714217058,Closed,Open
944,31.46871794871795,91.16246191053304,Closed,Open
945,31.502053455019556,86.93118507566342,Closed,Open
946,31.535388961321164,83.81276906693407,Closed,Open
947,31.568724467622772,87.41583072711663,Closed,Open
948,31.60205997392438,86.02623971273704,Closed,Open
949,31.635395480225988,85.8148292283649,Closed,Open
950,31.668730986527596,84.70462916431512,Closed,Open
951,31.702066492829204,89.08098015463472,Closed,Open
952,31.73540199913081,95.84223827106295,Closed,Open
953,31.76873750543242,99.04441384325452,Closed,Open
954,31.802073011734027,103.86672754270754,Closed,Open
955,31.835408518035635,103.58137702238898,Closed,Open
956,31.868744024337243,98.91155342980105,Closed,Open
957,31.90207953063885,95.77051000457634,Closed,Open
958,31.93541503694046,95.91264369437626,Closed,Open
959,31.968750543242063,95.3675128295816,Closed,Open
960,32.00208604954368,98.3292620642854,Closed,Open
961,32.03542155584528,101.5654706790392,Closed,Open
962,32.068757062146894,95.28949279717438,Closed,Open
963,32.1020925684485,92.86120122640192,Closed,Open
964,32.13542807475011,92.0669419773938,Closed,Open
965,32.168763581051714,88.0891040960999,Closed,Open
966,32.202099087353325,84.57635544815841,Closed,Open
967,32.23543459365493,82.10179901744729,Closed,Open
968,32.26877009995654,81.79137625816347,Closed,Open
969,32.302105606258145,85.75255514613738,Closed,Open
970,32.33544111255976,93.50504506183032,Closed,Open
971,32.36877661886136,102.16263648685208,Closed,Open
972,32.40211212516297,101.83406991894589,Closed,Open
973,32.43544763146458,104.99382712179845,Closed,Open
974,32.46878313776619,100.90698461219156,Closed,Open
975,32.50211864406779,99.03467000205087,Closed,Open
976,32.535454150369404,94.65126183702304,Closed,Open
977,32.56878965667101,91.6203096349736,Closed,Open
978,32.60212516297262,89.6456753378413,Closed,Open
979,32.63546066927423,91.19729127007574,Closed,Open
980,32.668796175575835,89.17742783200929,Closed,Open
981,32.70213168187745,89.27041989240166,Closed,Open
982,32.73546718817905,89.50860599338733,Closed,Open
983,32.76880269448066,87.64539906770105,Closed,Open
984,32.80213820078227,84.98906202603416,Closed,Open
985,32.83547370708388,85.8545119302857,Closed,Open
986,32.86880921338548,86.30402499984862,Closed,Open
987,32.902144719687094,81.85034456791395,Closed,Open
988,32.9354802259887,81.41236892448477,Closed,Open
989,32.96881573229031,82.76338699141249,Closed,Open
990,33.002151238591914,78.4575759446488,Closed,Closed
991,33.035486744893525,81.0888544195237,Closed,Open
992,33.06882225119513,77.98808023666871,Closed,Closed
993,33.10215775749674,82.64756687859645,Closed,Open
994,33.135493263798345,83.5773966537255,Closed,Open
995,33.16882877009996,93.62676140162276,Closed,Open
996,33.20216427640156,97.44370297794006,Closed,Open
997,33.23549978270317,100.28706097995436,Closed,Open
998,33.26883528900478,100.24486277268396,Closed,Open
999,33.30217079530639,98.07789554604176,Closed,Open
1000,33.33550630160799,94.5709189140335,Closed,Open
1001,33.368841807909604,95.93066233528047,Closed,Open
1002,33.40217731421121,93.580142902072,Closed,Open
1003,33.43551282051282,89.94853153124724,Closed,Open
1004,33.468848326814424,90.61112635189124,Closed,Open
1005,33.502183833116035,89.42701385591145,Closed,Open
1006,33.53551933941765,88.88572641776274,Closed,Open
1007,33.56885484571925,89.27732014548953,Closed,Open
1008,33.60219035202086,88.42644993405256,Closed,Open
1009,33.63552585832247,86.3074082336532,Closed,Open
1010,33.66886136462408,82.8772488027742,Closed,Open
1011,33.70219687092568,83.39106251677119,Closed,Open
1012,33.735532377227294,78.22995829738147,Closed,Closed
1013,33.7688678835289,88.87038546066242,Closed,Open
1014,33.80220338983051,83.5228864221107,Closed,Open
1015,33.835538896132114,89.03543112999677,Closed,Open
1016,33.868874402433725,93.24010188361248,Closed,Open
1017,33.90220990873533,98.99302352301714,Closed,Open
1018,33.93554541503694,102.14579713057044,Closed,Open
1019,33.968880921338545,101.42992519543095,Closed,Open
1020,34.00221642764016,99.2655791251431,Closed,Open
1021,34.03555193394176,97.04795230943694,Closed,Open
1022,34.06888744024337,97.64588272275574,Closed,Open
1023,34.10222294654498,94.5514375141777,Closed,Open
1024,34.13555845284659,94.01359260997674,Closed,Open
1025,34.16889395914819,94.03692041701308,Closed,Open
1026,34.202229465449804,90.00657593779603,Closed,Open
1027,34.23556497175141,87.67514784991579,Closed,Open
1028,34.26890047805302,85.66395583933623,Closed,Open
1029,34.302235984354624,86.62549054478333,Closed,Open
1030,34.335571490656235,86.33416224055027,Closed,Open
1031,34.36890699695784,80.12733571829756,Closed,Closed
1032,34.40224250325945,82.06034904796607,Closed,Open
1033,34.43557800956106,84.90028873788415,Closed,Open
1034,34.46891351586267,80.78674112431119,Closed,Open
1035,34.50224902216428,81.77558040800615,Closed,Open
1036,34.53558452846588,82.79846261829633,Closed,Open
1037,34.568920034767494,90.83052865171548,Closed,Open
1038,34.6022555410691,96.70858470193406,Closed,Open
1039,34.63559104737071,100.99443095862792,Closed,Open
1040,34.668926553672314,102.54142614086577,Closed,Open
1041,34.702262059973926,96.92172881969196,Closed,Open
1042,34.73559756627553,99.56231391015515,Closed,Open
1043,34.76893307257714,97.50678623025831,Closed,Open
1044,34.802268578878746,97.68814197137206,Closed,Open
1045,34.83560408518036,96.63652360675766,Closed,Open
1046,34.86893959148196,94.84951647752678,Closed,Open
1047,34.90227509778357,96.8383365233866,Closed,Open
1048,34.93561060408518,96.88157004093192,Closed,Open
1049,34.96894611038679,93.18759728146642,Closed,Open
1050,35.00228161668839,97.78483797335836,Closed,Open
1051,35.035617122990004,94.5392743131779,Closed,Open
1052,35.06895262929161,91.17860881266704,Closed,Open
1053,35.10228813559322,87.59286447227333,Closed,Open
1054,35.135623641894824,89.56362227427547,Closed,Open
1055,35.168959148196436,91.9187904042118,Closed,Open
1056,35.20229465449804,93.8014537302262,Closed,Open
1057,35.23563016079965,94.67371605629324,Closed,Open
1058,35.268965667101256,95.60409764268589,Closed,Open
1059,35.30230117340287,97.10574671430815,Closed,Open
1060,35.33563667970447,95.80680637924684,Closed,Open
1061,35.36897218600608,96.98859421916018,Closed,Open
1062,35.402307692307694,93.551265213769,Closed,Open
1063,35.4356431986093,91.69974240322966,Closed,Open
1064,35.46897870491091,93.34008880820926,Closed,Open
1065,35.502314211212514,86.05928038268449,Closed,Open
1066,35.535649717514126,87.6706858004704,Closed,Open
1067,35.56898522381573,82.54275921861927,Closed,Open
1068,35.60232073011734,83.8188135274128,Closed,Open
1069,35.635656236418946,77.32965855566044,Closed,Closed
1070,35.66899174272056,79.37568997357164,Closed,Closed
1071,35.70232724902216,81.14600105548696,Closed,Open
1072,35.73566275532377,83.15213076285747,Closed,Open
1073,35.76899826162538,86.8683489504775,Closed,Open
1074,35.80233376792699,91.4144223860481,Closed,Open
1075,35.83566927422859,99.35536247002324,Closed,Open
1076,35.869004780530204,99.6727177911147,Closed,Open
1077,35.90234028683181,100.35489012232924,Closed,Open
1078,35.93567579313342,100.47259146493984,Closed,Open
1079,35.969011299435024,97.2698859005848,Closed,Open
1080,36.002346805736636,94.79576352880328,Closed,Open
1081,36.03568231203824,94.04034701742133,Closed,Open
1082,36.06901781833985,92.60442174448936,Closed,Open
1083,36.102353324641456,92.32021591542716,Closed,Open
1084,36.13568883094307,91.08281660049283,Closed,Open
1085,36.16902433724467,89.23178272888478,Closed,Open
1086,36.20235984354628,86.53260139208801,Closed,Open
1087,36.23569534984789,89.66112589906255,Closed,Open
1088,36.2690308561495,88.98420470586129,Closed,Open
1089,36.30236636245111,84.60558274643286,Closed,Open
1090,36.335701868752714,85.46080028676974,Closed,Open
1091,36.369037375054326,81.29070925596716,Closed,Open
1092,36.40237288135593,78.00083969331061,Closed,Closed
1093,36.43570838765754,79.05651454873541,Closed,Closed
1094,36.469043893959146,89.0771631062245,Closed,Open
1095,36.50237940026076,94.488315674393,Closed,Open
1096,36.53571490656236,102.41252285031204,Closed,Open
1097,36.56905041286397,104.86260974920113,Closed,Open
1098,36.60238591916558,100.90588181078704,Closed,Open
1099,36.63572142546719,100.33653201328934,Closed,Open
1100,36.66905693176879,101.83100713221674,Closed,Open
1101,36.702392438070405,97.38238907998988,Closed,Open
1102,36.73572794437201,98.0427922864012,Closed,Open
1103,36.76906345067362,99.70255165905374,Closed,Open
1104,36.802398956975225,95.65031174510324,Closed,Open
1105,36.83573446327683,97.13640291750188,Closed,Open
1106,36.86906996957844,90.9701910583598,Closed,Open
1107,36.90240547588005,88.63402412793802,Closed,Open
1108,36.935740982181656,88.93476301419409,Closed,Open
1109,36.96907648848327,87.66941075707147,Closed,Open
1110,37.00241199478487,85.0925300256464,Closed,Open
1111,37.03574750108648,79.8463931975518,Closed,Closed
1112,37.06908300738809,80.72500361501143,Closed,Open
1113,37.1024185136897,80.44048716629524,Closed,Closed
1114,37.1357540199913,78.11141815180852,Closed,Closed
1115,37.169089526292915,83.6371246939031,Closed,Open
1116,37.202425032594526,86.55822852192718,Closed,Open
1117,37.23576053889613,94.67102885774425,Closed,Open
1118,37.26909604519774,100.82580667817676,Closed,Open
1119,37.302431551499346,102.16104184963932,Closed,Open
1120,37.33576705780096,99.94605084986004,Closed,Open
1121,37.36910256410256,97.5763151159029,Closed,Open
1122,37.40243807040417,97.43888223425272,Closed,Open
1123,37.43577357670578,99.7661771468999,Closed,Open
1124,37.46910908300739,95.0015573052586,Closed,Open
1125,37.50244458930899,100.15410552904696,Closed,Open
1126,37.535780095610605,97.31373990544432,Closed,Open
1127,37.56911560191221,93.91115463270378,Closed,Open
1128,37.60245110821382,95.85302607244152,Closed,Open
1129,37.635786614515425,95.13253153778426,Closed,Open
1130,37.66912212081704,93.81969697056874,Closed,Open
1131,37.70245762711864,86.76780284618255,Closed,Open
1132,37.73579313342025,89.8160984540304,Closed,Open
1133,37.769128639721856,87.65744299646268,Closed,Open
1134,37.80246414602347,85.16304700375136,Closed,Open
1135,37.83579965232507,80.26062345084992,Closed,Closed
1136,37.86913515862668,81.68526613130265,Closed,Open
1137,37.90247066492829,82.24114320589115,Closed,Open
1138,37.9358061712299,80.1455904746688,Closed,Closed
1139,37.9691416775315,81.93603721686922,Closed,Open
1140,38.002477183833115,83.61030633528524,Closed,Open
1141,38.03581269013472,90.61271887612271,Closed,Open
1142,38.06914819643633,95.37322397188451,Closed,Open
1143,38.10248370273794,99.75695918087048,Closed,Open
1144,38.135819209039546,102.12668026332489,Closed,Open
1145,38.16915471534116,101.60794753311934,Closed,Open
1146,38.20249022164276,102.12628571290443,Closed,Open
1147,38.23582572794437,102.2976910471433,Closed,Open
1148,38.26916123424598,98.69879471101834,Closed,Open
1149,38.30249674054759,95.63541746718376,Closed,Open
1150,38.33583224684919,98.61221737209836,Closed,Open
1151,38.369167753150805,95.81353093474652,Closed,Open
1152,38.40250325945241,94.50993745653528,Closed,Open
1153,38.43583876575402,91.16630411386544,Closed,Open
1154,38.469174272055625,88.4458856348575,Closed,Open
1155,38.50250977835723,88.20151922616188,Closed,Open
1156,38.53584528465884,88.226815954898,Closed,Open
1157,38.56918079096045,86.4539058094334,Closed,Open
1158,38.602516297262056,84.5812779226527,Closed,Open
1159,38.63585180356367,80.16486808340744,Closed,Closed
1160,38.66918730986527,82.75922704512266,Closed,Open
1161,38.70252281616688,82.47594117183604,Closed,Open
1162,38.73585832246849,77.54383743668564,Closed,Closed
1163,38.7691938287701,77.1780497566497,Closed,Closed
1164,38.8025293350717,80.263942677205,Closed,Closed
1165,38.835864841373315,92.31853372770748,Closed,Open
1166,38.86920034767492,95.60409764268589,Closed,Open
1167,38.90253585397653,101.0778479971316,Closed,Open
1168,38.935871360278135,103.75630553987835,Closed,Open
1169,38.969206866579746,103.1849350666226,Closed,Open
1170,39.00254237288136,106.79302491728352,Closed,Open
1171,39.03587787918296,102.8719942928212,Closed,Open
1172,39.069213385484574,98.8208393376536,Closed,Open
1173,39.10254889178618,102.25445445710864,Closed,Open
1174,39.13588439808779,100.7575144097296,Closed,Open
1175,39.169219904389394,99.32683160385244,Closed,Open
1176,39.202555410691005,96.0295068825371,Closed,Open
1177,39.23589091699261,95.28326492765235,Closed,Open
1178,39.26922642329422,94.08685772745396,Closed,Open
1179,39.302561929595825,92.52014477145195,Closed,Open
1180,39.33589743589744,90.53103356768338,Closed,Open
1181,39.36923294219904,85.77472186979304,Closed,Open
1182,39.40256844850065,84.85809443517255,Closed,Open
1183,39.43590395480226,81.6164999097939,Closed,Open
1184,39.46923946110387,79.51433910550212,Closed,Closed
1185,39.50257496740547,76.89155053446575,Closed,Closed
1186,39.53591047370709,79.05046057131901,Closed,Closed
1187,39.56924598000869,76.41665955701035,Closed,Closed
1188,39.6025814863103,80.88459164718205,Closed,Open
1189,39.635916992611904,87.06807745673467,Closed,Open
1190,39.669252498913515,96.43517400131182,Closed,Open
1191,39.70258800521512,99.5220891271602,Closed,Open
1192,39.73592351151673,102.79524813628284,Closed,Open
1193,39.769259017818335,103.59090413627992,Closed,Open
1194,39.80259452411995,102.41611295723504,Closed,Open
1195,39.83593003042155,103.2245795265316,Closed,Open
1196,39.86926553672316,100.6110102272022,Closed,Open
1197,39.902601043024774,99.3165255657826,Closed,Open
1198,39.93593654932638,101.05961812398112,Closed,Open
1199,39.96927205562799,97.02842928140946,Closed,Open
1200,40.002607561929594,93.74428900898052,Closed,Open
1201,40.035943068231205,92.21483880012812,Closed,Open
1202,40.06927857453281,86.10287157165695,Closed,Open
1203,40.10261408083442,90.11832155153908,Closed,Open
1204,40.135949587136025,86.61720676097124,Closed,Open
1205,40.16928509343764,85.70009792770236,Closed,Open
1206,40.20262059973924,89.30152284227611,Closed,Open
1207,40.23595610604085,87.16775365829199,Closed,Open
1208,40.26929161234246,96.09000774108888,Closed,Open
1209,40.30262711864407,88.02357395535807,Closed,Open
1210,40.33596262494567,85.50287719017746,Closed,Open
1211,40.36929813124728,86.96441144643782,Closed,Open
1212,40.40263363754889,88.71434270737254,Closed,Open
1213,40.4359691438505,89.56306370519741,Closed,Open
1214,40.469304650152104,90.20039915873454,Closed,Open
1215,40.502640156453715,91.24727741990898,Closed,Open
1216,40.53597566275532,94.30293016802877,Closed,Open
1217,40.56931116905693,95.12528388931494,Closed,Open
1218,40.602646675358535,93.1221167318362,Closed,Open
1219,40.63598218166015,92.79833825471246,Closed,Open
1220,40.66931768796175,88.73306081372863,Closed,Open
1221,40.70265319426336,93.89151200388643,Closed,Open
1222,40.73598870056497,91.7745180766919,Closed,Open
1223,40.76932420686658,90.15681214157024,Closed,Open
1224,40.80265971316819,92.71336245517172,Closed,Open
1225,40.835995219469794,94.62693720846228,Closed,Open
1226,40.869330725771405,100.23039437693004,Closed,Open
1227,40.90266623207301,102.73193815321147,Closed,Open
1228,40.93600173837462,101.16826842371644,Closed,Open
1229,40.969337244676225,100.92700278511772,Closed,Open
1230,41.00267275097784,100.61438984789156,Closed,Open
1231,41.03600825727944,99.37952098527728,Closed,Open
1232,41.06934376358105,100.2411933619466,Closed,Open
1233,41.10267926988266,98.1673871595938,Closed,Open
1234,41.13601477618427,98.47883696428173,Closed,Open
1235,41.16935028248587,98.7612013107591,Closed,Open
1236,41.20268578878749,94.56966487312934,Closed,Open
1237,41.23602129508909,99.7489040427179,Closed,Open
1238,41.2693568013907,96.96198327459156,Closed,Open
1239,41.302692307692304,97.41083556214242,Closed,Open
1240,41.336027813993915,99.18191942499224,Closed,Open
1241,41.36936332029552,98.126346227182,Closed,Open
1242,41.40269882659713,97.80821746006912,Closed,Open
1243,41.436034332898735,101.275188953976,Closed,Open
1244,41.46936983920035,101.15569573573802,Closed,Open
1245,41.50270534550195,96.4726331486161,Closed,Open
1246,41.53604085180356,96.41808598054186,Closed,Open
1247,41.56937635810517,94.83714017233908,Closed,Open
1248,41.60271186440678,91.7659055405795,Closed,Open
1249,41.63604737070838,90.34731203869356,Closed,Open
1250,41.669382877009994,94.43708919501668,Closed,Open
1251,41.702718383311606,97.0259404500877,Closed,Open
1252,41.73605388961321,96.44955357088172,Closed,Open
1253,41.76938939591482,100.2703737400239,Closed,Open
1254,41.802724902216426,104.20134144978246,Closed,Open
1255,41.83606040851804,105.0115900954034,Closed,Open
1256,41.86939591481964,104.2039212352013,Closed,Open
1257,41.90273142112125,102.82235342048924,Closed,Open
1258,41.93606692742286,102.21326226748344,Closed,Open
1259,41.96940243372447,98.16109242870864,Closed,Open
1260,42.00273794002607,94.56347885694176,Closed,Open
1261,42.03607344632768,96.29325551532658,Closed,Open
1262,42.06940895262929,93.58379238386456,Closed,Open
1263,42.1027444589309,92.85176584523978,Closed,Open
1264,42.136079965232504,96.96551770613658,Closed,Open
1265,42.16941547153411,93.7503834674923,Closed,Open
1266,42.20275097783572,94.18860284736256,Closed,Open
1267,42.23608648413733,92.43602304799518,Closed,Open
1268,42.269421990438936,94.16600550703882,Closed,Open
1269,42.30275749674055,95.58076953799838,Closed,Open
1270,42.33609300304215,94.19320429038376,Closed,Open
1271,42.36942850934376,96.02906723548205,Closed,Open
1272,42.40276401564537,93.67287717565102,Closed,Open
1273,42.43609952194698,97.18832807657031,Closed,Open
1274,42.46943502824858,95.4567612015443,Closed,Open
1275,42.502770534550194,97.20348150753486,Closed,Open
1276,42.5361060408518,97.00185304422364,Closed,Open
1277,42.56944154715341,98.24243427135345,Closed,Open
1278,42.60277705345502,97.68814197137206,Closed,Open
1279,42.636112559756626,99.25644005338626,Closed,Open
1280,42.66944806605824,99.16671302705582,Closed,Open
1281,42.70278357235984,100.0319144312736,Closed,Open
1282,42.73611907866145,101.59871164316272,Closed,Open
1283,42.76945458496306,103.8491457156325,Closed,Open
1284,42.80279009126467,101.66779495943862,Closed,Open
1285,42.83612559756627,102.88584980591692,Closed,Open
1286,42.86946110386789,99.2170069231509,Closed,Open
1287,42.90279661016949,98.38004951409404,Closed,Open
1288,42.9361321164711,98.78100131027183,Closed,Open
1289,42.969467622772704,96.91892308976657,Closed,Open
1290,43.00280312907432,99.64500081287984,Closed,Open
1291,43.03613863537592,100.03235223561512,Closed,Open
1292,43.06947414167753,96.29544331914096,Closed,Open
1293,43.102809647979136,97.84417244227626,Closed,Open
1294,43.13614515428075,96.39122520981267,Closed,Open
1295,43.16948066058235,96.86152701349198,Closed,Open
1296,43.20281616688396,101.92371970116258,Closed,Open
1297,43.23615167318557,102.00718141882928,Closed,Open
1298,43.26948717948718,102.27976301107309,Closed,Open
1299,43.30282268578878,99.1033024869196,Closed,Open
1300,43.336158192090394,103.67194084306378,Closed,Open
1301,43.369493698392,101.28805407361914,Closed,Open
1302,43.40282920469361,95.71904022939538,Closed,Open
1303,43.436164710995214,99.31991179094918,Closed,Open
1304,43.469500217296826,99.46608867356792,Closed,Open
1305,43.50283572359844,100.13119622183594,Closed,Open
1306,43.53617122990004,101.42491384540492,Closed,Open
1307,43.56950673620165,99.9680487696037,Closed,Open
1308,43.60284224250326,99.59811376160816,Closed,Open
1309,43.63617774880487,99.29525529578792,Closed,Open
1310,43.66951325510647,100.01151066336011,Closed,Open
1311,43.70284876140808,98.00117550557128,Closed,Open
1312,43.73618426770969,98.4157327865408,Closed,Open
1313,43.7695197740113,98.58847827158138,Closed,Open
1314,43.802855280312905,99.71651395353156,Closed,Open
1315,43.83619078661451,96.95874297151452,Closed,Open
1316,43.86952629291612,98.54695802247262,Closed,Open
1317,43.90286179921773,95.538199711097,Closed,Open
1318,43.936197305519336,96.23771726928206,Closed,Open
1319,43.96953281182095,97.13841127799036,Closed,Open
1320,44.00286831812255,97.65670610005915,Closed,Open
1321,44.03620382442416,97.70774533321688,Closed,Open
1322,44.06953933072577,97.0980859196978,Closed,Open
1323,44.10287483702738,98.40373001530358,Closed,Open
1324,44.13621034332898,99.43678953795234,Closed,Open
1325,44.169545849630595,94.39600552409496,Closed,Open
1326,44.2028813559322,91.06665513801164,Closed,Open
1327,44.23621686223381,98.875879492924,Closed,Open
1328,44.269552368535415,92.13294056593612,Closed,Open
1329,44.302887874837026,89.20993095172003,Closed,Open
1330,44.33622338113863,90.20703761265044,Closed,Open
1331,44.36955888744024,87.21416626834709,Closed,Open
1332,44.402894393741846,87.25511801870054,Closed,Open
1333,44.43622990004346,80.87572671684677,Closed,Open
1334,44.46956540634507,78.84100094234293,Closed,Closed
1335,44.50290091264667,84.99438171005627,Closed,Open
1336,44.536236418948285,85.79130691787904,Closed,Open
1337,44.56957192524989,87.02925470540585,Closed,Open
1338,44.6029074315515,86.86531962019751,Closed,Open
1339,44.636242937853105,81.79519817796987,Closed,Open
1340,44.66957844415472,79.0716070394122,Closed,Closed
1341,44.70291395045632,79.85913736277918,Closed,Closed
1342,44.73624945675793,76.17949654791072,Closed,Closed
1343,44.769584963059536,83.42195453803527,Closed,Open
1344,44.80292046936115,79.23328315897322,Closed,Closed
1345,44.83625597566275,78.00024516692476,Closed,Closed
1346,44.86959148196436,79.01259805146104,Closed,Closed
1347,44.90292698826597,81.09550562624649,Closed,Open
1348,44.93626249456758,79.66356760992777,Closed,Closed
1349,44.96959800086918,86.2906285121015,Closed,Open
1350,45.002933507170795,84.33092687091374,Closed,Open
1351,45.0362690134724,85.77282326207352,Closed,Open
1352,45.06960451977401,90.90051413541984,Closed,Open
1353,45.102940026075615,100.7564957059482,Closed,Open
1354,45.136275532377226,101.5144913550598,Closed,Open
1355,45.16961103867883,96.82484194271107,Closed,Open
1356,45.20294654498044,100.0655931230876,Closed,Open
1357,45.236282051282046,105.16978660839244,Closed,Open
1358,45.26961755758366,98.6027905167976,Closed,Open
1359,45.30295306388526,105.67893094817065,Closed,Open
1360,45.33628857018687,97.04828913718777,Closed,Open
1361,45.369624076488485,98.60491969657276,Closed,Open
1362,45.40295958279009,101.50264227041036,Closed,Open
1363,45.4362950890917,99.53149957371194,Closed,Open
1364,45.469630595393305,94.86458155019425,Closed,Open
1365,45.50296610169491,96.65614593189798,Closed,Open
1366,45.53630160799652,98.14480119677646,Closed,Open
1367,45.56963711429813,102.10023234910756,Closed,Open
1368,45.602972620599736,103.59614265739694,Closed,Open
1369,45.63630812690135,103.04290171792267,Closed,Open
1370,45.66964363320295,102.39449070155626,Closed,Open
1371,45.70297913950456,102.83958173940944,Closed,Open
1372,45.73631464580617,100.20752135951489,Closed,Open
1373,45.76965015210778,103.30844414764812,Closed,Open
1374,45.80298565840938,101.25913770763378,Closed,Open
1375,45.836321164710995,101.21451182292051,Closed,Open
1376,45.8696566710126,97.63225018905992,Closed,Open
1377,45.90299217731421,89.39671411183127,Closed,Open
1378,45.936327683615815,94.65606126281448,Closed,Open
1379,45.969663189917426,91.63004548199314,Closed,Open
1380,46.00299869621903,96.05621867441052,Closed,Open
1381,46.03633420252064,97.157421253091,Closed,Open
1382,46.069669708822246,91.63478392120707,Closed,Open
1383,46.10300521512386,93.02003066321129,Closed,Open
1384,46.13634072142546,93.44793028482572,Closed,Open
1385,46.169676227727074,86.98177831042725,Closed,Open
1386,46.20301173402868,90.46945281135363,Closed,Open
1387,46.23634724033029,81.98793157364952,Closed,Open
1388,46.2696827466319,91.86078732820424,Closed,Open
1389,46.303018252933505,95.35542400229888,Closed,Open
1390,46.33635375923512,100.7198495547857,Closed,Open
1391,46.36968926553672,89.06658613235994,Closed,Open
1392,46.40302477183833,89.05146884025888,Closed,Open
1393,46.43636027813994,88.21029756391422,Closed,Open
1394,46.46969578444155,98.16721953145506,Closed,Open
1395,46.50303129074315,101.2964215118777,Closed,Open
1396,46.53636679704477,103.6539698380732,Closed,Open
1397,46.56970230334637,103.04718347485104,Closed,Open
1398,46.60303780964798,97.41904865441394,Closed,Open
1399,46.636373315949584,100.94301570192296,Closed,Open
1400,46.669708822251195,100.0649248423636,Closed,Open
1401,46.7030443285528,97.55658118782094,Closed,Open
1402,46.73637983485441,94.7556928121772,Closed,Open
1403,46.769715341156015,94.04084799807458,Closed,Open
1404,46.80305084745763,90.53337139371072,Closed,Open
1405,46.83638635375923,95.24709423855909,Closed,Open
1406,46.86972186006084,92.07492172437443,Closed,Open
1407,46.90305736636245,85.81148226977749,Closed,Open
1408,46.93639287266406,90.1343990096325,Closed,Open
1409,46.96972837896566,87.9479668418964,Closed,Open
1410,47.003063885267274,92.64057401036766,Closed,Open
1411,47.03639939156888,86.09944180525255,Closed,Open
1412,47.06973489787049,82.95276209436668,Closed,Open
1413,47.103070404172094,88.87310501724586,Closed,Open
1414,47.136405910473705,88.56179591748507,Closed,Open
1415,47.16974141677532,85.99005589637646,Closed,Open
1416,47.20307692307692,86.92525831699066,Closed,Open
1417,47.23641242937853,90.7636583756605,Closed,Open
1418,47.26974793568014,93.7681051171042,Closed,Open
1419,47.30308344198175,94.23213921133976,Closed,Open
1420,47.33641894828335,98.72079863041182,Closed,Open
1421,47.36975445458496,92.44440474956622,Closed,Open
1422,47.40308996088657,97.4563203861302,Closed,Open
1423,47.43642546718818,97.29624225722723,Closed,Open
1424,47.469760973489784,99.54727553206232,Closed,Open
1425,47.503096479791395,97.26960534618117,Closed,Open
1426,47.536431986093,91.36742978856128,Closed,Open
1427,47.56976749239461,93.85592383633823,Closed,Open
1428,47.603102998696215,88.89131809957058,Closed,Open
1429,47.63643850499783,78.50458530315748,Closed,Closed
1430,47.66977401129943,93.00127560162804,Closed,Open
1431,47.70310951760104,85.21454698989638,Closed,Open
1432,47.73644502390265,87.93251023378977,Closed,Open
1433,47.76978053020426,90.9236121244548,Closed,Open
1434,47.80311603650586,89.19157630093531,Closed,Open
1435,47.836451542807474,91.52187163108478,Closed,Open
1436,47.86978704910908,93.49416179117271,Closed,Open
1437,47.90312255541069,96.5160013436017,Closed,Open
1438,47.936458061712294,98.20174025335106,Closed,Open
1439,47.969793568013905,96.73990413079808,Closed,Open
1440,48.00312907431551,93.21914789636251,Closed,Open
1441,48.03646458061712,95.94822448579944,Closed,Open
1442,48.06980008691873,96.71035051627746,Closed,Open
1443,48.10313559322034,96.0980115381946,Closed,Open
1444,48.13647109952195,97.51781462337766,Closed,Open
1445,48.16980660582355,96.97293519266404,Closed,Open
1446,48.20314211212517,96.12112849458084,Closed,Open
1447,48.23647761842677,95.72552792780502,Closed,Open
1448,48.26981312472838,95.47308102176196,Closed,Open
1449,48.303148631029984,95.21435882847464,Closed,Open
1450,48.336484137331595,97.82427119779342,Closed,Open
1451,48.3698196436332,96.21009600793168,Closed,Open
1452,48.40315514993481,96.9074305015984,Closed,Open
1453,48.436490656236415,98.50817101191647,Closed,Open
1454,48.46982616253803,96.59669412328836,Closed,Open
1455,48.50316166883963,99.69532589545898,Closed,Open
1456,48.53649717514124,98.98146043537383,Closed,Open
1457,48.56983268144285,94.94738313838263,Closed,Open
1458,48.60316818774446,99.42708869165028,Closed,Open
1459,48.63650369404606,97.77447926115222,Closed,Open
1460,48.669839200347674,95.72745918204402,Closed,Open
1461,48.70317470664928,98.6206970851074,Closed,Open
1462,48.73651021295089,98.57837115648854,Closed,Open
1463,48.769845719252494,100.95181457009944,Closed,Open
1464,48.803181225554106,97.06926717721714,Closed,Open
1465,48.83651673185571,100.00979955903568,Closed,Open
1466,48.86985223815732,101.61648301152826,Closed,Open
1467,48.903187744458926,103.19068270458357,Closed,Open
1468,48.93652325076054,97.36938408424776,Closed,Open
1469,48.96985875706215,96.35660734898612,Closed,Open
1470,49.00319426336375,96.04111485628012,Closed,Open
1471,49.03652976966536,96.63118711991928,Closed,Open
1472,49.06986527596697,98.424447168859,Closed,Open
1473,49.10320078226858,94.71646051996412,Closed,Open
1474,49.136536288570184,96.97796441628212,Closed,Open
1475,49.16987179487179,97.35944735941018,Closed,Open
1476,49.2032073011734,96.59517777086572,Closed,Open
1477,49.23654280747501,98.35629451495996,Closed,Open
1478,49.269878313776616,99.2655791251431,Closed,Open
1479,49.30321382007823,99.08946412578292,Closed,Open
1480,49.33654932637983,98.27051212944676,Closed,Open
1481,49.36988483268144,96.10848569371842,Closed,Open
1482,49.40322033898305,101.29203896440566,Closed,Open
1483,49.43655584528466,102.6917272928048,Closed,Open
1484,49.46989135158626,99.40408131082968,Closed,Open
1485,49.503226857887874,96.90812263485948,Closed,Open
1486,49.53656236418948,97.08960232139538,Closed,Open
1487,49.56989787049109,95.87450407793538,Closed,Open
1488,49.603233376792694,94.78049349422784,Closed,Open
1489,49.636568883094306,89.35657931768304,Closed,Open
1490,49.66990438939591,97.43306096967667,Closed,Open
1491,49.70323989569752,101.78586567159942,Closed,Open
1492,49.736575401999126,99.2649141707508,Closed,Open
1493,49.76991090830074,100.40009959911004,Closed,Open
1494,49.80324641460234,99.44667533262106,Closed,Open
1495,49.83658192090395,98.71720358717324,Closed,Open
1496,49.86991742720557,89.63023757655455,Closed,Open
1497,49.90325293350717,92.0934647506232,Closed,Open
1498,49.93658843980878,88.39570241169866,Closed,Open
1499,49.969923946110384,100.72288422369677,Closed,Open
1500,50.003259452412,100.64518407978636,Closed,Open
1501,50.0365949587136,99.6395501658593,Closed,Open
1502,50.06993046501521,99.92170044087293,Closed,Open
1503,50.103265971316816,100.9854689642475,Closed,Open
1504,50.13660147761843,99.45647392809482,Closed,Open
1505,50.16993698392003,97.66304244981094,Closed,Open
1506,50.20327249022164,98.84043215106036,Closed,Open
1507,50.23660799652325,99.88087278252527,Closed,Open
1508,50.26994350282486,98.89456409014252,Closed,Open
1509,50.30327900912646,99.6854414102161,Closed,Open
1510,50.336614515428074,102.57768538020431,Closed,Open
1511,50.36995002172968,93.0959970113395,Closed,Open
1512,50.40328552803129,98.61727137686594,Closed,Open
1513,50.436621034332894,87.47148450826434,Closed,Open
1514,50.469956540634506,101.6320825804216,Closed,Open
1515,50.50329204693611,101.66595222000616,Closed,Open
1516,50.53662755323772,90.78586774531472,Closed,Open
1517,50.569963059539326,99.67100640933928,Closed,Open
1518,50.60329856584094,96.61423039971862,Closed,Open
1519,50.63663407214254,94.81793975185089,Closed,Open
1520,50.66996957844415,98.14964814388613,Closed,Open
1521,50.70330508474576,100.53600090685,Closed,Open
1522,50.73664059104737,89.7513191582963,Closed,Open
1523,50.76997609734898,96.03901129789504,Closed,Open
1524,50.803311603650585,101.14011488959042,Closed,Open
1525,50.83664710995219,98.87695775751828,Closed,Open
1526,50.8699826162538,99.5492582484312,Closed,Open
1527,50.90331812255541,99.83630108254904,Closed,Open
1528,50.936653628857016,95.15149807096714,Closed,Open
1529,50.96998913515863,99.24428900898052,Closed,Open
1530,51.00332464146023,92.26996160692552,Closed,Open
1531,51.03666014776184,92.72938707138375,Closed,Open
1532,51.06999565406345,92.5831326562433,Closed,Open
1533,51.10333116036506,89.51078597832765,Closed,Open
