frame,timestamp,anchor_to_top_lip_top,lips_label,teeth_label
0,0.0,66.48555354247947,Closed,Open
1,0.0333355063016079,68.78850429981998,Closed,Open
2,0.0666710126032159,74.77874338963875,Closed,Open
3,0.1000065189048239,75.27738741963248,Closed,Open
4,0.1333420252064319,75.31070236309003,Closed,Open
5,0.16667753150804,73.56884371844528,Closed,Open
6,0.2000130378096479,76.59174463773832,Closed,Open
7,0.2333485441112559,77.93301352806222,Closed,Open
8,0.2666840504128639,75.3895265722353,Closed,Open
9,0.3000195567144719,75.53644546767852,Closed,Open
10,0.33335506301608,75.76170292900699,Closed,Open
11,0.3666905693176879,75.18802248385632,Closed,Open
12,0.4000260756192959,76.60201948027863,Closed,Open
13,0.4333615819209039,74.5034608498888,Closed,Open
14,0.4666970882225119,75.210896748523,Closed,Open
15,0.50003259452412,73.91015291668744,Closed,Open
16,0.5333681008257279,77.26101832696372,Closed,Open
17,0.5667036071273359,76.50009071456336,Closed,Open
18,0.6000391134289439,74.64926058681394,Closed,Open
19,0.6333746197305519,75.36080936309824,Closed,Open
20,0.66671012603216,77.71783897002892,Closed,Open
21,0.7000456323337679,76.3423931132268,Closed,Open
22,0.7333811386353759,80.4037054268209,Closed,Open
23,0.7667166449369839,74.83689520659065,Closed,Open
24,0.8000521512385919,74.35901951386339,Closed,Open
25,0.8333876575401998,74.07003200941163,Closed,Open
26,0.8667231638418079,76.32505032114372,Closed,Open
27,0.9000586701434159,73.86026817754633,Closed,Open
28,0.933394176445024,75.2620948866286,Closed,Open
29,0.9667296827466318,77.76345460723974,Closed,Open
30,1.00006518904824,81.38687453614679,Closed,Open
31,1.0334006953498478,83.20904146137373,Closed,Open
32,1.066736201651456,88.84150045193198,Open,Open
33,1.1000717079530635,91.18076271275802,Open,Open
34,1.1334072142546718,98.0058813746596,Open,Open
35,1.16674272055628,86.47935565205788,Closed,Open
36,1.2000782268578878,102.40366256674469,Open,Open
37,1.233413733159496,80.11018332946699,Closed,Open
38,1.2667492394611035,82.67334928409193,Closed,Open
39,1.3000847457627118,90.91761245701272,Open,Open
40,1.33342025206432,86.53658627846661,Closed,Open
41,1.3667557583659278,82.76435152344156,Closed,Open
42,1.400091264667536,87.70491239515044,Closed,Open
43,1.4334267709691435,81.09555598095722,Closed,Open
44,1.4667622772707518,79.4610658415766,Closed,Open
45,1.5000977835723597,74.30922674437836,Closed,Open
46,1.5334332898739678,68.2092147545295,Closed,Open
47,1.566768796175576,79.68430981597403,Closed,Open
48,1.6001043024771835,71.02575575915485,Closed,Open
49,1.6334398087787918,80.17277606371556,Closed,Open
50,1.6667753150803997,72.54010658258561,Closed,Open
51,1.7001108213820078,82.92198343427174,Closed,Open
52,1.7334463276836158,83.49550691950895,Closed,Open
53,1.7667818339852237,77.13156531383117,Closed,Open
54,1.8001173402868318,68.06773378209108,Closed,Open
55,1.8334528465884397,71.96119891943962,Closed,Open
56,1.8667883528900475,74.54994572502804,Closed,Open
57,1.900123859191656,65.11835386002059,Closed,Closed
58,1.9334593654932637,71.60708591896649,Closed,Open
59,1.966794871794872,70.06626510329522,Closed,Open
60,2.00013037809648,71.07581522181219,Closed,Open
61,2.0334658843980877,64.00790695485324,Closed,Closed
62,2.0668013906996956,70.22691391351223,Closed,Open
63,2.100136897001304,68.09863170293622,Closed,Open
64,2.133472403302912,72.82509664727192,Closed,Open
65,2.1668079096045196,71.6093676928963,Closed,Open
66,2.2001434159061275,73.40987101397174,Closed,Open
67,2.233478922207736,68.16455867324366,Closed,Open
68,2.2668144285093437,70.34866403395782,Closed,Open
69,2.3001499348109515,69.83593709680976,Closed,Open
70,2.33348544111256,73.76574100043403,Closed,Open
71,2.3668209474141677,69.79735259858728,Closed,Open
72,2.4001564537157756,64.20567772497537,Closed,Closed
73,2.433491960017383,61.964325473385955,Closed,Closed
74,2.4668274663189917,71.4030309352228,Closed,Open
75,2.5001629726205996,61.50232560413047,Closed,Closed
76,2.5334984789222075,65.52081250712602,Closed,Closed
77,2.566833985223816,58.67336432741624,Closed,Closed
78,2.6001694915254236,72.58072984897376,Closed,Open
79,2.6335049978270315,66.74032666610499,Closed,Open
80,2.66684050412864,65.33439966025618,Closed,Closed
81,2.7001760104302477,71.49862056314691,Closed,Open
82,2.7335115167318556,73.89775815254416,Closed,Open
83,2.7668470230334634,72.35336528488197,Closed,Open
84,2.8001825293350717,70.5856671407725,Closed,Open
85,2.8335180356366796,73.51820178320651,Closed,Open
86,2.8668535419382875,76.42174869548195,Closed,Open
87,2.900189048239896,72.61637484718594,Closed,Open
88,2.9335245545415036,74.924519623992,Closed,Open
89,2.9668600608431115,72.62373353441684,Closed,Open
90,3.0001955671447194,68.90416121174214,Closed,Open
91,3.0335310734463277,68.8089018526248,Closed,Open
92,3.0668665797479355,66.02906440549754,Closed,Open
93,3.1002020860495434,67.57117073574895,Closed,Open
94,3.1335375923511517,71.92581677682136,Closed,Open
95,3.1668730986527596,68.4353444819357,Closed,Open
96,3.200208604954367,75.44045827487734,Closed,Open
97,3.2335441112559757,74.54465202795444,Closed,Open
98,3.2668796175575836,69.9739432544275,Closed,Open
99,3.3002151238591915,66.90453975855061,Closed,Open
100,3.3335506301607993,65.60683927705449,Closed,Closed
101,3.3668861364624076,69.6618083521241,Closed,Open
102,3.4002216427640155,68.09735192707655,Closed,Open
103,3.4335571490656234,64.75053733338501,Closed,Closed
104,3.4668926553672317,67.5499838721031,Closed,Open
105,3.5002281616688395,68.08355179574332,Closed,Open
106,3.5335636679704474,70.78355341140922,Closed,Open
107,3.5668991742720553,68.0365564961883,Closed,Open
108,3.6002346805736636,68.00517376347518,Closed,Open
109,3.633570186875271,68.85405981715266,Closed,Open
110,3.6669056931768793,68.3806886247508,Closed,Open
111,3.700241199478488,69.5818114780369,Closed,Open
112,3.733576705780095,63.63586696926046,Closed,Closed
113,3.7669122120817033,66.5413210061676,Closed,Open
114,3.800247718383312,66.67312689708083,Closed,Open
115,3.833583224684919,68.16091424835315,Closed,Open
116,3.8669187309865274,64.28473335676391,Closed,Closed
117,3.9002542372881353,67.14828356549236,Closed,Open
118,3.933589743589744,70.68519427054807,Closed,Open
119,3.966925249891351,67.97968371348563,Closed,Open
120,4.00026075619296,73.42753110273199,Closed,Open
121,4.033596262494568,66.04192163032658,Closed,Open
122,4.0669317687961755,64.93727307344756,Closed,Closed
123,4.100267275097783,71.9765078579922,Closed,Open
124,4.133602781399391,70.28679824864267,Closed,Open
125,4.166938287700999,71.23050868377811,Closed,Open
126,4.200273794002608,70.6110489864613,Closed,Open
127,4.233609300304216,76.117013930228,Closed,Open
128,4.2669448066058235,68.93227379264647,Closed,Open
129,4.300280312907431,64.8649232906493,Closed,Closed
130,4.333615819209039,70.12079099301525,Closed,Open
131,4.366951325510647,71.6093676928963,Closed,Open
132,4.400286831812255,74.47798821593275,Closed,Open
133,4.433622338113864,72.3984590488628,Closed,Open
134,4.466957844415472,72.24262407091942,Closed,Open
135,4.5002933507170795,76.41518779531816,Closed,Open
136,4.533628857018687,75.89414330599728,Closed,Open
137,4.566964363320295,76.4552025184515,Closed,Open
138,4.600299869621903,74.63985483272737,Closed,Open
139,4.633635375923511,66.42480411128199,Closed,Open
140,4.66697088222512,74.69237269713923,Closed,Open
141,4.700306388526728,73.06231978085628,Closed,Open
142,4.733641894828335,72.18123158044463,Closed,Open
143,4.766977401129943,73.43917665542801,Closed,Open
144,4.800312907431551,74.13838751790614,Closed,Open
145,4.833648413733159,72.1641314108636,Closed,Open
146,4.866983920034767,71.53581429442863,Closed,Open
147,4.900319426336376,69.13693269151193,Closed,Open
148,4.9336549326379835,67.55988489699001,Closed,Open
149,4.966990438939591,63.373748496754054,Closed,Closed
150,5.000325945241199,67.1218946125714,Closed,Open
151,5.033661451542807,67.06669297777425,Closed,Open
152,5.066996957844415,73.92728981672117,Closed,Open
153,5.100332464146024,66.621127925276,Closed,Open
154,5.133667970447632,73.8673309069087,Closed,Open
155,5.167003476749239,73.31346648925106,Closed,Open
156,5.200338983050847,67.73779142154113,Closed,Open
157,5.233674489352455,70.30824987154779,Closed,Open
158,5.267009995654063,61.13209585387699,Closed,Closed
159,5.300345501955671,70.78703373506168,Closed,Open
160,5.33368100825728,65.49150511503241,Closed,Closed
161,5.3670165145588875,67.18299998500648,Closed,Open
162,5.400352020860495,69.91122561461876,Closed,Open
163,5.433687527162103,69.92963320060016,Closed,Open
164,5.467023033463711,61.18054907204398,Closed,Closed
165,5.500358539765319,69.82411985873998,Closed,Open
166,5.533694046066927,69.5747256836525,Closed,Open
167,5.567029552368536,64.40413221926573,Closed,Closed
168,5.6003650586701434,67.88932135475503,Closed,Open
169,5.633700564971751,66.28203653144902,Closed,Open
170,5.667036071273359,72.04493207830171,Closed,Open
171,5.700371577574967,70.85766656747089,Closed,Open
172,5.733707083876575,68.12235478240986,Closed,Open
173,5.767042590178183,69.46833047148704,Closed,Open
174,5.8003780964797915,72.32304419447436,Closed,Open
175,5.833713602781399,71.23484928985552,Closed,Open
176,5.867049109083007,73.81525103951114,Closed,Open
177,5.900384615384615,69.86937555368283,Closed,Open
178,5.933720121686223,68.68526923761063,Closed,Open
179,5.967055627987831,73.59446743138113,Closed,Open
180,6.000391134289439,77.618344113359,Closed,Open
181,6.0337266405910475,64.70248437620924,Closed,Closed
182,6.067062146892655,65.6544917265577,Closed,Closed
183,6.100397653194263,65.73960057649255,Closed,Closed
184,6.133733159495871,68.33987152938764,Closed,Open
185,6.167068665797479,67.42844531845503,Closed,Open
186,6.200404172099087,63.51150425773311,Closed,Closed
187,6.2337396784006955,67.85831113698279,Closed,Open
188,6.267075184702303,67.79111214647334,Closed,Open
189,6.300410691003911,67.65154388960522,Closed,Open
190,6.333746197305519,69.96093463834026,Closed,Open
191,6.367081703607127,67.13445481718716,Closed,Open
192,6.400417209908735,74.04407865325337,Closed,Open
193,6.433752716210343,73.09792036948988,Closed,Open
194,6.4670882225119515,71.75582995743018,Closed,Open
195,6.500423728813559,71.1708241328376,Closed,Open
196,6.533759235115167,75.36821968990387,Closed,Open
197,6.567094741416775,70.99708038881218,Closed,Open
198,6.600430247718383,69.40642533749653,Closed,Open
199,6.633765754019991,68.87920550229383,Closed,Open
200,6.667101260321599,70.67914817739435,Closed,Open
201,6.700436766623207,71.63700305227178,Closed,Open
202,6.733772272924815,71.5155144152034,Closed,Open
203,6.767107779226423,73.09530382408832,Closed,Open
204,6.800443285528031,66.29325082092473,Closed,Open
205,6.833778791829639,64.88525911198224,Closed,Closed
206,6.867114298131247,68.16177285304894,Closed,Open
207,6.900449804432855,69.43517209703819,Closed,Open
208,6.933785310734463,68.63004630724322,Closed,Open
209,6.967120817036071,73.87711690633802,Closed,Open
210,7.000456323337679,70.08406219755514,Closed,Open
211,7.033791829639287,73.39772682629862,Closed,Open
212,7.067127335940895,70.8266072157978,Closed,Open
213,7.100462842242503,70.09448671648379,Closed,Open
214,7.1337983485441105,63.432266979719245,Closed,Closed
215,7.167133854845719,64.04249228225797,Closed,Closed
216,7.200469361147327,72.68770612382136,Closed,Open
217,7.233804867448935,73.03904544272635,Closed,Open
218,7.267140373750543,67.44971687905311,Closed,Open
219,7.300475880052151,70.47190354084415,Closed,Open
220,7.333811386353759,71.96899693610867,Closed,Open
221,7.367146892655367,71.424270525998,Closed,Open
222,7.400482398956975,67.09284605017066,Closed,Open
223,7.433817905258583,67.99873393030737,Closed,Open
224,7.467153411560191,68.91707158836927,Closed,Open
225,7.500488917861799,66.6533534377487,Closed,Open
226,7.533824424163407,71.7127692526862,Closed,Open
227,7.567159930465015,77.6699145192635,Closed,Open
228,7.600495436766623,72.44544730074401,Closed,Open
229,7.633830943068231,75.53847348223943,Closed,Open
230,7.667166449369839,73.24087279500456,Closed,Open
231,7.700501955671447,70.00255753517845,Closed,Open
232,7.733837461973055,75.05790007648294,Closed,Open
233,7.767172968274663,74.72222241484327,Closed,Open
234,7.8005084745762705,73.58311488139691,Closed,Open
235,7.833843980877879,72.66628198023852,Closed,Open
236,7.867179487179487,73.09567260413374,Closed,Open
237,7.900514993481095,75.23173185981577,Closed,Open
238,7.933850499782703,73.81218407643038,Closed,Open
239,7.967186006084311,72.17424767364723,Closed,Open
240,8.00052151238592,72.29652071977597,Closed,Open
241,8.033857018687527,74.56855030890472,Closed,Open
242,8.067192524989135,73.26117683054404,Closed,Open
243,8.100528031290743,72.15606676700929,Closed,Open
244,8.133863537592351,69.26060824674175,Closed,Open
245,8.167199043893959,71.03762792756235,Closed,Open
246,8.200534550195567,66.9840332048596,Closed,Open
247,8.233870056497175,71.36675965637741,Closed,Open
248,8.267205562798782,71.73823496875221,Closed,Open
249,8.30054106910039,74.55592222889712,Closed,Open
250,8.333876575401998,71.99521026293871,Closed,Open
251,8.367212081703606,77.02016449887265,Closed,Open
252,8.400547588005216,75.46346517745307,Closed,Open
253,8.433883094306823,74.1602114510029,Closed,Open
254,8.467218600608431,73.76888862123215,Closed,Open
255,8.50055410691004,76.25579730749072,Closed,Open
256,8.533889613211647,77.69657406495351,Closed,Open
257,8.567225119513255,70.18005364850168,Closed,Open
258,8.600560625814863,71.98749394528963,Closed,Open
259,8.63389613211647,72.95606677130479,Closed,Open
260,8.667231638418079,73.57320059875687,Closed,Open
261,8.700567144719686,72.06651450633053,Closed,Open
262,8.733902651021294,71.30605906111525,Closed,Open
263,8.767238157322902,70.14879876221329,Closed,Open
264,8.80057366362451,67.02314879445603,Closed,Open
265,8.833909169926118,70.0581883180134,Closed,Open
266,8.867244676227727,67.28610932906373,Closed,Open
267,8.900580182529335,69.41973341774919,Closed,Open
268,8.933915688830943,77.68482934763719,Closed,Open
269,8.967251195132551,76.68226580735553,Closed,Open
270,9.000586701434159,75.28256290493603,Closed,Open
271,9.033922207735769,72.20949070831506,Closed,Open
272,9.067257714037376,71.48291780439794,Closed,Open
273,9.100593220338984,76.95088919717254,Closed,Open
274,9.13392872664059,74.37162255568776,Closed,Open
275,9.167264232942198,71.97947713346235,Closed,Open
276,9.200599739243806,69.0805564601586,Closed,Open
277,9.233935245545414,76.08835697213223,Closed,Open
278,9.267270751847022,76.84180547362637,Closed,Open
279,9.300606258148632,77.09616064484602,Closed,Open
280,9.33394176445024,76.47057550292607,Closed,Open
281,9.367277270751847,76.6055624688355,Closed,Open
282,9.400612777053457,74.30712957015005,Closed,Open
283,9.433948283355065,77.56324460175476,Closed,Open
284,9.46728378965667,73.789547351691,Closed,Open
285,9.50061929595828,69.73096679111178,Closed,Open
286,9.533954802259888,66.8736172763383,Closed,Open
287,9.567290308561494,67.99050955170799,Closed,Open
288,9.600625814863102,68.49286118314018,Closed,Open
289,9.63396132116471,73.24616546375867,Closed,Open
290,9.667296827466318,75.45978769773302,Closed,Open
291,9.700632333767926,78.50285022106513,Closed,Open
292,9.733967840069534,79.06622432636519,Closed,Open
293,9.767303346371143,75.56390600026896,Closed,Open
294,9.800638852672751,77.14331366225733,Closed,Open
295,9.83397435897436,75.34611564381265,Closed,Open
296,9.867309865275969,75.23473795226771,Closed,Open
297,9.900645371577577,76.08835697213223,Closed,Open
298,9.933980877879184,76.48929006587818,Closed,Open
299,9.96731638418079,74.5707002155841,Closed,Open
300,10.000651890482398,74.85626465378687,Closed,Open
301,10.033987396784006,78.73534186398687,Closed,Open
302,10.067322903085614,75.61821107832415,Closed,Open
303,10.100658409387222,72.73431243164646,Closed,Open
304,10.13399391568883,73.34113435783942,Closed,Open
305,10.167329421990438,73.93638638431267,Closed,Open
306,10.200664928292047,69.56148074239954,Closed,Open
307,10.234000434593655,66.33932831096762,Closed,Open
308,10.267335940895263,67.6555501589661,Closed,Open
309,10.300671447196873,72.35285435197835,Closed,Open
310,10.33400695349848,73.9610119542829,Closed,Open
311,10.367342459800089,78.05616103151988,Closed,Open
312,10.400677966101696,77.59015958735344,Closed,Open
313,10.434013472403302,78.06359951349323,Closed,Open
314,10.46734897870491,77.33549763860707,Closed,Open
315,10.500684485006518,76.26559576440276,Closed,Open
316,10.534019991308126,75.56293365132831,Closed,Open
317,10.567355497609734,73.6867776211211,Closed,Open
318,10.600691003911342,77.03362614163757,Closed,Open
319,10.63402651021295,75.39052453942472,Closed,Open
320,10.66736201651456,76.69232543286594,Closed,Open
321,10.700697522816167,75.03397667219146,Closed,Open
322,10.734033029117777,74.34015546351648,Closed,Open
323,10.767368535419385,71.8706857993242,Closed,Open
324,10.80070404172099,73.98264089996445,Closed,Open
325,10.8340395480226,78.2658892532696,Closed,Open
326,10.867375054324206,73.0000013131355,Closed,Open
327,10.900710560625814,75.30270051481116,Closed,Open
328,10.934046066927422,71.37747848840185,Closed,Open
329,10.96738157322903,67.66968178491626,Closed,Open
330,11.000717079530638,66.57234389558931,Closed,Open
331,11.034052585832246,69.66887258652258,Closed,Open
332,11.067388092133854,72.30959366793194,Closed,Open
333,11.100723598435462,75.66291544201263,Closed,Open
334,11.134059104737071,75.19031836670857,Closed,Open
335,11.16739461103868,76.58639531550398,Closed,Open
336,11.200730117340289,77.06135421394647,Closed,Open
337,11.234065623641897,75.59623333965845,Closed,Open
338,11.267401129943504,77.12390946219446,Closed,Open
339,11.30073663624511,72.69131615337773,Closed,Open
340,11.334072142546718,72.10452671648827,Closed,Open
341,11.367407648848326,72.79629689970639,Closed,Open
342,11.400743155149934,72.83395466503418,Closed,Open
343,11.434078661451542,69.22368853411442,Closed,Open
344,11.46741416775315,70.55006264370697,Closed,Open
345,11.500749674054758,73.96289734823499,Closed,Open
346,11.534085180356366,75.20991370285498,Closed,Open
347,11.567420686657975,72.82086761848142,Closed,Open
348,11.600756192959585,71.99538137798679,Closed,Open
349,11.634091699261193,69.93878953547059,Closed,Open
350,11.6674272055628,64.94865124903748,Closed,Closed
351,11.700762711864408,70.12722217531302,Closed,Open
352,11.734098218166016,71.03894134508627,Closed,Open
353,11.767433724467622,75.7995029103275,Closed,Open
354,11.80076923076923,78.53527230376952,Closed,Open
355,11.834104737070838,77.61387249861673,Closed,Open
356,11.867440243372446,77.34330892232892,Closed,Open
357,11.900775749674054,69.68101754610501,Closed,Open
358,11.934111255975662,69.1466152134791,Closed,Open
359,11.96744676227727,72.33097914743317,Closed,Open
360,12.000782268578876,71.43719016403008,Closed,Open
361,12.034117774880489,74.65267389407282,Closed,Open
362,12.067453281182097,71.75433594071893,Closed,Open
363,12.100788787483705,76.58348147511549,Closed,Open
364,12.13412429378531,76.13675449843916,Closed,Open
365,12.16745980008692,74.5663350826623,Closed,Open
366,12.200795306388526,70.61131257697079,Closed,Open
367,12.234130812690134,63.9728518437679,Closed,Closed
368,12.267466318991742,72.08114374482393,Closed,Open
369,12.30080182529335,65.75857941899487,Closed,Closed
370,12.334137331594958,70.49394688441093,Closed,Open
371,12.367472837896566,73.40756084619761,Closed,Open
372,12.400808344198174,78.57730348078255,Closed,Open
373,12.43414385049978,77.42026296402344,Closed,Open
374,12.467479356801393,77.94433043144397,Closed,Open
375,12.500814863103,76.91102148948013,Closed,Open
376,12.534150369404609,73.0214079270165,Closed,Open
377,12.567485875706216,75.89606507432667,Closed,Open
378,12.600821382007824,74.71311648360627,Closed,Open
379,12.63415688830943,77.84490916591433,Closed,Open
380,12.667492394611038,77.90335134222505,Closed,Open
381,12.700827900912646,77.93596056064251,Closed,Open
382,12.734163407214254,76.4617261262146,Closed,Open
383,12.767498913515862,74.76374885370524,Closed,Open
384,12.80083441981747,74.15072950850104,Closed,Open
385,12.834169926119078,74.31991896176987,Closed,Open
386,12.867505432420684,70.29027758933472,Closed,Open
387,12.900840938722292,67.86328592944241,Closed,Open
388,12.934176445023905,65.32221093370512,Closed,Closed
389,12.96751195132551,74.65986459007091,Closed,Open
390,13.00084745762712,66.64313410463734,Closed,Open
391,13.034182963928728,67.55944786371417,Closed,Open
392,13.067518470230334,67.28930084965576,Closed,Open
393,13.100853976531942,72.00122976962899,Closed,Open
394,13.13418948283355,73.81421382900773,Closed,Open
395,13.167524989135158,76.73629595608122,Closed,Open
396,13.200860495436766,76.51321349087175,Closed,Open
397,13.234196001738374,74.07995125802682,Closed,Open
398,13.267531508039982,77.86648583932907,Closed,Open
399,13.30086701434159,75.98876003621362,Closed,Open
400,13.334202520643196,74.14986346262754,Closed,Open
401,13.367538026944809,73.17731929448476,Closed,Open
402,13.400873533246417,74.12423271458485,Closed,Open
403,13.434209039548024,75.01713145694949,Closed,Open
404,13.46754454584963,74.62941567284278,Closed,Open
405,13.500880052151238,73.42035569842139,Closed,Open
406,13.534215558452846,74.34198086749495,Closed,Open
407,13.567551064754454,74.76911817716626,Closed,Open
408,13.600886571056062,72.4990330669543,Closed,Open
409,13.63422207735767,77.14708386014192,Closed,Open
410,13.667557583659278,77.12278674097415,Closed,Open
411,13.700893089960886,83.80094573766269,Closed,Open
412,13.734228596262492,85.37759065482524,Closed,Open
413,13.7675641025641,78.82885560245643,Closed,Open
414,13.80089960886571,72.8518002231998,Closed,Open
415,13.83423511516732,67.5068168009256,Closed,Open
416,13.867570621468928,65.79292836211606,Closed,Closed
417,13.900906127770536,66.26049124040044,Closed,Open
418,13.934241634072142,70.83969237682206,Closed,Open
419,13.96757714037375,73.36400472277495,Closed,Open
420,14.000912646675358,77.07125814653286,Closed,Open
421,14.034248152976966,75.54578848774796,Closed,Open
422,14.067583659278574,78.38296473460437,Closed,Open
423,14.100919165580182,76.64555821738526,Closed,Open
424,14.13425467188179,75.33232320538866,Closed,Open
425,14.167590178183396,77.94784863420472,Closed,Open
426,14.200925684485004,78.7822141044044,Closed,Open
427,14.234261190786611,75.83337159310278,Closed,Open
428,14.26759669708822,73.16132849416404,Closed,Open
429,14.30093220338983,74.04924955716743,Closed,Open
430,14.33426770969144,72.2841282822937,Closed,Open
431,14.367603215993046,71.47100650541796,Closed,Open
432,14.400938722294654,72.23970340322361,Closed,Open
433,14.434274228596262,70.82950713726174,Closed,Open
434,14.46760973489787,73.51068224811907,Closed,Open
435,14.500945241199478,70.20327954320975,Closed,Open
436,14.534280747501086,70.60055320007405,Closed,Open
437,14.567616253802694,69.26915756984593,Closed,Open
438,14.600951760104302,67.34941218315987,Closed,Open
439,14.63428726640591,66.75597599554254,Closed,Open
440,14.667622772707515,63.92136057643529,Closed,Closed
441,14.700958279009123,77.27263892385774,Closed,Open
442,14.734293785310737,74.20243690092417,Closed,Open
443,14.767629291612344,73.52723733165595,Closed,Open
444,14.80096479791395,72.2173116260618,Closed,Open
445,14.834300304215558,78.68861206450325,Closed,Open
446,14.867635810517166,76.41336531321855,Closed,Open
447,14.900971316818774,75.77179081583661,Closed,Open
448,14.934306823120382,73.84264755337831,Closed,Open
449,14.96764232942199,73.51757260942092,Closed,Open
450,15.000977835723598,71.18229522140946,Closed,Open
451,15.034313342025206,71.38133110897968,Closed,Open
452,15.067648848326812,73.1361506914863,Closed,Open
453,15.10098435462842,74.52557752408288,Closed,Open
454,15.13431986093003,74.85947675029334,Closed,Open
455,15.167655367231635,74.82524863926076,Closed,Open
456,15.200990873533248,72.87694538072196,Closed,Open
457,15.234326379834854,72.85435127343467,Closed,Open
458,15.267661886136462,73.49108796611154,Closed,Open
459,15.30099739243807,68.83880627808483,Closed,Open
460,15.334332898739678,69.28812737797773,Closed,Open
461,15.367668405041286,69.7774877236613,Closed,Open
462,15.401003911342894,72.51768051231164,Closed,Open
463,15.434339417644502,71.79347203281355,Closed,Open
464,15.46767492394611,72.89887902962523,Closed,Open
465,15.501010430247716,71.05718803334446,Closed,Open
466,15.534345936549323,70.57157054799589,Closed,Open
467,15.567681442850931,66.01457922055125,Closed,Open
468,15.60101694915254,74.65008599701704,Closed,Open
469,15.63435245545415,66.10152023123138,Closed,Open
470,15.66768796175576,68.70285125303583,Closed,Open
471,15.701023468057366,70.31374963201486,Closed,Open
472,15.734358974358974,70.07828185119544,Closed,Open
473,15.767694480660582,73.67714246848126,Closed,Open
474,15.80102998696219,76.47252119917945,Closed,Open
475,15.834365493263798,77.76206749955215,Closed,Open
476,15.867700999565406,77.9276672968528,Closed,Open
477,15.901036505867014,75.71980270010877,Closed,Open
478,15.93437201216862,75.95340836434775,Closed,Open
479,15.96770751847023,74.03472381936253,Closed,Open
480,16.00104302477184,74.41942437017977,Closed,Open
481,16.034378531073447,73.98524749139862,Closed,Open
482,16.067714037375055,71.05314090789591,Closed,Open
483,16.101049543676663,70.94845177940644,Closed,Open
484,16.13438504997827,72.57799755203064,Closed,Open
485,16.16772055627988,74.0414396888801,Closed,Open
486,16.201056062581486,72.32536157340654,Closed,Open
487,16.234391568883094,74.15363999748669,Closed,Open
488,16.267727075184702,75.45159433328006,Closed,Open
489,16.30106258148631,73.03547773330126,Closed,Open
490,16.334398087787918,69.53049063252693,Closed,Open
491,16.367733594089525,64.67184845061195,Closed,Closed
492,16.401069100391133,64.39998555526935,Closed,Closed
493,16.43440460669274,66.13703168851009,Closed,Open
494,16.46774011299435,69.79318205152263,Closed,Open
495,16.501075619295957,71.9794554946874,Closed,Open
496,16.534411125597565,76.26739662173927,Closed,Open
497,16.567746631899173,80.31912319257962,Closed,Open
498,16.60108213820078,79.28346544957716,Closed,Open
499,16.63441764450239,80.74342406375014,Closed,Open
500,16.667753150803996,77.7155993375446,Closed,Open
501,16.701088657105604,76.82538783315036,Closed,Open
502,16.734424163407212,77.41912897607983,Closed,Open
503,16.767759669708823,76.41690710294907,Closed,Open
504,16.80109517601043,75.15354220391598,Closed,Open
505,16.83443068231204,74.56792809456323,Closed,Open
506,16.867766188613647,73.83741140577347,Closed,Open
507,16.901101694915255,73.48862071312894,Closed,Open
508,16.934437201216863,73.52130763900719,Closed,Open
509,16.96777270751847,73.36569875149357,Closed,Open
510,17.00110821382008,71.84225363709567,Closed,Open
511,17.034443720121686,72.56587033740189,Closed,Open
512,17.067779226423294,70.96994324399415,Closed,Open
513,17.101114732724902,69.58736110827004,Closed,Open
514,17.13445023902651,70.13327376858275,Closed,Open
515,17.167785745328118,62.36013839700503,Closed,Closed
516,17.201121251629726,68.8809699761877,Closed,Open
517,17.234456757931333,67.43730568373834,Closed,Open
518,17.26779226423294,72.52297596612497,Closed,Open
519,17.30112777053455,76.83303102609378,Closed,Open
520,17.334463276836157,79.19933197550216,Closed,Open
521,17.367798783137765,78.25775728122613,Closed,Open
522,17.401134289439373,80.3334863350487,Closed,Open
523,17.43446979574098,80.50290687848904,Closed,Open
524,17.46780530204259,79.00529898848652,Closed,Open
525,17.501140808344196,78.2873015286541,Closed,Open
526,17.534476314645804,78.37556422755691,Closed,Open
527,17.567811820947412,78.35025469526869,Closed,Open
528,17.60114732724902,76.71373116000507,Closed,Open
529,17.634482833550628,75.03960895724447,Closed,Open
530,17.667818339852236,75.77023841658675,Closed,Open
531,17.701153846153847,72.29783951809979,Closed,Open
532,17.734489352455455,71.6042465793967,Closed,Open
533,17.767824858757063,71.69765401822218,Closed,Open
534,17.80116036505867,70.52802338844556,Closed,Open
535,17.83449587136028,68.30662059801438,Closed,Open
536,17.867831377661886,70.0636244120704,Closed,Open
537,17.901166883963494,67.65936796467568,Closed,Open
538,17.934502390265102,66.81132281897236,Closed,Open
539,17.96783789656671,65.91650226139006,Closed,Closed
540,18.001173402868318,65.51599852758557,Closed,Closed
541,18.03450890916993,66.04404659732687,Closed,Open
542,18.067844415471537,73.59395158243395,Closed,Open
543,18.10117992177314,78.64297764276063,Closed,Open
544,18.13451542807475,82.43771072537132,Closed,Open
545,18.167850934376357,80.74773127325173,Closed,Open
546,18.201186440677965,83.33007424296252,Closed,Open
547,18.234521946979573,78.57562811903449,Closed,Open
548,18.26785745328118,77.60279294116002,Closed,Open
549,18.30119295958279,76.37173502398153,Closed,Open
550,18.334528465884397,76.1855523804554,Closed,Open
551,18.367863972186004,75.77324758371466,Closed,Open
552,18.401199478487612,73.19757014362796,Closed,Open
553,18.43453498478922,74.73977856002723,Closed,Open
554,18.467870491090828,74.92492955535425,Closed,Open
555,18.501205997392436,76.30689645610018,Closed,Open
556,18.534541503694044,73.43257769727178,Closed,Open
557,18.56787700999565,72.61429723191401,Closed,Open
558,18.601212516297263,70.23046849694694,Closed,Open
559,18.63454802259887,71.94672506033308,Closed,Open
560,18.66788352890048,69.08958607295776,Closed,Open
561,18.701219035202087,73.6005540123694,Closed,Open
562,18.734554541503694,69.90535238713281,Closed,Open
563,18.767890047805302,64.7281710001513,Closed,Closed
564,18.80122555410691,64.58119058754436,Closed,Closed
565,18.83456106040852,69.12255967255187,Closed,Open
566,18.86789656671013,74.93889366122222,Closed,Open
567,18.901232073011737,78.8932132219595,Closed,Open
568,18.93456757931334,80.5996852110156,Closed,Open
569,18.96790308561495,81.10130305708014,Closed,Open
570,19.001238591916557,79.90340840883978,Closed,Open
571,19.034574098218165,79.42032116498592,Closed,Open
572,19.067909604519773,76.51703936373956,Closed,Open
573,19.10124511082138,77.3623665925375,Closed,Open
574,19.13458061712299,74.79070464527628,Closed,Open
575,19.167916123424597,75.82140798012236,Closed,Open
576,19.201251629726205,76.05054641013845,Closed,Open
577,19.234587136027812,75.84497966667789,Closed,Open
578,19.26792264232942,72.03861480411021,Closed,Open
579,19.301258148631028,74.3505710324174,Closed,Open
580,19.334593654932636,75.21653585586964,Closed,Open
581,19.367929161234244,71.84967771003036,Closed,Open
582,19.40126466753585,67.7215431372339,Closed,Open
583,19.43460017383746,67.09251936124983,Closed,Open
584,19.467935680139068,74.7106525967668,Closed,Open
585,19.50127118644068,71.1352522846546,Closed,Open
586,19.534606692742287,71.16094191631112,Closed,Open
587,19.567942199043895,73.75096473082294,Closed,Open
588,19.601277705345503,74.81562972116305,Closed,Open
589,19.63461321164711,75.29019704596652,Closed,Open
590,19.66794871794872,73.04694076790418,Closed,Open
591,19.70128422425033,73.60505577211973,Closed,Open
592,19.734619730551938,76.27294195420907,Closed,Open
593,19.767955236853545,76.11597298709894,Closed,Open
594,19.80129074315515,75.45469698522291,Closed,Open
595,19.83462624945676,78.90390634199304,Closed,Open
596,19.867961755758365,74.99795635117627,Closed,Open
597,19.901297262059973,76.25172077391306,Closed,Open
598,19.93463276836158,75.37399304533159,Closed,Open
599,19.96796827466319,72.42904391029975,Closed,Open
600,20.001303780964797,71.74966846462232,Closed,Open
601,20.034639287266405,74.41328379697067,Closed,Open
602,20.067974793568013,76.3087861648324,Closed,Open
603,20.10131029986962,76.08783019370019,Closed,Open
604,20.13464580617123,75.1550031827264,Closed,Open
605,20.167981312472836,75.75079903621943,Closed,Open
606,20.201316818774444,71.98733408008442,Closed,Open
607,20.234652325076052,72.32259050426998,Closed,Open
608,20.26798783137766,73.6679708921527,Closed,Open
609,20.301323337679268,77.26078879030217,Closed,Open
610,20.334658843980876,74.90621453080368,Closed,Open
611,20.367994350282483,76.66203470090676,Closed,Open
612,20.401329856584095,75.92041206238852,Closed,Open
613,20.434665362885703,76.04341487849595,Closed,Open
614,20.46800086918731,77.19397936996492,Closed,Open
615,20.50133637548892,76.94474668589271,Closed,Open
616,20.534671881790526,74.68941924493227,Closed,Open
617,20.568007388092138,76.0322414338234,Closed,Open
618,20.601342894393746,74.12977130569666,Closed,Open
619,20.63467840069535,75.96644968751869,Closed,Open
620,20.66801390699696,78.34215533692498,Closed,Open
621,20.70134941329857,78.81044291820965,Closed,Open
622,20.734684919600173,80.26287584129844,Closed,Open
623,20.76802042590178,79.3916802244999,Closed,Open
624,20.80135593220339,77.8176326759733,Closed,Open
625,20.834691438504997,77.19578561009165,Closed,Open
626,20.868026944806605,79.36246303887647,Closed,Open
627,20.901362451108213,81.40802599813921,Closed,Open
628,20.93469795740982,79.46178782675733,Closed,Open
629,20.96803346371143,80.24967805818136,Closed,Open
630,21.001368970013036,80.66016338487081,Closed,Open
631,21.034704476314644,77.55555788848898,Closed,Open
632,21.068039982616252,76.10215816891292,Closed,Open
633,21.10137548891786,74.64812908934081,Closed,Open
634,21.134710995219468,74.03855411270084,Closed,Open
635,21.168046501521076,74.36832478663642,Closed,Open
636,21.201382007822684,75.14549478067431,Closed,Open
637,21.23471751412429,76.27796949010695,Closed,Open
638,21.2680530204259,76.92516141056339,Closed,Open
639,21.30138852672751,78.95866462057327,Closed,Open
640,21.33472403302912,80.6718325917307,Closed,Open
641,21.368059539330726,81.94365620612817,Closed,Open
642,21.401395045632334,86.41108145303393,Closed,Open
643,21.434730551933946,84.03620171483476,Closed,Open
644,21.46806605823555,86.38385133939269,Closed,Open
645,21.50140156453716,81.09431637801579,Closed,Open
646,21.53473707083877,80.83354810594238,Closed,Open
647,21.568072577140377,75.1472472082825,Closed,Open
648,21.60140808344198,77.14828320203148,Closed,Open
649,21.63474358974359,79.26833207146444,Closed,Open
650,21.668079096045197,75.96008487958969,Closed,Open
651,21.701414602346805,75.32278565676035,Closed,Open
652,21.734750108648413,74.7134345053929,Closed,Open
653,21.76808561495002,75.81191498111019,Closed,Open
654,21.80142112125163,76.05599709220203,Closed,Open
655,21.834756627553237,76.37742883967672,Closed,Open
656,21.868092133854844,77.83724815660392,Closed,Open
657,21.901427640156452,75.83314269918719,Closed,Open
658,21.93476314645806,77.32079569918875,Closed,Open
659,21.968098652759668,78.1842677807705,Closed,Open
660,22.001434159061276,76.74899249097814,Closed,Open
661,22.034769665362884,78.38981968070286,Closed,Open
662,22.06810517166449,75.96644968751869,Closed,Open
663,22.1014406779661,76.37745557222348,Closed,Open
664,22.134776184267707,77.21728007226281,Closed,Open
665,22.168111690569315,76.94678872939889,Closed,Open
666,22.201447196870923,75.81470861547896,Closed,Open
667,22.234782703172534,79.23243488786865,Closed,Open
668,22.268118209474142,76.57377131453467,Closed,Open
669,22.30145371577575,78.79745953667992,Closed,Open
670,22.33478922207736,76.5360651881388,Closed,Open
671,22.36812472837897,77.18443244136725,Closed,Open
672,22.401460234680577,77.30060135829592,Closed,Open
673,22.43479574098218,78.15351590809192,Closed,Open
674,22.46813124728379,79.36246303887647,Closed,Open
675,22.501466753585397,79.09361695124375,Closed,Open
676,22.534802259887005,79.72928147247535,Closed,Open
677,22.568137766188613,79.55662380924782,Closed,Open
678,22.60147327249022,79.25718028239234,Closed,Open
679,22.63480877879183,77.59049259011542,Closed,Open
680,22.668144285093437,81.17867195549368,Closed,Open
681,22.701479791395045,79.48074202839406,Closed,Open
682,22.734815297696652,80.40851949902716,Closed,Open
683,22.76815080399826,79.9079485808763,Closed,Open
684,22.801486310299868,85.21660923003088,Closed,Open
685,22.834821816601476,79.80332181748796,Closed,Open
686,22.868157322903084,81.45670980618597,Closed,Open
687,22.90149282920469,78.82858010075364,Closed,Open
688,22.9348283355063,81.51634660545875,Closed,Open
689,22.968163841807907,79.16225350319598,Closed,Open
690,23.001499348109515,80.24073712958875,Closed,Open
691,23.034834854411123,80.2165202010994,Closed,Open
692,23.06817036071273,79.3041719542245,Closed,Open
693,23.10150586701434,79.78415691123485,Closed,Open
694,23.13484137331595,77.80680219357512,Closed,Open
695,23.16817687961756,79.98009524930055,Closed,Open
696,23.20151238591917,79.26891972121557,Closed,Open
697,23.234847892220778,80.12071649688326,Closed,Open
698,23.268183398522385,79.06110312990077,Closed,Open
699,23.30151890482399,78.04263530887457,Closed,Open
700,23.3348544111256,79.05475345286848,Closed,Open
701,23.368189917427205,78.21071101890462,Closed,Open
702,23.401525423728813,75.97626061606309,Closed,Open
703,23.43486093003042,77.10393538813216,Closed,Open
704,23.46819643633203,77.90351154986575,Closed,Open
705,23.501531942633637,75.9455248141043,Closed,Open
706,23.534867448935245,77.08185557452299,Closed,Open
707,23.568202955236853,76.52848693469707,Closed,Open
708,23.60153846153846,77.64612354157995,Closed,Open
709,23.63487396784007,76.19247904063208,Closed,Open
710,23.668209474141676,78.6868879515659,Closed,Open
711,23.701544980443284,78.29455265819088,Closed,Open
712,23.734880486744892,77.86465845698417,Closed,Open
713,23.7682159930465,76.30938378700571,Closed,Open
714,23.801551499348108,73.97530779666276,Closed,Open
715,23.834887005649716,76.27722718629465,Closed,Open
716,23.868222511951323,74.87723290283196,Closed,Open
717,23.90155801825293,76.84986809283924,Closed,Open
718,23.93489352455454,76.81107867479467,Closed,Open
719,23.968229030856147,79.12665768520091,Closed,Open
720,24.001564537157755,76.91949782033524,Closed,Open
721,24.034900043459366,78.79952718411874,Closed,Open
722,24.068235549760978,78.21898357580899,Closed,Open
723,24.101571056062586,81.55788496045267,Closed,Open
724,24.13490656236419,85.56806052247535,Closed,Open
725,24.1682420686658,92.60770498268532,Open,Open
726,24.20157757496741,80.89934151790555,Closed,Open
727,24.234913081269013,93.36163729463804,Open,Open
728,24.26824858757062,89.19769504113265,Open,Open
729,24.30158409387223,83.86903216330754,Closed,Open
730,24.334919600173837,86.5510134362915,Closed,Open
731,24.368255106475445,90.64731039794384,Open,Open
732,24.401590612777053,90.89832751571754,Open,Open
733,24.43492611907866,88.81297395503003,Open,Open
734,24.46826162538027,81.3848530641668,Closed,Open
735,24.501597131681876,81.8604730396258,Closed,Open
736,24.534932637983484,77.68140648835515,Closed,Open
737,24.568268144285092,82.70957094842794,Closed,Open
738,24.6016036505867,81.22344027552931,Closed,Open
739,24.634939156888308,75.08342384491752,Closed,Open
740,24.668274663189916,76.68090321472368,Closed,Open
741,24.701610169491524,74.07216086859651,Closed,Open
742,24.73494567579313,86.0950281174356,Closed,Open
743,24.76828118209474,77.65697491171413,Closed,Open
744,24.801616688396347,69.81744616984126,Closed,Open
745,24.834952194697955,69.79442374549826,Closed,Open
746,24.868287700999563,73.43316956491286,Closed,Open
747,24.90162320730117,72.8648196045667,Closed,Open
748,24.934958713602786,72.89916234268632,Closed,Open
749,24.96829421990439,72.16849938212712,Closed,Open
750,25.001629726206,72.46272802322792,Closed,Open
751,25.03496523250761,72.50564620138829,Closed,Open
752,25.068300738809217,71.72371731491037,Closed,Open
753,25.10163624511082,74.37219273989909,Closed,Open
754,25.13497175141243,73.9409805133195,Closed,Open
755,25.168307257714037,74.69887424301855,Closed,Open
756,25.201642764015645,74.30327065022422,Closed,Open
757,25.234978270317253,74.73048685197368,Closed,Open
758,25.26831377661886,73.66520015980956,Closed,Open
759,25.30164928292047,74.54469836837842,Closed,Open
760,25.334984789222077,71.6540816282712,Closed,Open
761,25.368320295523684,71.30302882393799,Closed,Open
762,25.401655801825292,71.3895689551594,Closed,Open
763,25.4349913081269,68.2757557802548,Closed,Open
764,25.468326814428508,70.19713845815521,Closed,Open
765,25.501662320730116,71.9113261727475,Closed,Open
766,25.534997827031724,67.2285315391579,Closed,Open
767,25.56833333333333,67.1920087916931,Closed,Open
768,25.60166883963494,68.49602332184708,Closed,Open
769,25.635004345936547,71.29368849657263,Closed,Open
770,25.668339852238155,73.30696734776431,Closed,Open
771,25.701675358539763,74.21734310225516,Closed,Open
772,25.73501086484137,78.74353138534445,Closed,Open
773,25.76834637114298,75.52458067622025,Closed,Open
774,25.801681877444587,73.58644909129953,Closed,Open
775,25.8350173837462,72.39642625465491,Closed,Open
776,25.86835289004781,75.081773331361,Closed,Open
777,25.901688396349417,73.99460034441529,Closed,Open
778,25.93502390265102,74.13755906011097,Closed,Open
779,25.96835940895263,72.68016608291146,Closed,Open
780,26.001694915254237,73.26888119615714,Closed,Open
781,26.035030421555845,70.96702401588965,Closed,Open
782,26.068365927857453,72.65577963156917,Closed,Open
783,26.10170143415906,72.00942525563974,Closed,Open
784,26.13503694046067,72.81498941984917,Closed,Open
785,26.168372446762277,71.89588718885133,Closed,Open
786,26.201707953063885,68.07403923882951,Closed,Open
787,26.235043459365492,68.46899644165451,Closed,Open
788,26.2683789656671,67.80461802394096,Closed,Open
789,26.301714471968708,72.6850041984375,Closed,Open
790,26.335049978270316,73.99733600169374,Closed,Open
791,26.368385484571924,77.60989320557317,Closed,Open
792,26.40172099087353,79.75486919345417,Closed,Open
793,26.43505649717514,80.06530481577212,Closed,Open
794,26.468392003476747,76.78753606006755,Closed,Open
795,26.501727509778355,76.88999854842751,Closed,Open
796,26.535063016079963,72.32259050426998,Closed,Open
797,26.56839852238157,70.20399282313616,Closed,Open
798,26.60173402868318,71.69667360442266,Closed,Open
799,26.635069534984787,74.76284661421722,Closed,Open
800,26.668405041286395,75.18921684517065,Closed,Open
801,26.701740547588003,69.8393540574825,Closed,Open
802,26.735076053889617,74.86959585184835,Closed,Open
803,26.768411560191225,75.54671985900143,Closed,Open
804,26.80174706649283,70.76368058379168,Closed,Open
805,26.83508257279444,69.52237900026347,Closed,Open
806,26.868418079096045,72.52857062150402,Closed,Open
807,26.901753585397653,75.28933592017,Closed,Open
808,26.93508909169926,79.03416316590226,Closed,Open
809,26.96842459800087,77.94012320708927,Closed,Open
810,27.001760104302477,77.47524945949675,Closed,Open
811,27.035095610604085,76.00304866714181,Closed,Open
812,27.068431116905693,79.90633654412991,Closed,Open
813,27.1017666232073,80.77162462783019,Closed,Open
814,27.13510212950891,78.61283065568082,Closed,Open
815,27.168437635810516,76.9709764318873,Closed,Open
816,27.201773142112124,74.44765298999741,Closed,Open
817,27.235108648413732,73.00881375527467,Closed,Open
818,27.26844415471534,70.69635404041,Closed,Open
819,27.301779661016948,74.51351104664349,Closed,Open
820,27.335115167318556,73.12568036884866,Closed,Open
821,27.368450673620163,75.86755963816321,Closed,Open
822,27.40178617992177,69.40515532054118,Closed,Open
823,27.43512168622338,68.97259244967377,Closed,Open
824,27.468457192524987,72.92568341844283,Closed,Open
825,27.501792698826595,77.0564212545321,Closed,Open
826,27.535128205128203,79.40404616749493,Closed,Open
827,27.56846371142981,85.11466804439615,Closed,Open
828,27.60179921773142,79.82553752785847,Closed,Open
829,27.635134724033023,78.74942369515975,Closed,Open
830,27.66847023033464,78.45424275945045,Closed,Open
831,27.70180573663625,77.88955013476038,Closed,Open
832,27.735141242937853,74.72629620402344,Closed,Open
833,27.76847674923946,75.86496789426516,Closed,Open
834,27.80181225554107,70.30791065263652,Closed,Open
835,27.835147761842677,69.96415834158668,Closed,Open
836,27.868483268144285,70.16747319140876,Closed,Open
837,27.901818774445893,73.11706033415241,Closed,Open
838,27.9351542807475,71.83854700658895,Closed,Open
839,27.96848978704911,75.21740363058504,Closed,Open
840,28.001825293350716,77.74916970974837,Closed,Open
841,28.035160799652324,71.72526783115933,Closed,Open
842,28.068496305953932,70.70241693670201,Closed,Open
843,28.10183181225554,73.86786873194578,Closed,Open
844,28.135167318557148,78.67711549166208,Closed,Open
845,28.168502824858756,78.36311485455462,Closed,Open
846,28.201838331160364,78.45638188168273,Closed,Open
847,28.23517383746197,80.52213506945925,Closed,Open
848,28.26850934376358,75.0741626038645,Closed,Open
849,28.301844850065187,75.95027170271194,Closed,Open
850,28.335180356366795,76.0125872161266,Closed,Open
851,28.368515862668403,76.58282225178127,Closed,Open
852,28.40185136897001,73.72036262432275,Closed,Open
853,28.43518687527162,74.17941954168893,Closed,Open
854,28.468522381573223,74.17553016786022,Closed,Open
855,28.50185788787483,73.19006659210282,Closed,Open
856,28.53519339417644,77.42737564162033,Closed,Open
857,28.568528900478057,78.12849202091304,Closed,Open
858,28.60186440677966,72.98552900937335,Closed,Open
859,28.63519991308127,72.85491071986476,Closed,Open
860,28.668535419382877,73.29561538148363,Closed,Open
861,28.701870925684485,74.40127116361785,Closed,Open
862,28.735206431986093,69.89512756640255,Closed,Open
863,28.7685419382877,73.25596066774943,Closed,Open
864,28.80187744458931,75.047330556263,Closed,Open
865,28.835212950890917,69.28827038960226,Closed,Open
866,28.868548457192524,71.60378855071315,Closed,Open
867,28.901883963494132,71.436180075147,Closed,Open
868,28.93521946979574,62.907914828357335,Closed,Closed
869,28.968554976097348,74.62315919209766,Closed,Open
870,29.001890482398956,71.02255848241289,Closed,Open
871,29.035225988700564,69.12308015445998,Closed,Open
872,29.06856149500217,65.64790225793958,Closed,Closed
873,29.10189700130378,68.82483047088712,Closed,Open
874,29.135232507605387,73.9118330541602,Closed,Open
875,29.168568013906995,78.59281964125098,Closed,Open
876,29.201903520208603,77.58483073148352,Closed,Open
877,29.23523902651021,77.54237823471522,Closed,Open
878,29.26857453281182,76.21530869215496,Closed,Open
879,29.301910039113427,78.59281964125098,Closed,Open
880,29.33524554541503,77.62555923568615,Closed,Open
881,29.36858105171664,76.53153961613883,Closed,Open
882,29.40191655801825,72.87885467231958,Closed,Open
883,29.435252064319855,78.24691914289832,Closed,Open
884,29.46858757062147,71.4919256439054,Closed,Open
885,29.501923076923077,75.42091031445864,Closed,Open
886,29.535258583224685,72.45094928025543,Closed,Open
887,29.568594089526293,73.10346795254527,Closed,Open
888,29.6019295958279,75.04416179489502,Closed,Open
889,29.63526510212951,68.66038519129822,Closed,Open
890,29.668600608431117,66.8180455087938,Closed,Open
891,29.701936114732725,67.90795547322854,Closed,Open
892,29.735271621034332,74.0125740600985,Closed,Open
893,29.76860712733594,72.06937341501443,Closed,Open
894,29.801942633637548,70.9994178096965,Closed,Open
895,29.835278139939156,75.09609543911685,Closed,Open
896,29.868613646240764,70.02615731441735,Closed,Open
897,29.90194915254237,68.67374812125854,Closed,Open
898,29.93528465884398,75.2993599889785,Closed,Open
899,29.968620165145587,74.78718235023379,Closed,Open
900,30.001955671447195,74.03855411270084,Closed,Open
901,30.035291177748803,73.52246436242771,Closed,Open
902,30.06862668405041,73.00613294348328,Closed,Open
903,30.10196219035202,73.0967181191058,Closed,Open
904,30.135297696653627,72.16956856630611,Closed,Open
905,30.168633202955235,72.54197004341663,Closed,Open
906,30.201968709256843,75.46208594478107,Closed,Open
907,30.23530421555845,74.73147817904243,Closed,Open
908,30.26863972186006,73.3617040365688,Closed,Open
909,30.301975228161663,69.48894503226771,Closed,Open
910,30.33531073446327,67.01604409756423,Closed,Open
911,30.368646240764885,70.26970273495928,Closed,Open
912,30.401981747066493,73.9497274927703,Closed,Open
913,30.4353172533681,71.64483660440752,Closed,Open
914,30.46865275966971,72.2430538818364,Closed,Open
915,30.501988265971317,73.33270681367412,Closed,Open
916,30.535323772272925,67.84840800431404,Closed,Open
917,30.568659278574533,73.61815554054498,Closed,Open
918,30.60199478487614,69.34933309526048,Closed,Open
919,30.63533029117775,76.65530922488554,Closed,Open
920,30.668665797479356,69.49941765416516,Closed,Open
921,30.702001303780964,71.3949814472283,Closed,Open
922,30.735336810082572,68.56180230160493,Closed,Open
923,30.76867231638418,69.58701192266372,Closed,Open
924,30.802007822685788,73.82255024950081,Closed,Open
925,30.835343328987395,73.55719462980494,Closed,Open
926,30.868678835289003,78.46218819643084,Closed,Open
927,30.90201434159061,71.57031321057282,Closed,Open
928,30.93534984789222,74.70694911930511,Closed,Open
929,30.968685354193827,71.76657930629952,Closed,Open
930,31.002020860495435,75.1420287646169,Closed,Open
931,31.035356366797043,70.1826663458645,Closed,Open
932,31.06869187309865,76.64127095875706,Closed,Open
933,31.10202737940026,78.31725686799278,Closed,Open
934,31.135362885701863,77.12945956280586,Closed,Open
935,31.16869839200347,78.6740199271854,Closed,Open
936,31.20203389830508,75.66101834669558,Closed,Open
937,31.23536940460669,76.70809957963299,Closed,Open
938,31.2687049109083,77.23026559472743,Closed,Open
939,31.30204041720991,73.47146339470248,Closed,Open
940,31.335375923511517,75.02924178066942,Closed,Open
941,31.368711429813125,72.3803533525199,Closed,Open
942,31.402046936114733,72.7719668880892,Closed,Open
943,31.43538244241634,73.34006917009631,Closed,Open
944,31.46871794871795,75.94587087731202,Closed,Open
945,31.502053455019556,72.30300217384456,Closed,Open
946,31.535388961321164,71.45529663448312,Closed,Open
947,31.568724467622772,76.04615477569521,Closed,Open
948,31.60205997392438,73.14921268514661,Closed,Open
949,31.635395480225988,71.58240017947236,Closed,Open
950,31.668730986527596,70.04342623612976,Closed,Open
951,31.702066492829204,72.4032955441269,Closed,Open
952,31.73540199913081,78.22303450840542,Closed,Open
953,31.76873750543242,79.58978118755667,Closed,Open
954,31.802073011734027,82.5947704063934,Closed,Open
955,31.835408518035635,82.39501965246762,Closed,Open
956,31.868744024337243,78.16263655849897,Closed,Open
957,31.90207953063885,75.89818462625101,Closed,Open
958,31.93541503694046,76.37067811267244,Closed,Open
959,31.968750543242063,76.64483107883538,Closed,Open
960,32.00208604954368,79.51430213766147,Closed,Open
961,32.03542155584528,83.51136880204231,Closed,Open
962,32.068757062146894,76.86208230319215,Closed,Open
963,32.1020925684485,76.42627342681692,Closed,Open
964,32.13542807475011,78.26022929050697,Closed,Open
965,32.168763581051714,74.76098780550974,Closed,Open
966,32.202099087353325,72.39264256099739,Closed,Open
967,32.23543459365493,69.2960798912014,Closed,Open
968,32.26877009995654,67.46051197101676,Closed,Open
969,32.302105606258145,70.21395872616783,Closed,Open
970,32.33544111255976,76.96183980579733,Closed,Open
971,32.36877661886136,81.54482269064914,Closed,Open
972,32.40211212516297,81.656119388895,Closed,Open
973,32.43544763146458,82.72536498035507,Closed,Open
974,32.46878313776619,82.85054919947706,Closed,Open
975,32.50211864406779,80.01276620908787,Closed,Open
976,32.535454150369404,76.26123374058915,Closed,Open
977,32.56878965667101,72.47187003913113,Closed,Open
978,32.60212516297262,71.18873135262913,Closed,Open
979,32.63546066927423,73.53016062753782,Closed,Open
980,32.668796175575835,71.90096918702054,Closed,Open
981,32.70213168187745,73.54431996185914,Closed,Open
982,32.73546718817905,76.14919199198579,Closed,Open
983,32.76880269448066,74.68419889015925,Closed,Open
984,32.80213820078227,74.00301193889428,Closed,Open
985,32.83547370708388,74.47900784515872,Closed,Open
986,32.86880921338548,77.3530971693446,Closed,Open
987,32.902144719687094,71.97072714712141,Closed,Open
988,32.9354802259887,70.8375598591255,Closed,Open
989,32.96881573229031,71.64945850352692,Closed,Open
990,33.002151238591914,66.8160356007495,Closed,Open
991,33.035486744893525,67.75256128594957,Closed,Open
992,33.06882225119513,64.70844881619533,Closed,Closed
993,33.10215775749674,68.56336378404663,Closed,Open
994,33.135493263798345,67.98636020701613,Closed,Open
995,33.16882877009996,75.09241452234201,Closed,Open
996,33.20216427640156,77.19851720955924,Closed,Open
997,33.23549978270317,79.90335982660656,Closed,Open
998,33.26883528900478,79.1340829582476,Closed,Open
999,33.30217079530639,77.61387249861673,Closed,Open
1000,33.33550630160799,74.56070841891488,Closed,Open
1001,33.368841807909604,76.78388119116651,Closed,Open
1002,33.40217731421121,74.5689864078352,Closed,Open
1003,33.43551282051282,71.67946076214243,Closed,Open
1004,33.468848326814424,71.69137857402679,Closed,Open
1005,33.502183833116035,70.6330824444212,Closed,Open
1006,33.53551933941765,71.55579779924234,Closed,Open
1007,33.56885484571925,74.11743394595598,Closed,Open
1008,33.60219035202086,74.21658770380347,Closed,Open
1009,33.63552585832247,74.03635084763096,Closed,Open
1010,33.66886136462408,69.61247459118147,Closed,Open
1011,33.70219687092568,68.51733829567596,Closed,Open
1012,33.735532377227294,66.62725912338354,Closed,Open
1013,33.7688678835289,72.86450020763539,Closed,Open
1014,33.80220338983051,69.24784688252075,Closed,Open
1015,33.835538896132114,71.89182100830882,Closed,Open
1016,33.868874402433725,75.74174190032872,Closed,Open
1017,33.90220990873533,80.43758122929032,Closed,Open
1018,33.93554541503694,81.69188161323648,Closed,Open
1019,33.968880921338545,80.4895299131652,Closed,Open
1020,34.00221642764016,77.79787523214476,Closed,Open
1021,34.03555193394176,77.71974372339615,Closed,Open
1022,34.06888744024337,78.70516241437082,Closed,Open
1023,34.10222294654498,75.8677645424768,Closed,Open
1024,34.13555845284659,75.69100226971648,Closed,Open
1025,34.16889395914819,75.66849261903947,Closed,Open
1026,34.202229465449804,73.4132057655211,Closed,Open
1027,34.23556497175141,72.48009715419472,Closed,Open
1028,34.26890047805302,71.36998464591069,Closed,Open
1029,34.302235984354624,72.6523973618944,Closed,Open
1030,34.335571490656235,74.9222027046356,Closed,Open
1031,34.36890699695784,67.72782990761706,Closed,Open
1032,34.40224250325945,71.85190964009331,Closed,Open
1033,34.43557800956106,73.96292755141141,Closed,Open
1034,34.46891351586267,68.94597174115525,Closed,Open
1035,34.50224902216428,69.37934225176534,Closed,Open
1036,34.53558452846588,67.31571126089534,Closed,Open
1037,34.568920034767494,74.36336836379013,Closed,Open
1038,34.6022555410691,77.8507032597897,Closed,Open
1039,34.63559104737071,81.3866087307077,Closed,Open
1040,34.668926553672314,81.33206588788623,Closed,Open
1041,34.702262059973926,77.37924020083418,Closed,Open
1042,34.73559756627553,78.23381848531596,Closed,Open
1043,34.76893307257714,77.6314936915291,Closed,Open
1044,34.802268578878746,77.66679282285571,Closed,Open
1045,34.83560408518036,76.81208173448056,Closed,Open
1046,34.86893959148196,74.61802129927881,Closed,Open
1047,34.90227509778357,76.54096558399758,Closed,Open
1048,34.93561060408518,76.13181768279475,Closed,Open
1049,34.96894611038679,74.60898762952971,Closed,Open
1050,35.00228161668839,78.69039551156479,Closed,Open
1051,35.035617122990004,77.10421086529303,Closed,Open
1052,35.06895262929161,74.78180793327056,Closed,Open
1053,35.10228813559322,72.57969434201786,Closed,Open
1054,35.135623641894824,73.69865191584628,Closed,Open
1055,35.168959148196436,75.60130925317087,Closed,Open
1056,35.20229465449804,75.65909154964369,Closed,Open
1057,35.23563016079965,76.32178874684607,Closed,Open
1058,35.268965667101256,77.31893511407128,Closed,Open
1059,35.30230117340287,77.09516238972475,Closed,Open
1060,35.33563667970447,76.792855345757,Closed,Open
1061,35.36897218600608,78.28174718351156,Closed,Open
1062,35.402307692307694,75.0817771923879,Closed,Open
1063,35.4356431986093,74.16501085191302,Closed,Open
1064,35.46897870491091,77.0779002550843,Closed,Open
1065,35.502314211212514,72.18452045964838,Closed,Open
1066,35.535649717514126,74.88727084762616,Closed,Open
1067,35.56898522381573,70.33509581653513,Closed,Open
1068,35.60232073011734,71.43397425025691,Closed,Open
1069,35.635656236418946,65.74005569033875,Closed,Closed
1070,35.66899174272056,68.42125360893063,Closed,Open
1071,35.70232724902216,67.36072244367344,Closed,Open
1072,35.73566275532377,68.36586400112836,Closed,Open
1073,35.76899826162538,71.47413061602634,Closed,Open
1074,35.80233376792699,74.14715826212677,Closed,Open
1075,35.83566927422859,78.75528088936511,Closed,Open
1076,35.869004780530204,79.24788793824105,Closed,Open
1077,35.90234028683181,78.93515622858524,Closed,Open
1078,35.93567579313342,78.73267889836278,Closed,Open
1079,35.969011299435024,76.486610868109,Closed,Open
1080,36.002346805736636,75.21918680442658,Closed,Open
1081,36.03568231203824,74.07854958785555,Closed,Open
1082,36.06901781833985,73.2088378662838,Closed,Open
1083,36.102353324641456,75.34328827468549,Closed,Open
1084,36.13568883094307,72.01514803843835,Closed,Open
1085,36.16902433724467,68.95338597606386,Closed,Open
1086,36.20235984354628,71.00054112847798,Closed,Open
1087,36.23569534984789,73.7542688685262,Closed,Open
1088,36.2690308561495,74.72784635230528,Closed,Open
1089,36.30236636245111,72.02595837799757,Closed,Open
1090,36.335701868752714,73.23209892349666,Closed,Open
1091,36.369037375054326,67.80015353479133,Closed,Open
1092,36.40237288135593,65.33157317532768,Closed,Closed
1093,36.43570838765754,65.74359543527211,Closed,Closed
1094,36.469043893959146,73.49068671288659,Closed,Open
1095,36.50237940026076,78.64972337899601,Closed,Open
1096,36.53571490656236,83.30125948692438,Closed,Open
1097,36.56905041286397,85.47625158475941,Closed,Open
1098,36.60238591916558,82.30107761288002,Closed,Open
1099,36.63572142546719,80.6839396514238,Closed,Open
1100,36.66905693176879,82.56300632427453,Closed,Open
1101,36.702392438070405,79.3166603210629,Closed,Open
1102,36.73572794437201,79.36246303887647,Closed,Open
1103,36.76906345067362,81.60248646489418,Closed,Open
1104,36.802398956975225,77.75410032937418,Closed,Open
1105,36.83573446327683,79.70551034457128,Closed,Open
1106,36.86906996957844,73.27192932362988,Closed,Open
1107,36.90240547588005,72.94355533939995,Closed,Open
1108,36.935740982181656,73.80350688511204,Closed,Open
1109,36.96907648848327,72.67862573426443,Closed,Open
1110,37.00241199478487,73.34167633818323,Closed,Open
1111,37.03574750108648,68.23893065124417,Closed,Open
1112,37.06908300738809,69.60932475033539,Closed,Open
1113,37.1024185136897,67.39948395020082,Closed,Open
1114,37.1357540199913,65.81411369506499,Closed,Closed
1115,37.169089526292915,70.21370926127693,Closed,Open
1116,37.202425032594526,70.92321118157659,Closed,Open
1117,37.23576053889613,76.73770499919385,Closed,Open
1118,37.26909604519774,80.85465050632351,Closed,Open
1119,37.302431551499346,81.77275088899678,Closed,Open
1120,37.33576705780096,79.05045729589757,Closed,Open
1121,37.36910256410256,76.71527180581701,Closed,Open
1122,37.40243807040417,77.07726548459479,Closed,Open
1123,37.43577357670578,79.39017621354975,Closed,Open
1124,37.46910908300739,75.57235720001265,Closed,Open
1125,37.50244458930899,79.18487073928702,Closed,Open
1126,37.535780095610605,78.25216158892019,Closed,Open
1127,37.56911560191221,74.17950811947975,Closed,Open
1128,37.60245110821382,77.68053977149475,Closed,Open
1129,37.635786614515425,76.20817528083624,Closed,Open
1130,37.66912212081704,76.33443874533462,Closed,Open
1131,37.70245762711864,71.74327667449032,Closed,Open
1132,37.73579313342025,73.21342242721988,Closed,Open
1133,37.769128639721856,73.29388361727047,Closed,Open
1134,37.80246414602347,71.37717051518194,Closed,Open
1135,37.83579965232507,66.78733408690277,Closed,Open
1136,37.86913515862668,67.82469899564717,Closed,Open
1137,37.90247066492829,68.99745394666772,Closed,Open
1138,37.9358061712299,67.08802383716827,Closed,Open
1139,37.9691416775315,68.2613943976055,Closed,Open
1140,38.002477183833115,69.90652645499864,Closed,Open
1141,38.03581269013472,73.14491651058097,Closed,Open
1142,38.06914819643633,77.54273672048035,Closed,Open
1143,38.10248370273794,81.10135842141166,Closed,Open
1144,38.135819209039546,81.03421636336279,Closed,Open
1145,38.16915471534116,81.18242671747808,Closed,Open
1146,38.20249022164276,80.65943079206906,Closed,Open
1147,38.23582572794437,80.52990408238932,Closed,Open
1148,38.26916123424598,78.00643643578223,Closed,Open
1149,38.30249674054759,76.5546799527462,Closed,Open
1150,38.33583224684919,79.96270203374478,Closed,Open
1151,38.369167753150805,77.49573971178121,Closed,Open
1152,38.40250325945241,75.60460840212164,Closed,Open
1153,38.43583876575402,75.23732312736394,Closed,Open
1154,38.469174272055625,72.27384507464294,Closed,Open
1155,38.50250977835723,72.0494410322456,Closed,Open
1156,38.53584528465884,72.81629070851127,Closed,Open
1157,38.56918079096045,71.76615542597808,Closed,Open
1158,38.602516297262056,71.42623141882532,Closed,Open
1159,38.63585180356367,67.66398221654265,Closed,Open
1160,38.66918730986527,70.9252521136817,Closed,Open
1161,38.70252281616688,70.09749732507963,Closed,Open
1162,38.73585832246849,65.64203715284593,Closed,Closed
1163,38.7691938287701,64.18209336771056,Closed,Closed
1164,38.8025293350717,66.37876393998911,Closed,Open
1165,38.835864841373315,75.26164427839478,Closed,Open
1166,38.86920034767492,77.84246141499273,Closed,Open
1167,38.90253585397653,82.31666662336171,Closed,Open
1168,38.935871360278135,82.67306148049758,Closed,Open
1169,38.969206866579746,81.05042737828506,Closed,Open
1170,39.00254237288136,84.78550644033061,Closed,Open
1171,39.03587787918296,82.22111446179437,Closed,Open
1172,39.069213385484574,77.5538633342186,Closed,Open
1173,39.10254889178618,81.06562744679795,Closed,Open
1174,39.13588439808779,80.9931497294092,Closed,Open
1175,39.169219904389394,79.13428855507141,Closed,Open
1176,39.202555410691005,75.83698894377139,Closed,Open
1177,39.23589091699261,74.98638819871746,Closed,Open
1178,39.26922642329422,75.60407084166339,Closed,Open
1179,39.302561929595825,75.83065577260808,Closed,Open
1180,39.33589743589744,73.25314311299954,Closed,Open
1181,39.36923294219904,72.03878242808523,Closed,Open
1182,39.40256844850065,73.69414102027056,Closed,Open
1183,39.43590395480226,69.03523062512033,Closed,Open
1184,39.46923946110387,68.55804060183225,Closed,Open
1185,39.50257496740547,64.5672465087231,Closed,Closed
1186,39.53591047370709,66.32431151098882,Closed,Open
1187,39.56924598000869,63.66103100818847,Closed,Closed
1188,39.6025814863103,66.03864513433385,Closed,Open
1189,39.635916992611904,71.2763486248199,Closed,Open
1190,39.669252498913515,77.97259032300977,Closed,Open
1191,39.70258800521512,78.90982934825647,Closed,Open
1192,39.73592351151673,81.71335853138343,Closed,Open
1193,39.769259017818335,81.25272616741685,Closed,Open
1194,39.80259452411995,80.4577809372817,Closed,Open
1195,39.83593003042155,81.17756944535381,Closed,Open
1196,39.86926553672316,79.61514242187852,Closed,Open
1197,39.902601043024774,77.89448979758396,Closed,Open
1198,39.93593654932638,80.0069647263637,Closed,Open
1199,39.96927205562799,76.14965726071725,Closed,Open
1200,40.002607561929594,73.71745609206418,Closed,Open
1201,40.035943068231205,73.12015039040152,Closed,Open
1202,40.06927857453281,71.59487136169804,Closed,Open
1203,40.10261408083442,76.32072477578717,Closed,Open
1204,40.135949587136025,72.38009146809036,Closed,Open
1205,40.16928509343764,70.50216031310373,Closed,Open
1206,40.20262059973924,75.02962307160018,Closed,Open
1207,40.23595610604085,73.04122590806531,Closed,Open
1208,40.26929161234246,80.61009573621735,Closed,Open
1209,40.30262711864407,73.68251046271224,Closed,Open
1210,40.33596262494567,70.79174149300677,Closed,Open
1211,40.36929813124728,71.98058175302842,Closed,Open
1212,40.40263363754889,73.74248405297799,Closed,Open
1213,40.4359691438505,73.931070206017,Closed,Open
1214,40.469304650152104,74.82728740193858,Closed,Open
1215,40.502640156453715,75.79543699314074,Closed,Open
1216,40.53597566275532,79.03458048159564,Closed,Open
1217,40.56931116905693,78.09801512448969,Closed,Open
1218,40.602646675358535,77.01448971084463,Closed,Open
1219,40.63598218166015,77.12767671865473,Closed,Open
1220,40.66931768796175,74.42258352547088,Closed,Open
1221,40.70265319426336,78.0311586889919,Closed,Open
1222,40.73598870056497,74.84961523040135,Closed,Open
1223,40.76932420686658,72.88549097285399,Closed,Open
1224,40.80265971316819,75.66379688871929,Closed,Open
1225,40.835995219469794,75.96640926745333,Closed,Open
1226,40.869330725771405,79.70425945891662,Closed,Open
1227,40.90266623207301,81.21102637688506,Closed,Open
1228,40.93600173837462,80.43623660459193,Closed,Open
1229,40.969337244676225,79.00258594228859,Closed,Open
1230,41.00267275097784,77.55191056921737,Closed,Open
1231,41.03600825727944,76.84676166355754,Closed,Open
1232,41.06934376358105,78.88266469772213,Closed,Open
1233,41.10267926988266,77.64788482720112,Closed,Open
1234,41.13601477618427,77.8223063791461,Closed,Open
1235,41.16935028248587,78.2781385197344,Closed,Open
1236,41.20268578878749,73.99843487971876,Closed,Open
1237,41.23602129508909,78.8155577541234,Closed,Open
1238,41.2693568013907,75.99772368303849,Closed,Open
1239,41.302692307692304,77.01902193800582,Closed,Open
1240,41.336027813993915,79.68548400751075,Closed,Open
1241,41.36936332029552,79.22980004210876,Closed,Open
1242,41.40269882659713,78.12209394623838,Closed,Open
1243,41.436034332898735,81.88527054332464,Closed,Open
1244,41.46936983920035,81.3826288703177,Closed,Open
1245,41.50270534550195,77.76051170292142,Closed,Open
1246,41.53604085180356,77.86725758374611,Closed,Open
1247,41.56937635810517,77.30730430032489,Closed,Open
1248,41.60271186440678,73.562600061283,Closed,Open
1249,41.63604737070838,73.44730403441176,Closed,Open
1250,41.669382877009994,76.3423931132268,Closed,Open
1251,41.702718383311606,78.7305295111756,Closed,Open
1252,41.73605388961321,78.7614457398824,Closed,Open
1253,41.76938939591482,81.9311119371186,Closed,Open
1254,41.802724902216426,84.55921102328587,Closed,Open
1255,41.83606040851804,89.71548056588665,Open,Open
1256,41.86939591481964,88.72027106216407,Open,Open
1257,41.90273142112125,85.33355043892878,Closed,Open
1258,41.93606692742286,83.60555973660661,Closed,Open
1259,41.96940243372447,79.03117403731827,Closed,Open
1260,42.00273794002607,76.73482408508013,Closed,Open
1261,42.03607344632768,77.9333873741372,Closed,Open
1262,42.06940895262929,74.69029145374293,Closed,Open
1263,42.1027444589309,73.37484649233659,Closed,Open
1264,42.136079965232504,75.38038290731367,Closed,Open
1265,42.16941547153411,73.59088619159587,Closed,Open
1266,42.20275097783572,73.03652614589245,Closed,Open
1267,42.23608648413733,72.38940966604679,Closed,Open
1268,42.269421990438936,74.08094905139632,Closed,Open
1269,42.30275749674055,74.53571817760323,Closed,Open
1270,42.33609300304215,74.10368924441246,Closed,Open
1271,42.36942850934376,75.52458067622025,Closed,Open
1272,42.40276401564537,73.2897588321257,Closed,Open
1273,42.43609952194698,76.94645695005954,Closed,Open
1274,42.46943502824858,75.11328585402754,Closed,Open
1275,42.502770534550194,76.22917698049392,Closed,Open
1276,42.5361060408518,79.52086282136284,Closed,Open
1277,42.56944154715341,76.94122678086259,Closed,Open
1278,42.60277705345502,78.67946136035283,Closed,Open
1279,42.636112559756626,79.70598338974247,Closed,Open
1280,42.66944806605824,78.24668742637157,Closed,Open
1281,42.70278357235984,80.8599103813627,Closed,Open
1282,42.73611907866145,80.44822011550406,Closed,Open
1283,42.76945458496306,83.09610215051475,Closed,Open
1284,42.80279009126467,80.5406970431367,Closed,Open
1285,42.83612559756627,82.84979624534213,Closed,Open
1286,42.86946110386789,79.49617125215227,Closed,Open
1287,42.90279661016949,79.80360353919397,Closed,Open
1288,42.9361321164711,78.394478312852,Closed,Open
1289,42.969467622772704,76.4484903935359,Closed,Open
1290,43.00280312907432,79.42227260153685,Closed,Open
1291,43.03613863537592,81.70355912488444,Closed,Open
1292,43.06947414167753,77.35643897441221,Closed,Open
1293,43.102809647979136,80.11950393970073,Closed,Open
1294,43.13614515428075,78.86733392541836,Closed,Open
1295,43.16948066058235,77.47645657478884,Closed,Open
1296,43.20281616688396,84.20697219120368,Closed,Open
1297,43.23615167318557,83.56048195214123,Closed,Open
1298,43.26948717948718,85.55573725451188,Closed,Open
1299,43.30282268578878,82.0445711799034,Closed,Open
1300,43.336158192090394,87.82557652048095,Closed,Open
1301,43.369493698392,85.54055671488837,Closed,Open
1302,43.40282920469361,80.64572369424246,Closed,Open
1303,43.436164710995214,83.26059308169101,Closed,Open
1304,43.469500217296826,80.79748646118679,Closed,Open
1305,43.50283572359844,80.67837857282957,Closed,Open
1306,43.53617122990004,80.65788217962925,Closed,Open
1307,43.56950673620165,80.05889344089854,Closed,Open
1308,43.60284224250326,79.44221987790806,Closed,Open
1309,43.63617774880487,79.22344322347561,Closed,Open
1310,43.66951325510647,78.3334014768894,Closed,Open
1311,43.70284876140808,77.86315434029558,Closed,Open
1312,43.73618426770969,78.49577599220945,Closed,Open
1313,43.7695197740113,78.41106103248848,Closed,Open
1314,43.802855280312905,81.2333028180963,Closed,Open
1315,43.83619078661451,79.04149963608917,Closed,Open
1316,43.86952629291612,79.72614922864487,Closed,Open
1317,43.90286179921773,76.7184887120428,Closed,Open
1318,43.936197305519336,78.44150553511997,Closed,Open
1319,43.96953281182095,79.14222874717987,Closed,Open
1320,44.00286831812255,78.76368054883065,Closed,Open
1321,44.03620382442416,80.47957760716821,Closed,Open
1322,44.06953933072577,79.70795031820148,Closed,Open
1323,44.10287483702738,80.41108017453473,Closed,Open
1324,44.13621034332898,80.88311957221134,Closed,Open
1325,44.169545849630595,77.04076460547157,Closed,Open
1326,44.2028813559322,74.23532435350253,Closed,Open
1327,44.23621686223381,80.73328996907134,Closed,Open
1328,44.269552368535415,78.0761850416379,Closed,Open
1329,44.302887874837026,76.79028771517463,Closed,Open
1330,44.33622338113863,76.68553829328114,Closed,Open
1331,44.36955888744024,74.54004131457648,Closed,Open
1332,44.402894393741846,73.70936720847453,Closed,Open
1333,44.43622990004346,68.38029560570263,Closed,Open
1334,44.46956540634507,66.30771737085986,Closed,Open
1335,44.50290091264667,69.6692597242512,Closed,Open
1336,44.536236418948285,70.71089421317087,Closed,Open
1337,44.56957192524989,72.94043311444071,Closed,Open
1338,44.6029074315515,72.2359496286372,Closed,Open
1339,44.636242937853105,68.23159371369415,Closed,Open
1340,44.66957844415472,70.09768349918562,Closed,Open
1341,44.70291395045632,67.93213353512516,Closed,Open
1342,44.73624945675793,66.44293162885802,Closed,Open
1343,44.769584963059536,73.36390391919895,Closed,Open
1344,44.80292046936115,69.63645236789988,Closed,Open
1345,44.83625597566275,65.88779125480751,Closed,Closed
1346,44.86959148196436,66.26489652386012,Closed,Open
1347,44.90292698826597,70.87756320893826,Closed,Open
1348,44.93626249456758,66.6038055286958,Closed,Open
1349,44.96959800086918,73.96119940403568,Closed,Open
1350,45.002933507170795,70.71067811865476,Closed,Open
1351,45.0362690134724,72.02262276228646,Closed,Open
1352,45.06960451977401,71.52103015037531,Closed,Open
1353,45.102940026075615,82.25035373815037,Closed,Open
1354,45.136275532377226,84.49199893124285,Closed,Open
1355,45.16961103867883,79.32829964646697,Closed,Open
1356,45.20294654498044,82.28453696633045,Closed,Open
1357,45.236282051282046,86.94533774337822,Closed,Open
1358,45.26961755758366,75.89320934922299,Closed,Open
1359,45.30295306388526,82.12346229717575,Closed,Open
1360,45.33628857018687,74.84289973135633,Closed,Open
1361,45.369624076488485,75.15497444485217,Closed,Open
1362,45.40295958279009,77.95560866332804,Closed,Open
1363,45.4362950890917,81.54602805106092,Closed,Open
1364,45.469630595393305,76.94137370247765,Closed,Open
1365,45.50296610169491,74.95744229433203,Closed,Open
1366,45.53630160799652,73.94743296672652,Closed,Open
1367,45.56963711429813,82.57182548753548,Closed,Open
1368,45.602972620599736,82.94182110716778,Closed,Open
1369,45.63630812690135,82.34957714603055,Closed,Open
1370,45.66964363320295,81.2659195305875,Closed,Open
1371,45.70297913950456,80.14179486775527,Closed,Open
1372,45.73631464580617,79.16749277279575,Closed,Open
1373,45.76965015210778,81.62641187917883,Closed,Open
1374,45.80298565840938,79.23243488786865,Closed,Open
1375,45.836321164710995,80.10353007013182,Closed,Open
1376,45.8696566710126,76.64860263747052,Closed,Open
1377,45.90299217731421,71.20789068401507,Closed,Open
1378,45.936327683615815,77.20225631570057,Closed,Open
1379,45.969663189917426,71.18750036547104,Closed,Open
1380,46.00299869621903,77.41439546329248,Closed,Open
1381,46.03633420252064,79.5309217112399,Closed,Open
1382,46.069669708822246,73.58575070190649,Closed,Open
1383,46.10300521512386,75.35249839257618,Closed,Open
1384,46.13634072142546,76.27035045497024,Closed,Open
1385,46.169676227727074,72.04472656131873,Closed,Open
1386,46.20301173402868,74.81859896340374,Closed,Open
1387,46.23634724033029,69.36866657840376,Closed,Open
1388,46.2696827466319,71.7545670295357,Closed,Open
1389,46.303018252933505,78.17966064330906,Closed,Open
1390,46.33635375923512,82.45452613638537,Closed,Open
1391,46.36968926553672,73.39173479882004,Closed,Open
1392,46.40302477183833,68.28109642404932,Closed,Open
1393,46.43636027813994,68.72233590086708,Closed,Open
1394,46.46969578444155,79.74960511693658,Closed,Open
1395,46.50303129074315,81.18971648165848,Closed,Open
1396,46.53636679704477,81.0838679017567,Closed,Open
1397,46.56970230334637,81.74487587943536,Closed,Open
1398,46.60303780964798,76.23421732159716,Closed,Open
1399,46.636373315949584,79.13391619321203,Closed,Open
1400,46.669708822251195,77.52866081710651,Closed,Open
1401,46.7030443285528,76.15527779925355,Closed,Open
1402,46.73637983485441,75.72474766560322,Closed,Open
1403,46.769715341156015,73.84061300336563,Closed,Open
1404,46.80305084745763,70.47702934738751,Closed,Open
1405,46.83638635375923,77.00134716862846,Closed,Open
1406,46.86972186006084,72.5331757129288,Closed,Open
1407,46.90305736636245,67.96052328830531,Closed,Open
1408,46.93639287266406,72.96588637627661,Closed,Open
1409,46.96972837896566,70.74595935212713,Closed,Open
1410,47.003063885267274,68.0903746623749,Closed,Open
1411,47.03639939156888,69.56055115466245,Closed,Open
1412,47.06973489787049,66.89120611460945,Closed,Open
1413,47.103070404172094,72.50698650638051,Closed,Open
1414,47.136405910473705,71.31043674065006,Closed,Open
1415,47.16974141677532,66.96653847759468,Closed,Open
1416,47.20307692307692,69.2881998104502,Closed,Open
1417,47.23641242937853,71.29395273655953,Closed,Open
1418,47.26974793568014,75.43612205858378,Closed,Open
1419,47.30308344198175,74.14010527211042,Closed,Open
1420,47.33641894828335,79.42701296620116,Closed,Open
1421,47.36975445458496,74.78448915990523,Closed,Open
1422,47.40308996088657,76.68943055931064,Closed,Open
1423,47.43642546718818,76.31236599181022,Closed,Open
1424,47.469760973489784,78.68178043832711,Closed,Open
1425,47.503096479791395,78.93098095815307,Closed,Open
1426,47.536431986093,75.11196907288137,Closed,Open
1427,47.56976749239461,75.86661032442682,Closed,Open
1428,47.603102998696215,72.87635733231235,Closed,Open
1429,47.63643850499783,62.92297046971335,Closed,Closed
1430,47.66977401129943,74.21510196423242,Closed,Open
1431,47.70310951760104,68.09651121503026,Closed,Open
1432,47.73644502390265,67.68352047577838,Closed,Open
1433,47.76978053020426,70.10107617507418,Closed,Open
1434,47.80311603650586,69.61779838693953,Closed,Open
1435,47.836451542807474,72.73863014926327,Closed,Open
1436,47.86978704910908,74.48825410761083,Closed,Open
1437,47.90312255541069,73.63500288386211,Closed,Open
1438,47.936458061712294,77.18068696824281,Closed,Open
1439,47.969793568013905,77.93587213208863,Closed,Open
1440,48.00312907431551,72.25391164002815,Closed,Open
1441,48.03646458061712,75.57059524887781,Closed,Open
1442,48.06980008691873,75.41596222190392,Closed,Open
1443,48.10313559322034,75.05182866510611,Closed,Open
1444,48.13647109952195,78.93046846292606,Closed,Open
1445,48.16980660582355,77.34098153286214,Closed,Open
1446,48.20314211212517,75.74255490964164,Closed,Open
1447,48.23647761842677,74.57147232421691,Closed,Open
1448,48.26981312472838,74.88831266346563,Closed,Open
1449,48.303148631029984,75.16816884622173,Closed,Open
1450,48.336484137331595,77.65353230094539,Closed,Open
1451,48.3698196436332,75.14104972364507,Closed,Open
1452,48.40315514993481,76.53153961613883,Closed,Open
1453,48.436490656236415,78.62095672950946,Closed,Open
1454,48.46982616253803,75.69100226971648,Closed,Open
1455,48.50316166883963,80.03881441150179,Closed,Open
1456,48.53649717514124,78.79353835104423,Closed,Open
1457,48.56983268144285,76.50117686012273,Closed,Open
1458,48.60316818774446,79.98740833953238,Closed,Open
1459,48.63650369404606,79.23875082074431,Closed,Open
1460,48.669839200347674,78.04501105269676,Closed,Open
1461,48.70317470664928,79.88797436289438,Closed,Open
1462,48.73651021295089,82.04240420865118,Closed,Open
1463,48.769845719252494,85.06027025779886,Closed,Open
1464,48.803181225554106,81.22087096559095,Closed,Open
1465,48.83651673185571,82.81028132624574,Closed,Open
1466,48.86985223815732,85.40780505506766,Closed,Open
1467,48.903187744458926,85.11551611927489,Closed,Open
1468,48.93652325076054,80.89322410664687,Closed,Open
1469,48.96985875706215,79.04202764724354,Closed,Open
1470,49.00319426336375,77.91177521866652,Closed,Open
1471,49.03652976966536,77.13352887569903,Closed,Open
1472,49.06986527596697,78.83843975902846,Closed,Open
1473,49.10320078226858,73.75585130079583,Closed,Open
1474,49.136536288570184,74.74352357752812,Closed,Open
1475,49.16987179487179,76.03041064518001,Closed,Open
1476,49.2032073011734,74.67549063508622,Closed,Open
1477,49.23654280747501,76.78101128572223,Closed,Open
1478,49.269878313776616,76.89469051704586,Closed,Open
1479,49.30321382007823,78.03280020227568,Closed,Open
1480,49.33654932637983,77.75967170864953,Closed,Open
1481,49.36988483268144,74.9613520533228,Closed,Open
1482,49.40322033898305,80.50290687848904,Closed,Open
1483,49.43655584528466,76.86579344165372,Closed,Open
1484,49.46989135158626,78.38358467328374,Closed,Open
1485,49.503226857887874,78.59042631783399,Closed,Open
1486,49.53656236418948,78.77346431102936,Closed,Open
1487,49.56989787049109,78.91374106204097,Closed,Open
1488,49.603233376792694,74.74060009427131,Closed,Open
1489,49.636568883094306,68.26009703058324,Closed,Open
1490,49.66990438939591,78.36292977668472,Closed,Open
1491,49.70323989569752,77.94190513164537,Closed,Open
1492,49.736575401999126,75.44142394125585,Closed,Open
1493,49.76991090830074,81.31254362960487,Closed,Open
1494,49.80324641460234,79.799739396228,Closed,Open
1495,49.83658192090395,80.52027913638756,Closed,Open
1496,49.86991742720557,71.083542709955,Closed,Open
1497,49.90325293350717,72.95972452648715,Closed,Open
1498,49.93658843980878,69.35431404560018,Closed,Open
1499,49.969923946110384,81.71797164511783,Closed,Open
1500,50.003259452412,80.4317752834094,Closed,Open
1501,50.0365949587136,80.68640475786192,Closed,Open
1502,50.06993046501521,80.91771546926029,Closed,Open
1503,50.103265971316816,81.8132719103315,Closed,Open
1504,50.13660147761843,78.77512842604565,Closed,Open
1505,50.16993698392003,79.17692788113962,Closed,Open
1506,50.20327249022164,78.50389587715252,Closed,Open
1507,50.23660799652325,81.22998414940264,Closed,Open
1508,50.26994350282486,80.0990980085281,Closed,Open
1509,50.30327900912646,79.81523940458938,Closed,Open
1510,50.336614515428074,81.24822713216852,Closed,Open
1511,50.36995002172968,72.85056443257314,Closed,Open
1512,50.40328552803129,80.09780325542067,Closed,Open
1513,50.436621034332894,67.60236103426564,Closed,Open
1514,50.469956540634506,81.92259992003171,Closed,Open
1515,50.50329204693611,81.28949773997238,Closed,Open
1516,50.53662755323772,72.70014920868284,Closed,Open
1517,50.569963059539326,80.25517535027008,Closed,Open
1518,50.60329856584094,78.86936639312557,Closed,Open
1519,50.63663407214254,75.93638094538059,Closed,Open
1520,50.66996957844415,78.39074274438639,Closed,Open
1521,50.70330508474576,79.1634256671126,Closed,Open
1522,50.73664059104737,71.17342701606538,Closed,Open
1523,50.76997609734898,75.5317390526489,Closed,Open
1524,50.803311603650585,82.71275524919886,Closed,Open
1525,50.83664710995219,81.66614828714475,Closed,Open
1526,50.8699826162538,81.60155007538674,Closed,Open
1527,50.90331812255541,82.02179204354694,Closed,Open
1528,50.936653628857016,77.99682331798874,Closed,Open
1529,50.96998913515863,78.94638770948322,Closed,Open
1530,51.00332464146023,72.25098047116958,Closed,Open
1531,51.03666014776184,72.98221803212721,Closed,Open
1532,51.06999565406345,73.40759598364403,Closed,Open
1533,51.10333116036506,71.61636208637557,Closed,Open
