frame,timestamp,anchor_to_top_lip_bottom,lips_label,teeth_label
0,0.0,64.09469809671981,Closed,Open
1,0.0333355063016079,65.08434269860417,Closed,Open
2,0.0666710126032159,66.19529350858944,Closed,Open
3,0.1000065189048239,65.39053768676114,Closed,Open
4,0.1333420252064319,65.99800129553105,Closed,Open
5,0.16667753150804,65.8731788476196,Closed,Open
6,0.2000130378096479,66.2534187143378,Closed,Open
7,0.2333485441112559,66.80570171703329,Closed,Open
8,0.2666840504128639,65.76473923440416,Closed,Open
9,0.3000195567144719,66.00947598612646,Closed,Open
10,0.33335506301608,65.83969808434253,Closed,Open
11,0.3666905693176879,65.01226698675276,Closed,Open
12,0.4000260756192959,65.98845715656296,Closed,Open
13,0.4333615819209039,64.14199231333,Closed,Open
14,0.4666970882225119,64.33100582878205,Closed,Open
15,0.50003259452412,63.6364711876989,Closed,Open
16,0.5333681008257279,66.61457986119677,Closed,Open
17,0.5667036071273359,65.22132921086417,Closed,Open
18,0.6000391134289439,65.11670549612658,Closed,Open
19,0.6333746197305519,66.66620053276048,Closed,Open
20,0.66671012603216,66.98741297878951,Closed,Open
21,0.7000456323337679,66.59110234594624,Closed,Open
22,0.7333811386353759,69.62163090102827,Closed,Open
23,0.7667166449369839,65.5833560209421,Closed,Open
24,0.8000521512385919,65.33899973858122,Closed,Open
25,0.8333876575401998,65.23304510679279,Closed,Open
26,0.8667231638418079,65.59081645293409,Closed,Open
27,0.9000586701434159,62.26138650382656,Closed,Open
28,0.933394176445024,63.91370475947173,Closed,Open
29,0.9667296827466318,65.8415106682613,Closed,Open
30,1.00006518904824,67.53473437427971,Closed,Open
31,1.0334006953498478,63.88952640566109,Closed,Open
32,1.066736201651456,74.26493560359971,Closed,Open
33,1.1000717079530635,70.74781540887406,Closed,Open
34,1.1334072142546718,73.33586322738178,Closed,Open
35,1.16674272055628,72.32410713090135,Closed,Open
36,1.2000782268578878,78.12783822883495,Open,Open
37,1.233413733159496,68.66913452803246,Closed,Open
38,1.2667492394611035,66.63399513821307,Closed,Open
39,1.3000847457627118,74.57326964171466,Closed,Open
40,1.33342025206432,72.29876582472647,Closed,Open
41,1.3667557583659278,67.31513461298897,Closed,Open
42,1.400091264667536,75.53433121821811,Open,Open
43,1.4334267709691435,68.46509246851755,Closed,Open
44,1.4667622772707518,67.70150653105452,Closed,Open
45,1.5000977835723597,63.1726673472367,Closed,Open
46,1.5334332898739678,63.347858354798895,Closed,Open
47,1.566768796175576,65.40410100212783,Closed,Open
48,1.6001043024771835,62.64573301609458,Closed,Open
49,1.6334398087787918,66.0309495947522,Closed,Open
50,1.6667753150803997,69.73464244637435,Closed,Open
51,1.7001108213820078,67.65030215681205,Closed,Open
52,1.7334463276836158,67.23891890265895,Closed,Open
53,1.7667818339852237,65.67591063592283,Closed,Open
54,1.8001173402868318,61.27564216065508,Closed,Open
55,1.8334528465884397,66.79455934322391,Closed,Open
56,1.8667883528900475,66.6184694892706,Closed,Open
57,1.900123859191656,60.66176729108575,Closed,Open
58,1.9334593654932637,66.54874943434872,Closed,Open
59,1.966794871794872,63.32915858919969,Closed,Open
60,2.00013037809648,61.75833949411029,Closed,Open
61,2.0334658843980877,58.04920573932148,Closed,Open
62,2.0668013906996956,60.77984844744357,Closed,Open
63,2.100136897001304,59.91256461281423,Closed,Open
64,2.133472403302912,60.8849353448628,Closed,Open
65,2.1668079096045196,60.56299105946826,Closed,Open
66,2.2001434159061275,59.18687748175691,Closed,Open
67,2.233478922207736,58.6591118821342,Closed,Open
68,2.2668144285093437,56.62220019792743,Closed,Closed
69,2.3001499348109515,60.8846721614976,Closed,Open
70,2.33348544111256,62.26367970291511,Closed,Open
71,2.3668209474141677,60.321460113917965,Closed,Open
72,2.4001564537157756,55.744589615396364,Closed,Closed
73,2.433491960017383,53.09468307963659,Closed,Closed
74,2.4668274663189917,66.61642878728195,Closed,Open
75,2.5001629726205996,53.92037377180429,Closed,Closed
76,2.5334984789222075,58.572941099679056,Closed,Open
77,2.566833985223816,52.999198873677145,Closed,Closed
78,2.6001694915254236,64.4014570285986,Closed,Open
79,2.6335049978270315,58.40812253769137,Closed,Open
80,2.66684050412864,57.36791210329983,Closed,Closed
81,2.7001760104302477,65.84131244577182,Closed,Open
82,2.7335115167318556,64.26707574786519,Closed,Open
83,2.7668470230334634,61.88102416403572,Closed,Open
84,2.8001825293350717,61.9327225165315,Closed,Open
85,2.8335180356366796,64.83990356959063,Closed,Open
86,2.8668535419382875,66.03225397437947,Closed,Open
87,2.900189048239896,60.71056977580453,Closed,Open
88,2.9335245545415036,61.869660230891775,Closed,Open
89,2.9668600608431115,58.75148133525897,Closed,Open
90,3.0001955671447194,56.577248076675545,Closed,Closed
91,3.0335310734463277,57.91709185619733,Closed,Open
92,3.0668665797479355,55.38004201519104,Closed,Closed
93,3.1002020860495434,56.801277681309514,Closed,Closed
94,3.1335375923511517,57.78840568454543,Closed,Open
95,3.1668730986527596,59.98988840594896,Closed,Open
96,3.200208604954367,63.303846919805835,Closed,Open
97,3.2335441112559757,67.3357486053861,Closed,Open
98,3.2668796175575836,62.6556157132067,Closed,Open
99,3.3002151238591915,59.22711319756189,Closed,Open
100,3.3335506301607993,60.04137722836624,Closed,Open
101,3.3668861364624076,62.82617949639457,Closed,Open
102,3.4002216427640155,62.292906881399176,Closed,Open
103,3.4335571490656234,57.95941278396049,Closed,Open
104,3.4668926553672317,59.15058881232404,Closed,Open
105,3.5002281616688395,58.44706149065824,Closed,Open
106,3.5335636679704474,58.56849770659901,Closed,Open
107,3.5668991742720553,56.56741019441684,Closed,Closed
108,3.6002346805736636,57.81908228064891,Closed,Open
109,3.633570186875271,60.416697162681146,Closed,Open
110,3.6669056931768793,58.01418120496133,Closed,Open
111,3.700241199478488,60.75265681355284,Closed,Open
112,3.733576705780095,57.36568999767064,Closed,Closed
113,3.7669122120817033,59.33664008599936,Closed,Open
114,3.800247718383312,61.09977531302631,Closed,Open
115,3.833583224684919,63.70913026950895,Closed,Open
116,3.8669187309865274,60.359301824974466,Closed,Open
117,3.9002542372881353,60.93312405909733,Closed,Open
118,3.933589743589744,64.60796077553051,Closed,Open
119,3.966925249891351,61.50655982701841,Closed,Open
120,4.00026075619296,67.41001282479063,Closed,Open
121,4.033596262494568,59.362591986761515,Closed,Open
122,4.0669317687961755,59.21676248660574,Closed,Open
123,4.100267275097783,62.78686643166549,Closed,Open
124,4.133602781399391,60.07261155278147,Closed,Open
125,4.166938287700999,58.66397556259332,Closed,Open
126,4.200273794002608,59.39882577438266,Closed,Open
127,4.233609300304216,61.66766457228411,Closed,Open
128,4.2669448066058235,58.39463092237301,Closed,Open
129,4.300280312907431,55.443242643119646,Closed,Closed
130,4.333615819209039,58.00491445142276,Closed,Open
131,4.366951325510647,60.3222119281016,Closed,Open
132,4.400286831812255,65.0680340884929,Closed,Open
133,4.433622338113864,65.60943790298738,Closed,Open
134,4.466957844415472,66.90085592225084,Closed,Open
135,4.5002933507170795,71.71310991541957,Closed,Open
136,4.533628857018687,71.70640732505183,Closed,Open
137,4.566964363320295,72.35982151511726,Closed,Open
138,4.600299869621903,70.26506450208166,Closed,Open
139,4.633635375923511,61.09225109398477,Closed,Open
140,4.66697088222512,68.50533345376124,Closed,Open
141,4.700306388526728,64.97729291072645,Closed,Open
142,4.733641894828335,62.616876210459665,Closed,Open
143,4.766977401129943,62.36943757316365,Closed,Open
144,4.800312907431551,60.386480821197466,Closed,Open
145,4.833648413733159,61.432947421667635,Closed,Open
146,4.866983920034767,61.71994612742644,Closed,Open
147,4.900319426336376,59.92077972904371,Closed,Open
148,4.9336549326379835,57.934414395745634,Closed,Open
149,4.966990438939591,57.38705922806969,Closed,Open
150,5.000325945241199,61.193287874685225,Closed,Open
151,5.033661451542807,61.77773075885615,Closed,Open
152,5.066996957844415,68.57646700459404,Closed,Open
153,5.100332464146024,63.53998211481222,Closed,Open
154,5.133667970447632,69.66697725734913,Closed,Open
155,5.167003476749239,67.27116841916303,Closed,Open
156,5.200338983050847,64.17887469846947,Closed,Open
157,5.233674489352455,63.500535952939735,Closed,Open
158,5.267009995654063,55.81980081279288,Closed,Closed
159,5.300345501955671,62.10241802541174,Closed,Open
160,5.33368100825728,58.24353712831295,Closed,Open
161,5.3670165145588875,57.585689823913526,Closed,Open
162,5.400352020860495,57.412508400094,Closed,Open
163,5.433687527162103,57.78049716414141,Closed,Open
164,5.467023033463711,54.632603552850554,Closed,Closed
165,5.500358539765319,58.58578344859764,Closed,Open
166,5.533694046066927,57.51888371138587,Closed,Open
167,5.567029552368536,55.12614719600484,Closed,Closed
168,5.6003650586701434,57.19726863137543,Closed,Closed
169,5.633700564971751,59.68530928281618,Closed,Open
170,5.667036071273359,65.47812404188878,Closed,Open
171,5.700371577574967,64.78714798403789,Closed,Open
172,5.733707083876575,63.992175097803205,Closed,Open
173,5.767042590178183,64.1349696484,Closed,Open
174,5.8003780964797915,66.60562427073984,Closed,Open
175,5.833713602781399,65.20249354198512,Closed,Open
176,5.867049109083007,64.9342244145458,Closed,Open
177,5.900384615384615,61.09601351443698,Closed,Open
178,5.933720121686223,61.02926466542233,Closed,Open
179,5.967055627987831,64.52204994278267,Closed,Open
180,6.000391134289439,68.62324256658414,Closed,Open
181,6.0337266405910475,54.84479389127511,Closed,Closed
182,6.067062146892655,58.62090385253275,Closed,Open
183,6.100397653194263,59.271398234459326,Closed,Open
184,6.133733159495871,61.98386886924694,Closed,Open
185,6.167068665797479,58.867939015287334,Closed,Open
186,6.200404172099087,55.70932854490242,Closed,Closed
187,6.2337396784006955,62.70992026436488,Closed,Open
188,6.267075184702303,62.17493758402245,Closed,Open
189,6.300410691003911,62.8361872241708,Closed,Open
190,6.333746197305519,65.38032042523797,Closed,Open
191,6.367081703607127,63.16973873281365,Closed,Open
192,6.400417209908735,69.84336950170326,Closed,Open
193,6.433752716210343,68.91040825237091,Closed,Open
194,6.4670882225119515,66.24186194366324,Closed,Open
195,6.500423728813559,64.73417558882632,Closed,Open
196,6.533759235115167,64.90059863009002,Closed,Open
197,6.567094741416775,62.358302840132225,Closed,Open
198,6.600430247718383,57.52709160259596,Closed,Open
199,6.633765754019991,61.53482786721784,Closed,Open
200,6.667101260321599,59.331293431830304,Closed,Open
201,6.700436766623207,59.83009685455747,Closed,Open
202,6.733772272924815,59.989249192211176,Closed,Open
203,6.767107779226423,60.541125144455634,Closed,Open
204,6.800443285528031,56.767093115404336,Closed,Closed
205,6.833778791829639,59.11510016713645,Closed,Open
206,6.867114298131247,63.119542529701874,Closed,Open
207,6.900449804432855,65.213995805821,Closed,Open
208,6.933785310734463,64.21920255540351,Closed,Open
209,6.967120817036071,69.54488566835155,Closed,Open
210,7.000456323337679,66.35692349381364,Closed,Open
211,7.033791829639287,68.02170345638112,Closed,Open
212,7.067127335940895,64.74065880885888,Closed,Open
213,7.100462842242503,62.54165709843953,Closed,Open
214,7.1337983485441105,57.48396215965786,Closed,Open
215,7.167133854845719,55.56072447465437,Closed,Closed
216,7.200469361147327,62.497031838855406,Closed,Open
217,7.233804867448935,61.16778191994981,Closed,Open
218,7.267140373750543,53.896212368172584,Closed,Closed
219,7.300475880052151,59.78851193100152,Closed,Open
220,7.333811386353759,57.18543997715861,Closed,Closed
221,7.367146892655367,58.816412381499376,Closed,Open
222,7.400482398956975,55.95382949608154,Closed,Closed
223,7.433817905258583,58.58929052640016,Closed,Open
224,7.467153411560191,59.18904499554648,Closed,Open
225,7.500488917861799,61.226458684064056,Closed,Open
226,7.533824424163407,65.0428109321338,Closed,Open
227,7.567159930465015,70.91338840697122,Closed,Open
228,7.600495436766623,67.73067529945212,Closed,Open
229,7.633830943068231,69.32936560666495,Closed,Open
230,7.667166449369839,68.80489778288114,Closed,Open
231,7.700501955671447,65.83797171270544,Closed,Open
232,7.733837461973055,68.79554431596488,Closed,Open
233,7.767172968274663,66.15826018518639,Closed,Open
234,7.8005084745762705,65.81081816112902,Closed,Open
235,7.833843980877879,63.85286253829453,Closed,Open
236,7.867179487179487,63.465360580138096,Closed,Open
237,7.900514993481095,63.53160461181952,Closed,Open
238,7.933850499782703,62.15414551232955,Closed,Open
239,7.967186006084311,59.9638384662134,Closed,Open
240,8.00052151238592,62.1931365951495,Closed,Open
241,8.033857018687527,63.08393786858045,Closed,Open
242,8.067192524989135,63.81794088178705,Closed,Open
243,8.100528031290743,62.49440643070683,Closed,Open
244,8.133863537592351,61.229666905096984,Closed,Open
245,8.167199043893959,62.39002165870691,Closed,Open
246,8.200534550195567,61.43288158727612,Closed,Open
247,8.233870056497175,65.75487737086794,Closed,Open
248,8.267205562798782,67.00652551597062,Closed,Open
249,8.30054106910039,70.56862830909508,Closed,Open
250,8.333876575401998,68.30324801562614,Closed,Open
251,8.367212081703606,71.77462263823828,Closed,Open
252,8.400547588005216,70.68304371894718,Closed,Open
253,8.433883094306823,67.9424402653186,Closed,Open
254,8.467218600608431,66.67044529060101,Closed,Open
255,8.50055410691004,67.64982542550632,Closed,Open
256,8.533889613211647,67.58411117949501,Closed,Open
257,8.567225119513255,62.51598339565919,Closed,Open
258,8.600560625814863,64.63935488723392,Closed,Open
259,8.63389613211647,63.367338363497645,Closed,Open
260,8.667231638418079,61.61132808140578,Closed,Open
261,8.700567144719686,61.640165892386705,Closed,Open
262,8.733902651021294,60.15316313986912,Closed,Open
263,8.767238157322902,58.35116358489941,Closed,Open
264,8.80057366362451,57.77821750514289,Closed,Open
265,8.833909169926118,60.600262496111384,Closed,Open
266,8.867244676227727,59.58470991602094,Closed,Open
267,8.900580182529335,62.970386183954574,Closed,Open
268,8.933915688830943,71.08975791047382,Closed,Open
269,8.967251195132551,69.7660157067462,Closed,Open
270,9.000586701434159,70.33288548957913,Closed,Open
271,9.033922207735769,67.83196622434521,Closed,Open
272,9.067257714037376,66.61353171515681,Closed,Open
273,9.100593220338984,72.10045411885474,Closed,Open
274,9.13392872664059,68.25963818927714,Closed,Open
275,9.167264232942198,66.39376290004722,Closed,Open
276,9.200599739243806,61.82787750971751,Closed,Open
277,9.233935245545414,67.56953946717178,Closed,Open
278,9.267270751847022,67.33778836122785,Closed,Open
279,9.300606258148632,66.00636220521795,Closed,Open
280,9.33394176445024,65.34420024186578,Closed,Open
281,9.367277270751847,65.9706700463818,Closed,Open
282,9.400612777053457,64.1434912611658,Closed,Open
283,9.433948283355065,65.6165392833551,Closed,Open
284,9.46728378965667,62.60240253415614,Closed,Open
285,9.50061929595828,60.06040746648202,Closed,Open
286,9.533954802259888,59.64488499478175,Closed,Open
287,9.567290308561494,60.18105555105656,Closed,Open
288,9.600625814863102,62.7818900547129,Closed,Open
289,9.63396132116471,66.9397052442684,Closed,Open
290,9.667296827466318,69.27917773003273,Closed,Open
291,9.700632333767926,73.20846774948693,Closed,Open
292,9.733967840069534,73.56193213548825,Closed,Open
293,9.767303346371143,70.24729046174605,Closed,Open
294,9.800638852672751,70.89966535050107,Closed,Open
295,9.83397435897436,69.43435030280696,Closed,Open
296,9.867309865275969,66.81901924081286,Closed,Open
297,9.900645371577577,69.04334420813149,Closed,Open
298,9.933980877879184,68.94157571678574,Closed,Open
299,9.96731638418079,66.32172857787165,Closed,Open
300,10.000651890482398,65.82230235987419,Closed,Open
301,10.033987396784006,67.35431637774131,Closed,Open
302,10.067322903085614,64.79866363527069,Closed,Open
303,10.100658409387222,62.075221420519,Closed,Open
304,10.13399391568883,61.67975551660992,Closed,Open
305,10.167329421990438,60.98651474377532,Closed,Open
306,10.200664928292047,59.45034558110866,Closed,Open
307,10.234000434593655,57.624689052802225,Closed,Open
308,10.267335940895263,59.62520611535822,Closed,Open
309,10.300671447196873,64.78799074053191,Closed,Open
310,10.33400695349848,67.24241217237726,Closed,Open
311,10.367342459800089,71.67252531375082,Closed,Open
312,10.400677966101696,71.94720291842785,Closed,Open
313,10.434013472403302,72.5986052404958,Closed,Open
314,10.46734897870491,72.06946236758715,Closed,Open
315,10.500684485006518,70.73838247334103,Closed,Open
316,10.534019991308126,69.67443575356876,Closed,Open
317,10.567355497609734,68.26549190084312,Closed,Open
318,10.600691003911342,70.96852488044559,Closed,Open
319,10.63402651021295,68.28536055243511,Closed,Open
320,10.66736201651456,68.41289281228366,Closed,Open
321,10.700697522816167,68.33583161108913,Closed,Open
322,10.734033029117777,66.59825176299354,Closed,Open
323,10.767368535419385,63.07577605735856,Closed,Open
324,10.80070404172099,63.405862427125314,Closed,Open
325,10.8340395480226,66.56401102029204,Closed,Open
326,10.867375054324206,62.92029346142803,Closed,Open
327,10.900710560625814,65.85777936467976,Closed,Open
328,10.934046066927422,62.85313880381591,Closed,Open
329,10.96738157322903,59.65264343779934,Closed,Open
330,11.000717079530638,58.276621412627634,Closed,Open
331,11.034052585832246,64.18110486975822,Closed,Open
332,11.067388092133854,66.00279520101157,Closed,Open
333,11.100723598435462,70.09934521121158,Closed,Open
334,11.134059104737071,70.06975289085048,Closed,Open
335,11.16739461103868,72.13850175605967,Closed,Open
336,11.200730117340289,71.28366159434877,Closed,Open
337,11.234065623641897,69.89388068118974,Closed,Open
338,11.267401129943504,69.39181153772631,Closed,Open
339,11.30073663624511,65.72630396760826,Closed,Open
340,11.334072142546718,64.54135739118155,Closed,Open
341,11.367407648848326,64.47816762181614,Closed,Open
342,11.400743155149934,64.74065880885888,Closed,Open
343,11.434078661451542,60.02439282724145,Closed,Open
344,11.46741416775315,60.44301346564935,Closed,Open
345,11.500749674054758,62.983441478235726,Closed,Open
346,11.534085180356366,62.90169985454469,Closed,Open
347,11.567420686657975,62.740814880254526,Closed,Open
348,11.600756192959585,59.96191264281657,Closed,Open
349,11.634091699261193,59.231651986240834,Closed,Open
350,11.6674272055628,56.64174930957074,Closed,Closed
351,11.700762711864408,61.44535484350799,Closed,Open
352,11.734098218166016,63.506715579845874,Closed,Open
353,11.767433724467622,68.34202204545001,Closed,Open
354,11.80076923076923,71.67630027241148,Closed,Open
355,11.834104737070838,72.6887011166132,Closed,Open
356,11.867440243372446,71.30016192325938,Closed,Open
357,11.900775749674054,63.88895070926047,Closed,Open
358,11.934111255975662,63.41135747642787,Closed,Open
359,11.96744676227727,67.05041517944511,Closed,Open
360,12.000782268578876,66.17609859093648,Closed,Open
361,12.034117774880489,65.20330006047197,Closed,Open
362,12.067453281182097,61.515641897630395,Closed,Open
363,12.100788787483705,66.18757102218186,Closed,Open
364,12.13412429378531,63.72270163103109,Closed,Open
365,12.16745980008692,63.959558118705566,Closed,Open
366,12.200795306388526,62.88312478570684,Closed,Open
367,12.234130812690134,59.89975696111605,Closed,Open
368,12.267466318991742,65.87593297841939,Closed,Open
369,12.30080182529335,58.95909407308284,Closed,Open
370,12.334137331594958,63.151438356980975,Closed,Open
371,12.367472837896566,67.16791509172293,Closed,Open
372,12.400808344198174,71.63990092535184,Closed,Open
373,12.43414385049978,71.35468482449157,Closed,Open
374,12.467479356801393,72.54316621769996,Closed,Open
375,12.500814863103,72.0605427013398,Closed,Open
376,12.534150369404609,64.86729525157158,Closed,Open
377,12.567485875706216,68.8748726878809,Closed,Open
378,12.600821382007824,66.49670815428118,Closed,Open
379,12.63415688830943,69.71743441255441,Closed,Open
380,12.667492394611038,68.53252939535669,Closed,Open
381,12.700827900912646,68.78794846998005,Closed,Open
382,12.734163407214254,67.3586408128738,Closed,Open
383,12.767498913515862,63.64536787695286,Closed,Open
384,12.80083441981747,61.41627543907644,Closed,Open
385,12.834169926119078,60.998558493732915,Closed,Open
386,12.867505432420684,58.251290409990936,Closed,Open
387,12.900840938722292,57.08073490485051,Closed,Closed
388,12.934176445023905,54.97531913374384,Closed,Closed
389,12.96751195132551,58.97575735504675,Closed,Open
390,13.00084745762712,54.16640707056724,Closed,Closed
391,13.034182963928728,58.70818017103206,Closed,Open
392,13.067518470230334,57.6966204559508,Closed,Open
393,13.100853976531942,62.5454710677258,Closed,Open
394,13.13418948283355,64.01205932926003,Closed,Open
395,13.167524989135158,67.98906140856568,Closed,Open
396,13.200860495436766,70.48843129945043,Closed,Open
397,13.234196001738374,69.15685220281549,Closed,Open
398,13.267531508039982,70.64386768102678,Closed,Open
399,13.30086701434159,70.0785534240508,Closed,Open
400,13.334202520643196,68.33583161108913,Closed,Open
401,13.367538026944809,65.87525042596712,Closed,Open
402,13.400873533246417,68.2534583272683,Closed,Open
403,13.434209039548024,68.26812998948718,Closed,Open
404,13.46754454584963,66.60309019086651,Closed,Open
405,13.500880052151238,64.3043012257928,Closed,Open
406,13.534215558452846,65.49281927068446,Closed,Open
407,13.567551064754454,64.58880320620548,Closed,Open
408,13.600886571056062,62.18672521367703,Closed,Open
409,13.63422207735767,62.97543639673593,Closed,Open
410,13.667557583659278,60.64143506785918,Closed,Open
411,13.700893089960886,64.10362641114904,Closed,Open
412,13.734228596262492,64.36755949323043,Closed,Open
413,13.7675641025641,64.43736252520543,Closed,Open
414,13.80089960886571,60.25553644088973,Closed,Open
415,13.83423511516732,58.269449006884855,Closed,Open
416,13.867570621468928,57.88604337219143,Closed,Open
417,13.900906127770536,60.43788343511311,Closed,Open
418,13.934241634072142,64.47662595828669,Closed,Open
419,13.96757714037375,66.64085547986116,Closed,Open
420,14.000912646675358,69.99476324679426,Closed,Open
421,14.034248152976966,69.09618963604979,Closed,Open
422,14.067583659278574,72.00412774344322,Closed,Open
423,14.100919165580182,70.56862830909508,Closed,Open
424,14.13425467188179,68.58646452933957,Closed,Open
425,14.167590178183396,71.41172242701805,Closed,Open
426,14.200925684485004,69.54834939252005,Closed,Open
427,14.234261190786611,67.41727627734733,Closed,Open
428,14.26759669708822,65.02197374399283,Closed,Open
429,14.30093220338983,65.500323164999,Closed,Open
430,14.33426770969144,63.17921228897488,Closed,Open
431,14.367603215993046,61.61023661675863,Closed,Open
432,14.400938722294654,62.401667490996275,Closed,Open
433,14.434274228596262,58.824350879062266,Closed,Open
434,14.46760973489787,61.03069476668048,Closed,Open
435,14.500945241199478,58.3507699986753,Closed,Open
436,14.534280747501086,57.646982185005825,Closed,Open
437,14.567616253802694,58.035482623478345,Closed,Open
438,14.600951760104302,57.271816077640565,Closed,Closed
439,14.63428726640591,56.74854394431284,Closed,Closed
440,14.667622772707515,54.684497669067014,Closed,Closed
441,14.700958279009123,66.31645879352358,Closed,Open
442,14.734293785310737,66.2069486758673,Closed,Open
443,14.767629291612344,64.53295409712031,Closed,Open
444,14.80096479791395,64.55792543303347,Closed,Open
445,14.834300304215558,67.29651078665948,Closed,Open
446,14.867635810517166,67.01853946830016,Closed,Open
447,14.900971316818774,66.37215133626162,Closed,Open
448,14.934306823120382,62.130753816852895,Closed,Open
449,14.96764232942199,62.58961458635936,Closed,Open
450,15.000977835723598,59.785535828829794,Closed,Open
451,15.034313342025206,62.40063584024156,Closed,Open
452,15.067648848326812,63.70024526753852,Closed,Open
453,15.10098435462842,65.51616770810152,Closed,Open
454,15.13431986093003,68.11139390214629,Closed,Open
455,15.167655367231635,67.8517284419473,Closed,Open
456,15.200990873533248,65.43527259246058,Closed,Open
457,15.234326379834854,66.28901211638068,Closed,Open
458,15.267661886136462,65.40694026768803,Closed,Open
459,15.30099739243807,60.86782779979778,Closed,Open
460,15.334332898739678,60.975879917293625,Closed,Open
461,15.367668405041286,57.6998168909263,Closed,Open
462,15.401003911342894,60.37014217221049,Closed,Open
463,15.434339417644502,58.69546228349272,Closed,Open
464,15.46767492394611,59.50649980466967,Closed,Open
465,15.501010430247716,59.76282949382717,Closed,Open
466,15.534345936549323,59.36506000097408,Closed,Open
467,15.567681442850931,54.663366011976166,Closed,Closed
468,15.60101694915254,60.07264591033393,Closed,Open
469,15.63435245545415,54.8679803631061,Closed,Closed
470,15.66768796175576,57.65821239625939,Closed,Open
471,15.701023468057366,60.1572155491232,Closed,Open
472,15.734358974358974,63.929644527979875,Closed,Open
473,15.767694480660582,66.43575990431013,Closed,Open
474,15.80102998696219,68.81729830016917,Closed,Open
475,15.834365493263798,69.06668807646774,Closed,Open
476,15.867700999565406,69.21657452900432,Closed,Open
477,15.901036505867014,68.38567349216913,Closed,Open
478,15.93437201216862,66.71657579041597,Closed,Open
479,15.96770751847023,66.07958514531538,Closed,Open
480,16.00104302477184,66.65868765678545,Closed,Open
481,16.034378531073447,64.88056791583132,Closed,Open
482,16.067714037375055,61.21025354853852,Closed,Open
483,16.101049543676663,59.81949854233642,Closed,Open
484,16.13438504997827,59.67658170776288,Closed,Open
485,16.16772055627988,60.93530090909775,Closed,Open
486,16.201056062581486,60.17205917024953,Closed,Open
487,16.234391568883094,60.58669033844127,Closed,Open
488,16.267727075184702,61.11397551750861,Closed,Open
489,16.30106258148631,59.61435896078339,Closed,Open
490,16.334398087787918,58.35642282875138,Closed,Open
491,16.367733594089525,54.12167636182821,Closed,Closed
492,16.401069100391133,55.843164085263055,Closed,Closed
493,16.43440460669274,57.345035037645786,Closed,Closed
494,16.46774011299435,62.96626582505401,Closed,Open
495,16.501075619295957,65.4809450132419,Closed,Open
496,16.534411125597565,69.00508512142764,Closed,Open
497,16.567746631899173,72.16864307100602,Closed,Open
498,16.60108213820078,71.25915208840708,Closed,Open
499,16.63441764450239,73.16154797958464,Closed,Open
500,16.667753150803996,71.01960485781603,Closed,Open
501,16.701088657105604,69.61229234227136,Closed,Open
502,16.734424163407212,69.50630679497286,Closed,Open
503,16.767759669708823,68.63340982341539,Closed,Open
504,16.80109517601043,66.78330701580182,Closed,Open
505,16.83443068231204,66.02188831892349,Closed,Open
506,16.867766188613647,64.25791185092973,Closed,Open
507,16.901101694915255,62.307212403587016,Closed,Open
508,16.934437201216863,61.51078076999326,Closed,Open
509,16.96777270751847,60.98473328321184,Closed,Open
510,17.00110821382008,60.62109017469888,Closed,Open
511,17.034443720121686,59.28891018002042,Closed,Open
512,17.067779226423294,60.23087450188532,Closed,Open
513,17.101114732724902,59.04636582939672,Closed,Open
514,17.13445023902651,60.47468435162355,Closed,Open
515,17.167785745328118,55.14532226849779,Closed,Closed
516,17.201121251629726,61.27598313271187,Closed,Open
517,17.234456757931333,59.64732339082243,Closed,Open
518,17.26779226423294,65.06587094387747,Closed,Open
519,17.30112777053455,68.79641454882953,Closed,Open
520,17.334463276836157,71.45328080512667,Closed,Open
521,17.367798783137765,70.35415266997646,Closed,Open
522,17.401134289439373,71.48245120044506,Closed,Open
523,17.43446979574098,71.08009996818694,Closed,Open
524,17.46780530204259,71.81511342380283,Closed,Open
525,17.501140808344196,69.38531029935677,Closed,Open
526,17.534476314645804,69.6633324611148,Closed,Open
527,17.567811820947412,69.00318483276664,Closed,Open
528,17.60114732724902,66.65284496431835,Closed,Open
529,17.634482833550628,65.14031419889886,Closed,Open
530,17.667818339852236,64.45451200977053,Closed,Open
531,17.701153846153847,61.032706922442706,Closed,Open
532,17.734489352455455,57.39577153397599,Closed,Open
533,17.767824858757063,59.25430224946754,Closed,Open
534,17.80116036505867,58.90609173375199,Closed,Open
535,17.83449587136028,57.31557577797135,Closed,Closed
536,17.867831377661886,60.284787250991535,Closed,Open
537,17.901166883963494,56.28651450602724,Closed,Closed
538,17.934502390265102,56.40123548233298,Closed,Closed
539,17.96783789656671,57.08664911297907,Closed,Closed
540,18.001173402868318,56.45761823522294,Closed,Closed
541,18.03450890916993,59.1720250902128,Closed,Open
542,18.067844415471537,66.02925767412742,Closed,Open
543,18.10117992177314,70.99500947905722,Closed,Open
544,18.13451542807475,74.74034171433655,Closed,Open
545,18.167850934376357,72.77361430324713,Closed,Open
546,18.201186440677965,75.00052283869135,Open,Open
547,18.234521946979573,72.12984063235827,Closed,Open
548,18.26785745328118,71.35075773344589,Closed,Open
549,18.30119295958279,69.54488566835155,Closed,Open
550,18.334528465884397,68.59355082400208,Closed,Open
551,18.367863972186004,68.99928031722439,Closed,Open
552,18.401199478487612,66.71937668389134,Closed,Open
553,18.43453498478922,66.11445436137558,Closed,Open
554,18.467870491090828,65.86532845230299,Closed,Open
555,18.501205997392436,65.8569212310139,Closed,Open
556,18.534541503694044,63.32644847238009,Closed,Open
557,18.56787700999565,60.59909747336239,Closed,Open
558,18.601212516297263,56.66488684138702,Closed,Closed
559,18.63454802259887,57.4600043349946,Closed,Open
560,18.66788352890048,56.86501329184505,Closed,Closed
561,18.701219035202087,59.12751043228284,Closed,Open
562,18.734554541503694,59.042518330989424,Closed,Open
563,18.767890047805302,56.08015304589466,Closed,Closed
564,18.80122555410691,57.267733189456045,Closed,Closed
565,18.83456106040852,60.46528113197378,Closed,Open
566,18.86789656671013,67.50437025250122,Closed,Open
567,18.901232073011737,72.02129124934328,Closed,Open
568,18.93456757931334,73.08227728817053,Closed,Open
569,18.96790308561495,73.86848754356302,Closed,Open
570,19.001238591916557,74.11810679304381,Closed,Open
571,19.034574098218165,73.30603135419919,Closed,Open
572,19.067909604519773,71.12590730882408,Closed,Open
573,19.10124511082138,71.43057745134118,Closed,Open
574,19.13458061712299,68.58646452933957,Closed,Open
575,19.167916123424597,69.45859665373196,Closed,Open
576,19.201251629726205,69.2819166471686,Closed,Open
577,19.234587136027812,66.7188794735939,Closed,Open
578,19.26792264232942,65.22622250957966,Closed,Open
579,19.301258148631028,65.64631398038723,Closed,Open
580,19.334593654932636,63.25339420618774,Closed,Open
581,19.367929161234244,59.50958173850296,Closed,Open
582,19.40126466753585,57.4751143076879,Closed,Open
583,19.43460017383746,56.68896578434416,Closed,Closed
584,19.467935680139068,66.71018502753107,Closed,Open
585,19.50127118644068,61.97013295912588,Closed,Open
586,19.534606692742287,60.34262322532746,Closed,Open
587,19.567942199043895,65.51431501239969,Closed,Open
588,19.601277705345503,63.35700601600702,Closed,Open
589,19.63461321164711,68.35535405441138,Closed,Open
590,19.66794871794872,63.52502441492602,Closed,Open
591,19.70128422425033,62.11207753785758,Closed,Open
592,19.734619730551938,66.15328081235026,Closed,Open
593,19.767955236853545,65.76477665091866,Closed,Open
594,19.80129074315515,67.91620656734406,Closed,Open
595,19.83462624945676,67.5090698181252,Closed,Open
596,19.867961755758365,63.79710823664654,Closed,Open
597,19.901297262059973,66.30943833131427,Closed,Open
598,19.93463276836158,65.16787351865204,Closed,Open
599,19.96796827466319,63.23894969593515,Closed,Open
600,20.001303780964797,62.888904665574955,Closed,Open
601,20.034639287266405,64.588270625155,Closed,Open
602,20.067974793568013,67.8643792142112,Closed,Open
603,20.10131029986962,68.59509717076868,Closed,Open
604,20.13464580617123,67.80015723231568,Closed,Open
605,20.167981312472836,68.43846251044884,Closed,Open
606,20.201316818774444,65.12401227906709,Closed,Open
607,20.234652325076052,65.47032405658275,Closed,Open
608,20.26798783137766,65.00438562747846,Closed,Open
609,20.301323337679268,69.6116886650874,Closed,Open
610,20.334658843980876,67.30438975410047,Closed,Open
611,20.367994350282483,69.06171806044554,Closed,Open
612,20.401329856584095,65.94169125492114,Closed,Open
613,20.434665362885703,69.0941170815567,Closed,Open
614,20.46800086918731,69.38339817824796,Closed,Open
615,20.50133637548892,69.71298127227982,Closed,Open
616,20.534671881790526,67.42785728643571,Closed,Open
617,20.568007388092138,69.20340948237441,Closed,Open
618,20.601342894393746,66.89066649191369,Closed,Open
619,20.63467840069535,68.0942329524805,Closed,Open
620,20.66801390699696,70.8121037467655,Closed,Open
621,20.70134941329857,70.31314205561912,Closed,Open
622,20.734684919600173,70.87348846187788,Closed,Open
623,20.76802042590178,71.33127316267121,Closed,Open
624,20.80135593220339,69.72335930446546,Closed,Open
625,20.834691438504997,69.03171662195923,Closed,Open
626,20.868026944806605,69.9590498662416,Closed,Open
627,20.901362451108213,69.64496678904669,Closed,Open
628,20.93469795740982,68.02225021370319,Closed,Open
629,20.96803346371143,68.6055453694035,Closed,Open
630,21.001368970013036,69.55436917818405,Closed,Open
631,21.034704476314644,67.38818170773982,Closed,Open
632,21.068039982616252,66.50808721374744,Closed,Open
633,21.10137548891786,65.76477665091866,Closed,Open
634,21.134710995219468,66.86514446837462,Closed,Open
635,21.168046501521076,64.19735577866163,Closed,Open
636,21.201382007822684,65.53904005347441,Closed,Open
637,21.23471751412429,67.26674814512842,Closed,Open
638,21.2680530204259,68.17040571053559,Closed,Open
639,21.30138852672751,68.46870106534188,Closed,Open
640,21.33472403302912,68.8722367346837,Closed,Open
641,21.368059539330726,68.20808327463965,Closed,Open
642,21.401395045632334,70.78711053980305,Closed,Open
643,21.434730551933946,70.8026581423786,Closed,Open
644,21.46806605823555,72.65227773084631,Closed,Open
645,21.50140156453716,70.31667340093965,Closed,Open
646,21.53473707083877,72.13394277456881,Closed,Open
647,21.568072577140377,69.47700030104477,Closed,Open
648,21.60140808344198,70.82091952673164,Closed,Open
649,21.63474358974359,73.40136775272421,Closed,Open
650,21.668079096045197,69.36445290137794,Closed,Open
651,21.701414602346805,68.10476684758828,Closed,Open
652,21.734750108648413,68.93274523565572,Closed,Open
653,21.76808561495002,68.37760851887438,Closed,Open
654,21.80142112125163,68.93644780962887,Closed,Open
655,21.834756627553237,68.9244890752415,Closed,Open
656,21.868092133854844,69.23098430300426,Closed,Open
657,21.901427640156452,68.0229914079876,Closed,Open
658,21.93476314645806,69.53173005085512,Closed,Open
659,21.968098652759668,70.22863361812225,Closed,Open
660,22.001434159061276,67.75677208232871,Closed,Open
661,22.034769665362884,68.09637353047907,Closed,Open
662,22.06810517166449,68.59853708799349,Closed,Open
663,22.1014406779661,67.73507858084385,Closed,Open
664,22.134776184267707,68.39404664099078,Closed,Open
665,22.168111690569315,68.52050676170626,Closed,Open
666,22.201447196870923,67.26123956020936,Closed,Open
667,22.234782703172534,70.7135287775084,Closed,Open
668,22.268118209474142,66.78330701580182,Closed,Open
669,22.30145371577575,68.84531279961126,Closed,Open
670,22.33478922207736,67.27053272551652,Closed,Open
671,22.36812472837897,68.15987487669145,Closed,Open
672,22.401460234680577,68.16953283590632,Closed,Open
673,22.43479574098218,69.17842999395788,Closed,Open
674,22.46813124728379,70.47013831453637,Closed,Open
675,22.501466753585397,69.90266725571747,Closed,Open
676,22.534802259887005,70.16303696642652,Closed,Open
677,22.568137766188613,69.57301788234432,Closed,Open
678,22.60147327249022,69.40242441565765,Closed,Open
679,22.63480877879183,67.23533160103692,Closed,Open
680,22.668144285093437,71.7995227536187,Closed,Open
681,22.701479791395045,69.26707335943688,Closed,Open
682,22.734815297696652,70.27488182344885,Closed,Open
683,22.76815080399826,70.11862990787458,Closed,Open
684,22.801486310299868,72.90730076750599,Closed,Open
685,22.834821816601476,69.15277824080783,Closed,Open
686,22.868157322903084,70.44086858932232,Closed,Open
687,22.90149282920469,69.19098037916181,Closed,Open
688,22.9348283355063,70.9208254270164,Closed,Open
689,22.968163841807907,69.08804656707248,Closed,Open
690,23.001499348109515,69.77514602424145,Closed,Open
691,23.034834854411123,69.45904725588153,Closed,Open
692,23.06817036071273,69.39181153772631,Closed,Open
693,23.10150586701434,68.39090105479242,Closed,Open
694,23.13484137331595,68.58263144606047,Closed,Open
695,23.16817687961756,70.45872796323198,Closed,Open
696,23.20151238591917,68.84345322031757,Closed,Open
697,23.234847892220778,69.79577374859272,Closed,Open
698,23.268183398522385,69.38531029935677,Closed,Open
699,23.30151890482399,67.76390785254365,Closed,Open
700,23.3348544111256,68.29997643810734,Closed,Open
701,23.368189917427205,67.88300564305612,Closed,Open
702,23.401525423728813,66.05702700057056,Closed,Open
703,23.43486093003042,67.22132884318472,Closed,Open
704,23.46819643633203,68.50653313806473,Closed,Open
705,23.501531942633637,66.12347811204837,Closed,Open
706,23.534867448935245,67.49247713774666,Closed,Open
707,23.568202955236853,65.24522329349895,Closed,Open
708,23.60153846153846,66.7043075285031,Closed,Open
709,23.63487396784007,65.04254201201141,Closed,Open
710,23.668209474141676,68.47658765338325,Closed,Open
711,23.701544980443284,67.99765722193197,Closed,Open
712,23.734880486744892,68.3387024708889,Closed,Open
713,23.7682159930465,65.56871119464252,Closed,Open
714,23.801551499348108,64.41021098389564,Closed,Open
715,23.834887005649716,67.65935866922167,Closed,Open
716,23.868222511951323,66.42692164509532,Closed,Open
717,23.90155801825293,66.16744813510039,Closed,Open
718,23.93489352455454,66.43098245714125,Closed,Open
719,23.968229030856147,67.3438978254583,Closed,Open
720,24.001564537157755,65.63773865552238,Closed,Open
721,24.034900043459366,65.97487033083155,Closed,Open
722,24.068235549760978,62.45159526112674,Closed,Open
723,24.101571056062586,66.49584101990598,Closed,Open
724,24.13490656236419,70.22043094525259,Closed,Open
725,24.1682420686658,71.21064857379615,Closed,Open
726,24.20157757496741,69.48006673840962,Closed,Open
727,24.234913081269013,74.63031557556644,Closed,Open
728,24.26824858757062,71.59711974130266,Closed,Open
729,24.30158409387223,67.59255013076819,Closed,Open
730,24.334919600173837,68.85716437652471,Closed,Open
731,24.368255106475445,72.54671815909714,Closed,Open
732,24.401590612777053,73.61085766890713,Closed,Open
733,24.43492611907866,72.79657654895647,Closed,Open
734,24.46826162538027,67.44931251604342,Closed,Open
735,24.501597131681876,67.52903247148132,Closed,Open
736,24.534932637983484,66.12094058182367,Closed,Open
737,24.568268144285092,70.87970850524124,Closed,Open
738,24.6016036505867,69.18105427435256,Closed,Open
739,24.634939156888308,63.53671731474291,Closed,Open
740,24.668274663189916,64.1997982689879,Closed,Open
741,24.701610169491524,62.292388565295006,Closed,Open
742,24.73494567579313,71.34883615865272,Closed,Open
743,24.76828118209474,65.84253336389025,Closed,Open
744,24.801616688396347,60.4073969843636,Closed,Open
745,24.834952194697955,60.89455424118621,Closed,Open
746,24.868287700999563,66.45585369269929,Closed,Open
747,24.90162320730117,63.19245993892771,Closed,Open
748,24.934958713602786,65.18527967017118,Closed,Open
749,24.96829421990439,63.32824976280769,Closed,Open
750,25.001629726206,64.7964068915846,Closed,Open
751,25.03496523250761,63.71663707799043,Closed,Open
752,25.068300738809217,64.30635970943632,Closed,Open
753,25.10163624511082,67.3602167991548,Closed,Open
754,25.13497175141243,67.39511666516998,Closed,Open
755,25.168307257714037,67.1491020053362,Closed,Open
756,25.201642764015645,67.37796394802145,Closed,Open
757,25.234978270317253,66.01690570050539,Closed,Open
758,25.26831377661886,64.12043955712207,Closed,Open
759,25.30164928292047,64.55235741840008,Closed,Open
760,25.334984789222077,60.10964501040845,Closed,Open
761,25.368320295523684,58.589107163689235,Closed,Open
762,25.401655801825292,58.03125818289037,Closed,Open
763,25.4349913081269,57.607133033443574,Closed,Open
764,25.468326814428508,58.093594900358774,Closed,Open
765,25.501662320730116,60.10815282433573,Closed,Open
766,25.534997827031724,56.687474834271704,Closed,Closed
767,25.56833333333333,57.11252450419611,Closed,Closed
768,25.60166883963494,58.223350489348455,Closed,Open
769,25.635004345936547,62.37822834519491,Closed,Open
770,25.668339852238155,64.6736790258386,Closed,Open
771,25.701675358539763,65.45765255365379,Closed,Open
772,25.73501086484137,72.25234715645146,Closed,Open
773,25.76834637114298,67.92667041628923,Closed,Open
774,25.801681877444587,66.21017267050118,Closed,Open
775,25.8350173837462,64.48460685660595,Closed,Open
776,25.86835289004781,66.68588351280869,Closed,Open
777,25.901688396349417,66.06499756509596,Closed,Open
778,25.93502390265102,65.21155405348324,Closed,Open
779,25.96835940895263,64.33100582878205,Closed,Open
780,26.001694915254237,65.50812644971093,Closed,Open
781,26.035030421555845,62.66343920665584,Closed,Open
782,26.068365927857453,63.81510104700613,Closed,Open
783,26.10170143415906,60.21899958037733,Closed,Open
784,26.13503694046067,59.16682547692526,Closed,Open
785,26.168372446762277,58.26049450176233,Closed,Open
786,26.201707953063885,56.6079069349836,Closed,Closed
787,26.235043459365492,58.30146844947266,Closed,Open
788,26.2683789656671,59.004153962003016,Closed,Open
789,26.301714471968708,64.02943106065416,Closed,Open
790,26.335049978270316,63.801233259234074,Closed,Open
791,26.368385484571924,68.93165516016568,Closed,Open
792,26.40172099087353,71.13185264934748,Closed,Open
793,26.43505649717514,72.53892763474275,Closed,Open
794,26.468392003476747,69.99193443462347,Closed,Open
795,26.501727509778355,67.36669371242664,Closed,Open
796,26.535063016079963,64.62825271057486,Closed,Open
797,26.56839852238157,60.52624615116606,Closed,Open
798,26.60173402868318,62.69877971509217,Closed,Open
799,26.635069534984787,63.79870501882502,Closed,Open
800,26.668405041286395,60.64722179731918,Closed,Open
801,26.701740547588003,55.1426596803719,Closed,Closed
802,26.735076053889617,62.27518857505841,Closed,Open
803,26.768411560191225,63.94172989861692,Closed,Open
804,26.80174706649283,56.28117693460209,Closed,Closed
805,26.83508257279444,56.885839748619205,Closed,Closed
806,26.868418079096045,59.2602916254693,Closed,Open
807,26.901753585397653,64.70009076645438,Closed,Open
808,26.93508909169926,69.63857380560374,Closed,Open
809,26.96842459800087,69.87283257913413,Closed,Open
810,27.001760104302477,70.21437760761773,Closed,Open
811,27.035095610604085,69.45642380253926,Closed,Open
812,27.068431116905693,72.65660861245061,Closed,Open
813,27.1017666232073,72.24850541627137,Closed,Open
814,27.13510212950891,70.57919374891189,Closed,Open
815,27.168437635810516,67.86794408168643,Closed,Open
816,27.201773142112124,65.7144456660407,Closed,Open
817,27.235108648413732,61.60241953082178,Closed,Open
818,27.26844415471534,57.89393006215309,Closed,Open
819,27.301779661016948,57.01421033133953,Closed,Closed
820,27.335115167318556,56.16958505933698,Closed,Closed
821,27.368450673620163,59.68896493046944,Closed,Open
822,27.40178617992177,57.72614753150694,Closed,Open
823,27.43512168622338,58.238470773002405,Closed,Open
824,27.468457192524987,64.43944267159459,Closed,Open
825,27.501792698826595,69.89953357463932,Closed,Open
826,27.535128205128203,72.12359545093486,Closed,Open
827,27.56846371142981,76.21124865607317,Open,Open
828,27.60179921773142,73.9850437293407,Closed,Open
829,27.635134724033023,70.45086376044276,Closed,Open
830,27.66847023033464,70.57299494980467,Closed,Open
831,27.70180573663625,69.13010069903886,Closed,Open
832,27.735141242937853,66.91394873516347,Closed,Open
833,27.76847674923946,64.37348713333543,Closed,Open
834,27.80181225554107,60.185971766896685,Closed,Open
835,27.835147761842677,58.462284764015536,Closed,Open
836,27.868483268144285,57.57209587047764,Closed,Open
837,27.901818774445893,58.83883500070566,Closed,Open
838,27.9351542807475,57.180096673536994,Closed,Closed
839,27.96848978704911,57.960242674115825,Closed,Open
840,28.001825293350716,58.89181436389771,Closed,Open
841,28.035160799652324,58.5399056669645,Closed,Open
842,28.068496305953932,59.33126608486735,Closed,Open
843,28.10183181225554,64.70595857329671,Closed,Open
844,28.135167318557148,71.27128958153656,Closed,Open
845,28.168502824858756,70.39298268304061,Closed,Open
846,28.201838331160364,70.47765585651277,Closed,Open
847,28.23517383746197,71.25897251004122,Closed,Open
848,28.26850934376358,67.713673912661,Closed,Open
849,28.301844850065187,68.82091952673164,Closed,Open
850,28.335180356366795,67.81912781715178,Closed,Open
851,28.368515862668403,67.58087450144146,Closed,Open
852,28.40185136897001,64.78289637202931,Closed,Open
853,28.43518687527162,65.29062397887346,Closed,Open
854,28.468522381573223,62.977391721566896,Closed,Open
855,28.50185788787483,61.057859607890094,Closed,Open
856,28.53519339417644,65.98415300791801,Closed,Open
857,28.568528900478057,65.71747654548128,Closed,Open
858,28.60186440677966,62.85692286089924,Closed,Open
859,28.63519991308127,65.41810242443174,Closed,Open
860,28.668535419382877,64.40731832647876,Closed,Open
861,28.701870925684485,65.97067716708287,Closed,Open
862,28.735206431986093,63.17921228897488,Closed,Open
863,28.7685419382877,63.62002605521644,Closed,Open
864,28.80187744458931,64.49997790036295,Closed,Open
865,28.835212950890917,61.476488846744786,Closed,Open
866,28.868548457192524,63.74863459648327,Closed,Open
867,28.901883963494132,61.28169006280923,Closed,Open
868,28.93521946979574,54.217631650105304,Closed,Closed
869,28.968554976097348,61.087568385429314,Closed,Open
870,29.001890482398956,57.670023872868754,Closed,Open
871,29.035225988700564,58.49117087277292,Closed,Open
872,29.06856149500217,56.280904329638346,Closed,Closed
873,29.10189700130378,61.1767406563818,Closed,Open
874,29.135232507605387,65.6712363411956,Closed,Open
875,29.168568013906995,70.61581325184515,Closed,Open
876,29.201903520208603,71.25613323501462,Closed,Open
877,29.23523902651021,70.71457645102282,Closed,Open
878,29.26857453281182,69.57036126479471,Closed,Open
879,29.301910039113427,70.80255506921866,Closed,Open
880,29.33524554541503,68.43523241436891,Closed,Open
881,29.36858105171664,68.13665042010217,Closed,Open
882,29.40191655801825,64.10241371705263,Closed,Open
883,29.435252064319855,66.97811566101117,Closed,Open
884,29.46858757062147,61.06202681967786,Closed,Open
885,29.501923076923077,62.67316862557526,Closed,Open
886,29.535258583224685,60.12306000054116,Closed,Open
887,29.568594089526293,57.85140215484056,Closed,Open
888,29.6019295958279,61.07738057728311,Closed,Open
889,29.63526510212951,57.88035430336592,Closed,Open
890,29.668600608431117,58.13902948174881,Closed,Open
891,29.701936114732725,60.91031171277004,Closed,Open
892,29.735271621034332,67.9595299645379,Closed,Open
893,29.76860712733594,66.21550978621471,Closed,Open
894,29.801942633637548,66.27165387030593,Closed,Open
895,29.835278139939156,69.65706912472194,Closed,Open
896,29.868613646240764,66.02914147331393,Closed,Open
897,29.90194915254237,63.17232318532665,Closed,Open
898,29.93528465884398,68.6882654442237,Closed,Open
899,29.968620165145587,66.8735774749752,Closed,Open
900,30.001955671447195,64.93458659470242,Closed,Open
901,30.035291177748803,64.52437800886662,Closed,Open
902,30.06862668405041,63.23725962138119,Closed,Open
903,30.10196219035202,60.712287557940385,Closed,Open
904,30.135297696653627,60.20774233762517,Closed,Open
905,30.168633202955235,60.51520394308299,Closed,Open
906,30.201968709256843,59.38179901047755,Closed,Open
907,30.23530421555845,58.977666696525745,Closed,Open
908,30.26863972186006,58.48736192071785,Closed,Open
909,30.301975228161663,58.16071914776323,Closed,Open
910,30.33531073446327,57.14031023996647,Closed,Closed
911,30.368646240764885,62.211077757694014,Closed,Open
912,30.401981747066493,67.99329910866668,Closed,Open
913,30.4353172533681,65.32040564350325,Closed,Open
914,30.46865275966971,66.53948788999712,Closed,Open
915,30.501988265971317,67.63280752995841,Closed,Open
916,30.535323772272925,63.22006921830805,Closed,Open
917,30.568659278574533,68.18905426416131,Closed,Open
918,30.60199478487614,63.523897465993514,Closed,Open
919,30.63533029117775,66.95108619637253,Closed,Open
920,30.668665797479356,61.92263515522876,Closed,Open
921,30.702001303780964,63.44877704083649,Closed,Open
922,30.735336810082572,60.26059805289506,Closed,Open
923,30.76867231638418,60.45590300995752,Closed,Open
924,30.802007822685788,61.76475370120064,Closed,Open
925,30.835343328987395,59.840943008932854,Closed,Open
926,30.868678835289003,61.512634658778424,Closed,Open
927,30.90201434159061,59.04163456597992,Closed,Open
928,30.93534984789222,60.39288039845416,Closed,Open
929,30.968685354193827,59.14413793208641,Closed,Open
930,31.002020860495435,64.45018945131503,Closed,Open
931,31.035356366797043,65.49410549160508,Closed,Open
932,31.06869187309865,68.30420713094588,Closed,Open
933,31.10202737940026,71.31965398005838,Closed,Open
934,31.135362885701863,71.64687345471,Closed,Open
935,31.16869839200347,73.35419871829612,Closed,Open
936,31.20203389830508,67.06223560325826,Closed,Open
937,31.23536940460669,68.71091166492815,Closed,Open
938,31.2687049109083,68.15809253162908,Closed,Open
939,31.30204041720991,67.47326783609694,Closed,Open
940,31.335375923511517,66.11498162102909,Closed,Open
941,31.368711429813125,62.370305335372194,Closed,Open
942,31.402046936114733,61.53758875784182,Closed,Open
943,31.43538244241634,62.102267535866105,Closed,Open
944,31.46871794871795,61.36728506375856,Closed,Open
945,31.502053455019556,60.00555581613717,Closed,Open
946,31.535388961321164,57.711459819271695,Closed,Open
947,31.568724467622772,60.57394427254986,Closed,Open
948,31.60205997392438,59.963435519233215,Closed,Open
949,31.635395480225988,61.34626288988777,Closed,Open
950,31.668730986527596,60.79319012426389,Closed,Open
951,31.702066492829204,64.66556194522342,Closed,Open
952,31.73540199913081,70.68491615308236,Closed,Open
953,31.76873750543242,71.52846863645094,Closed,Open
954,31.802073011734027,75.98187929913334,Open,Open
955,31.835408518035635,76.32969606502958,Open,Open
956,31.868744024337243,71.4585663380804,Closed,Open
957,31.90207953063885,67.87567297960013,Closed,Open
958,31.93541503694046,68.57348571619815,Closed,Open
959,31.968750543242063,66.84310662698313,Closed,Open
960,32.00208604954368,70.40452135300357,Closed,Open
961,32.03542155584528,74.3174675110448,Closed,Open
962,32.068757062146894,66.60655390457143,Closed,Open
963,32.1020925684485,64.3026938858139,Closed,Open
964,32.13542807475011,63.81236165932685,Closed,Open
965,32.168763581051714,62.432649178664576,Closed,Open
966,32.202099087353325,60.402816774328954,Closed,Open
967,32.23543459365493,57.21341388090751,Closed,Closed
968,32.26877009995654,57.887758114508344,Closed,Open
969,32.302105606258145,60.717468286692906,Closed,Open
970,32.33544111255976,65.96411158070015,Closed,Open
971,32.36877661886136,72.85191104938886,Closed,Open
972,32.40211212516297,74.30022458838147,Closed,Open
973,32.43544763146458,76.51623909042044,Open,Open
974,32.46878313776619,74.35892713989873,Closed,Open
975,32.50211864406779,72.05525003237058,Closed,Open
976,32.535454150369404,68.94744901773615,Closed,Open
977,32.56878965667101,63.02013823175476,Closed,Open
978,32.60212516297262,61.60171954534523,Closed,Open
979,32.63546066927423,62.681316294576234,Closed,Open
980,32.668796175575835,59.3645247191067,Closed,Open
981,32.70213168187745,60.315753368635626,Closed,Open
982,32.73546718817905,60.70084926555254,Closed,Open
983,32.76880269448066,60.016271773179554,Closed,Open
984,32.80213820078227,60.725413581021655,Closed,Open
985,32.83547370708388,59.61617322157,Closed,Open
986,32.86880921338548,59.30707769335735,Closed,Open
987,32.902144719687094,55.809319094166824,Closed,Closed
988,32.9354802259887,57.324729434773914,Closed,Closed
989,32.96881573229031,59.35429315781909,Closed,Open
990,33.002151238591914,55.05995943749115,Closed,Closed
991,33.035486744893525,56.57949999261403,Closed,Closed
992,33.06882225119513,57.01239938876327,Closed,Closed
993,33.10215775749674,62.579553042714906,Closed,Open
994,33.135493263798345,59.89532817741086,Closed,Open
995,33.16882877009996,67.31389163494165,Closed,Open
996,33.20216427640156,68.17895295390593,Closed,Open
997,33.23549978270317,73.15963505128818,Closed,Open
998,33.26883528900478,73.49718880285059,Closed,Open
999,33.30217079530639,72.55764119219941,Closed,Open
1000,33.33550630160799,67.98971029392233,Closed,Open
1001,33.368841807909604,67.90528090051829,Closed,Open
1002,33.40217731421121,66.37228082949144,Closed,Open
1003,33.43551282051282,62.59617349494002,Closed,Open
1004,33.468848326814424,61.97703914686707,Closed,Open
1005,33.502183833116035,59.66484720299759,Closed,Open
1006,33.53551933941765,58.459940233646456,Closed,Open
1007,33.56885484571925,59.762663977589405,Closed,Open
1008,33.60219035202086,59.29867297577543,Closed,Open
1009,33.63552585832247,61.045310837818526,Closed,Open
1010,33.66886136462408,59.05609960248664,Closed,Open
1011,33.70219687092568,60.23881699688683,Closed,Open
1012,33.735532377227294,56.29626643391397,Closed,Closed
1013,33.7688678835289,66.8226365335309,Closed,Open
1014,33.80220338983051,62.32115753123635,Closed,Open
1015,33.835538896132114,64.73719479495239,Closed,Open
1016,33.868874402433725,67.56953946717178,Closed,Open
1017,33.90220990873533,72.13292594801062,Closed,Open
1018,33.93554541503694,74.22798088397862,Closed,Open
1019,33.968880921338545,73.1877151169901,Closed,Open
1020,34.00221642764016,70.33431435360347,Closed,Open
1021,34.03555193394176,69.6116886650874,Closed,Open
1022,34.06888744024337,69.2938281279468,Closed,Open
1023,34.10222294654498,66.94130289505472,Closed,Open
1024,34.13555845284659,65.96801781223853,Closed,Open
1025,34.16889395914819,65.2884357139085,Closed,Open
1026,34.202229465449804,61.60241953082178,Closed,Open
1027,34.23556497175141,61.05242737683725,Closed,Open
1028,34.26890047805302,58.280906471551646,Closed,Open
1029,34.302235984354624,59.86565761713567,Closed,Open
1030,34.335571490656235,61.14712237797476,Closed,Open
1031,34.36890699695784,56.789958635129935,Closed,Closed
1032,34.40224250325945,59.427291626223834,Closed,Open
1033,34.43557800956106,60.48660393831306,Closed,Open
1034,34.46891351586267,56.9102173432252,Closed,Closed
1035,34.50224902216428,59.04450801707803,Closed,Open
1036,34.53558452846588,60.44858645817577,Closed,Open
1037,34.568920034767494,62.63569271444915,Closed,Open
1038,34.6022555410691,68.11486461831208,Closed,Open
1039,34.63559104737071,71.53728604716547,Closed,Open
1040,34.668926553672314,72.05760793018973,Closed,Open
1041,34.702262059973926,69.28124631373835,Closed,Open
1042,34.73559756627553,70.53537136239561,Closed,Open
1043,34.76893307257714,71.02843959342655,Closed,Open
1044,34.802268578878746,69.55159600887696,Closed,Open
1045,34.83560408518036,69.58780870109601,Closed,Open
1046,34.86893959148196,67.00871065429808,Closed,Open
1047,34.90227509778357,69.19933677061354,Closed,Open
1048,34.93561060408518,68.04834939252005,Closed,Open
1049,34.96894611038679,65.76489541940143,Closed,Open
1050,35.00228161668839,69.70074930674751,Closed,Open
1051,35.035617122990004,66.63968430074459,Closed,Open
1052,35.06895262929161,65.02566794801564,Closed,Open
1053,35.10228813559322,63.1317994312171,Closed,Open
1054,35.135623641894824,64.46130316658198,Closed,Open
1055,35.168959148196436,65.708493624706,Closed,Open
1056,35.20229465449804,66.32718981074896,Closed,Open
1057,35.23563016079965,67.42320306584323,Closed,Open
1058,35.268965667101256,67.84989686678013,Closed,Open
1059,35.30230117340287,68.84568125640257,Closed,Open
1060,35.33563667970447,68.33765718876334,Closed,Open
1061,35.36897218600608,69.4582650996891,Closed,Open
1062,35.402307692307694,64.70757402021812,Closed,Open
1063,35.4356431986093,62.717231554419314,Closed,Open
1064,35.46897870491091,64.51134829432968,Closed,Open
1065,35.502314211212514,59.86077812284309,Closed,Open
1066,35.535649717514126,60.71183449348369,Closed,Open
1067,35.56898522381573,58.09998592629067,Closed,Open
1068,35.60232073011734,59.43338155708136,Closed,Open
1069,35.635656236418946,53.65090804152963,Closed,Closed
1070,35.66899174272056,56.43570520563399,Closed,Closed
1071,35.70232724902216,58.82595794184184,Closed,Open
1072,35.73566275532377,60.36147094280202,Closed,Open
1073,35.76899826162538,62.804597166202605,Closed,Open
1074,35.80233376792699,65.419082914725,Closed,Open
1075,35.83566927422859,70.09354472502648,Closed,Open
1076,35.869004780530204,71.85905963746455,Closed,Open
1077,35.90234028683181,71.18493225902535,Closed,Open
1078,35.93567579313342,71.26877797607074,Closed,Open
1079,35.969011299435024,67.35035051297811,Closed,Open
1080,36.002346805736636,68.55507097284843,Closed,Open
1081,36.03568231203824,66.77285155757384,Closed,Open
1082,36.06901781833985,65.01448971084463,Closed,Open
1083,36.102353324641456,66.6496298361966,Closed,Open
1084,36.13568883094307,63.53882114812303,Closed,Open
1085,36.16902433724467,60.48544668874225,Closed,Open
1086,36.20235984354628,59.43523557547495,Closed,Open
1087,36.23569534984789,60.37358055831649,Closed,Open
1088,36.2690308561495,60.04144023316981,Closed,Open
1089,36.30236636245111,58.13305440313643,Closed,Open
1090,36.335701868752714,61.58848832160865,Closed,Open
1091,36.369037375054326,57.44724316999136,Closed,Open
1092,36.40237288135593,55.74162436820883,Closed,Closed
1093,36.43570838765754,57.38202436681223,Closed,Open
1094,36.469043893959146,64.88492907376859,Closed,Open
1095,36.50237940026076,69.744154333941,Closed,Open
1096,36.53571490656236,73.72438708348253,Closed,Open
1097,36.56905041286397,75.84562855435942,Open,Open
1098,36.60238591916558,73.41688348570386,Closed,Open
1099,36.63572142546719,72.95306306259315,Closed,Open
1100,36.66905693176879,72.50911135773609,Closed,Open
1101,36.702392438070405,70.02017108962616,Closed,Open
1102,36.73572794437201,69.5244907730866,Closed,Open
1103,36.76906345067362,70.12788375995777,Closed,Open
1104,36.802398956975225,68.06902812644756,Closed,Open
1105,36.83573446327683,68.9173121550361,Closed,Open
1106,36.86906996957844,63.97485969221863,Closed,Open
1107,36.90240547588005,61.98642437808347,Closed,Open
1108,36.935740982181656,64.58168570625344,Closed,Open
1109,36.96907648848327,60.04952828758189,Closed,Open
1110,37.00241199478487,60.525805674962655,Closed,Open
1111,37.03574750108648,56.06193634331386,Closed,Closed
1112,37.06908300738809,57.23924960798574,Closed,Closed
1113,37.1024185136897,56.43527259246058,Closed,Closed
1114,37.1357540199913,57.02721586689139,Closed,Closed
1115,37.169089526292915,60.23535649671733,Closed,Open
1116,37.202425032594526,62.58156642066104,Closed,Open
1117,37.23576053889613,67.79899485417711,Closed,Open
1118,37.26909604519774,70.85144078681466,Closed,Open
1119,37.302431551499346,72.4085069995933,Closed,Open
1120,37.33576705780096,70.82899272608876,Closed,Open
1121,37.36910256410256,68.38087027870752,Closed,Open
1122,37.40243807040417,69.33505330011569,Closed,Open
1123,37.43577357670578,71.66630214077371,Closed,Open
1124,37.46910908300739,67.90406143310312,Closed,Open
1125,37.50244458930899,70.47544031535497,Closed,Open
1126,37.535780095610605,69.17745511462206,Closed,Open
1127,37.56911560191221,65.71752555868937,Closed,Open
1128,37.60245110821382,67.5333812854557,Closed,Open
1129,37.635786614515425,65.65440216575696,Closed,Open
1130,37.66912212081704,64.37971919226769,Closed,Open
1131,37.70245762711864,59.8448651434836,Closed,Open
1132,37.73579313342025,60.9876032512291,Closed,Open
1133,37.769128639721856,61.27606176625397,Closed,Open
1134,37.80246414602347,60.08161568857458,Closed,Open
1135,37.83579965232507,56.9218776171249,Closed,Closed
1136,37.86913515862668,58.27371433338415,Closed,Open
1137,37.90247066492829,60.47376906405123,Closed,Open
1138,37.9358061712299,58.994639159447175,Closed,Open
1139,37.9691416775315,60.91611918740253,Closed,Open
1140,38.002477183833115,60.86588788048075,Closed,Open
1141,38.03581269013472,67.19395640685487,Closed,Open
1142,38.06914819643633,69.71981917446965,Closed,Open
1143,38.10248370273794,71.96094212068539,Closed,Open
1144,38.135819209039546,73.37561997622362,Closed,Open
1145,38.16915471534116,72.26437935883366,Closed,Open
1146,38.20249022164276,74.1584177658342,Closed,Open
1147,38.23582572794437,72.89630039498603,Closed,Open
1148,38.26916123424598,69.59309163776757,Closed,Open
1149,38.30249674054759,68.52061055910808,Closed,Open
1150,38.33583224684919,70.16168261885102,Closed,Open
1151,38.369167753150805,68.17936820986722,Closed,Open
1152,38.40250325945241,66.16649910854659,Closed,Open
1153,38.43583876575402,64.2496973201668,Closed,Open
1154,38.469174272055625,60.76754119846999,Closed,Open
1155,38.50250977835723,61.00040339272134,Closed,Open
1156,38.53584528465884,60.15193787138199,Closed,Open
1157,38.56918079096045,58.93196138648596,Closed,Open
1158,38.602516297262056,59.0602431456272,Closed,Open
1159,38.63585180356367,56.013324858159905,Closed,Closed
1160,38.66918730986527,59.449963304209646,Closed,Open
1161,38.70252281616688,59.31597735102539,Closed,Open
1162,38.73585832246849,56.731009787090976,Closed,Closed
1163,38.7691938287701,56.13219749825918,Closed,Closed
1164,38.8025293350717,59.46526530356952,Closed,Open
1165,38.835864841373315,69.17561136178051,Closed,Open
1166,38.86920034767492,69.53313677972615,Closed,Open
1167,38.90253585397653,74.15197877453949,Closed,Open
1168,38.935871360278135,75.22657858443702,Open,Open
1169,38.969206866579746,74.42833849385835,Closed,Open
1170,39.00254237288136,79.24197628897856,Open,Open
1171,39.03587787918296,77.05204655670508,Open,Open
1172,39.069213385484574,72.30324353447295,Closed,Open
1173,39.10254889178618,74.62171270666224,Closed,Open
1174,39.13588439808779,72.83318165417322,Closed,Open
1175,39.169219904389394,71.28122400678743,Closed,Open
1176,39.202555410691005,69.45904725588153,Closed,Open
1177,39.23589091699261,66.93855040799747,Closed,Open
1178,39.26922642329422,66.63930560601743,Closed,Open
1179,39.302561929595825,64.77873716089923,Closed,Open
1180,39.33589743589744,63.461057416684994,Closed,Open
1181,39.36923294219904,60.64268012823214,Closed,Open
1182,39.40256844850065,60.86080343802341,Closed,Open
1183,39.43590395480226,58.661874496282465,Closed,Open
1184,39.46923946110387,58.71821752254161,Closed,Open
1185,39.50257496740547,54.684497669067014,Closed,Closed
1186,39.53591047370709,58.852699546812175,Closed,Open
1187,39.56924598000869,56.02278144070543,Closed,Closed
1188,39.6025814863103,57.56233049858805,Closed,Open
1189,39.635916992611904,64.1543793074515,Closed,Open
1190,39.669252498913515,69.3953048337228,Closed,Open
1191,39.70258800521512,71.28207136713941,Closed,Open
1192,39.73592351151673,74.6315887275415,Closed,Open
1193,39.769259017818335,74.43488874894696,Closed,Open
1194,39.80259452411995,74.52915789562223,Closed,Open
1195,39.83593003042155,74.44138966664374,Closed,Open
1196,39.86926553672316,73.74154027718933,Closed,Open
1197,39.902601043024774,71.64737075109822,Closed,Open
1198,39.93593654932638,71.64737075109822,Closed,Open
1199,39.96927205562799,68.19942414154,Closed,Open
1200,40.002607561929594,65.27712275843936,Closed,Open
1201,40.035943068231205,63.04370022422927,Closed,Open
1202,40.06927857453281,59.13242772203595,Closed,Open
1203,40.10261408083442,63.8987943254553,Closed,Open
1204,40.135949587136025,61.12214131998349,Closed,Open
1205,40.16928509343764,60.98282978841856,Closed,Open
1206,40.20262059973924,64.96306493776208,Closed,Open
1207,40.23595610604085,61.29106975201133,Closed,Open
1208,40.26929161234246,68.22191679036197,Closed,Open
1209,40.30262711864407,63.231619255604926,Closed,Open
1210,40.33596262494567,61.63389897944927,Closed,Open
1211,40.36929813124728,61.10627482880828,Closed,Open
1212,40.40263363754889,61.46371670826001,Closed,Open
1213,40.4359691438505,62.505589411010384,Closed,Open
1214,40.469304650152104,63.19506621202322,Closed,Open
1215,40.502640156453715,65.6199318618313,Closed,Open
1216,40.53597566275532,65.16622335990014,Closed,Open
1217,40.56931116905693,64.51415408083697,Closed,Open
1218,40.602646675358535,64.97089305146439,Closed,Open
1219,40.63598218166015,63.63776384623333,Closed,Open
1220,40.66931768796175,62.81881923076949,Closed,Open
1221,40.70265319426336,67.44716884445108,Closed,Open
1222,40.73598870056497,66.3133326068452,Closed,Open
1223,40.76932420686658,65.320521798387,Closed,Open
1224,40.80265971316819,67.17252446423694,Closed,Open
1225,40.835995219469794,68.59620273628607,Closed,Open
1226,40.869330725771405,71.89002369713361,Closed,Open
1227,40.90266623207301,72.92194795484967,Closed,Open
1228,40.93600173837462,73.23106904441688,Closed,Open
1229,40.969337244676225,71.84868778505054,Closed,Open
1230,41.00267275097784,70.26001189351675,Closed,Open
1231,41.03600825727944,69.16561358317348,Closed,Open
1232,41.06934376358105,70.06116779878236,Closed,Open
1233,41.10267926988266,69.06171806044554,Closed,Open
1234,41.13601477618427,69.19226840756554,Closed,Open
1235,41.16935028248587,70.82031865292757,Closed,Open
1236,41.20268578878749,67.00031206617317,Closed,Open
1237,41.23602129508909,70.5525951808809,Closed,Open
1238,41.2693568013907,65.97374855347071,Closed,Open
1239,41.302692307692304,68.73421911658852,Closed,Open
1240,41.336027813993915,68.801109920244,Closed,Open
1241,41.36936332029552,68.11335682116464,Closed,Open
1242,41.40269882659713,67.47052921368918,Closed,Open
1243,41.436034332898735,72.74767530878006,Closed,Open
1244,41.46936983920035,70.2590828611274,Closed,Open
1245,41.50270534550195,67.26885588290494,Closed,Open
1246,41.53604085180356,67.92607798069734,Closed,Open
1247,41.56937635810517,64.94693386819947,Closed,Open
1248,41.60271186440678,64.72139382571874,Closed,Open
1249,41.63604737070838,64.93512032280088,Closed,Open
1250,41.669382877009994,67.57071469608132,Closed,Open
1251,41.702718383311606,71.15286586246845,Closed,Open
1252,41.73605388961321,70.97855601248203,Closed,Open
1253,41.76938939591482,72.68107121306335,Closed,Open
1254,41.802724902216426,74.37712439168186,Closed,Open
1255,41.83606040851804,73.63700539312107,Closed,Open
1256,41.86939591481964,73.83572614862578,Closed,Open
1257,41.90273142112125,72.55830125731029,Closed,Open
1258,41.93606692742286,71.74825628505306,Closed,Open
1259,41.96940243372447,70.24325520808434,Closed,Open
1260,42.00273794002607,70.66901435127484,Closed,Open
1261,42.03607344632768,73.27283829967163,Closed,Open
1262,42.06940895262929,70.78627244793122,Closed,Open
1263,42.1027444589309,70.05520067381849,Closed,Open
1264,42.136079965232504,71.76869816572727,Closed,Open
1265,42.16941547153411,69.37511850529692,Closed,Open
1266,42.20275097783572,68.79630364183605,Closed,Open
1267,42.23608648413733,67.82246905678942,Closed,Open
1268,42.269421990438936,68.48314246284507,Closed,Open
1269,42.30275749674055,67.87273394915331,Closed,Open
1270,42.33609300304215,67.50709687971028,Closed,Open
1271,42.36942850934376,68.93858555866923,Closed,Open
1272,42.40276401564537,66.86326070292364,Closed,Open
1273,42.43609952194698,69.04506101466052,Closed,Open
1274,42.46943502824858,68.25352953922953,Closed,Open
1275,42.502770534550194,69.78049716414141,Closed,Open
1276,42.5361060408518,71.37919208664229,Closed,Open
1277,42.56944154715341,70.06962682096766,Closed,Open
1278,42.60277705345502,70.31913587159107,Closed,Open
1279,42.636112559756626,72.58036503913439,Closed,Open
1280,42.66944806605824,69.55159600887696,Closed,Open
1281,42.70278357235984,72.36912447284178,Closed,Open
1282,42.73611907866145,72.25516381130126,Closed,Open
1283,42.76945458496306,72.97522033788991,Closed,Open
1284,42.80279009126467,70.95219537236392,Closed,Open
1285,42.83612559756627,71.72759271483937,Closed,Open
1286,42.86946110386789,67.47052921368918,Closed,Open
1287,42.90279661016949,68.33427643037871,Closed,Open
1288,42.9361321164711,67.89298130082138,Closed,Open
1289,42.969467622772704,65.39395101759897,Closed,Open
1290,43.00280312907432,68.3387024708889,Closed,Open
1291,43.03613863537592,70.82534317485069,Closed,Open
1292,43.06947414167753,67.12206139224632,Closed,Open
1293,43.102809647979136,68.39090105479242,Closed,Open
1294,43.13614515428075,65.84268419357032,Closed,Open
1295,43.16948066058235,64.66627729218314,Closed,Open
1296,43.20281616688396,68.21131283926879,Closed,Open
1297,43.23615167318557,69.50016020750809,Closed,Open
1298,43.26948717948718,70.72401059832438,Closed,Open
1299,43.30282268578878,69.82341998043611,Closed,Open
1300,43.336158192090394,71.36003133397158,Closed,Open
1301,43.369493698392,70.8771822492668,Closed,Open
1302,43.40282920469361,68.44232206902241,Closed,Open
1303,43.436164710995214,70.75493900451437,Closed,Open
1304,43.469500217296826,71.72541298209437,Closed,Open
1305,43.50283572359844,72.36742898641269,Closed,Open
1306,43.53617122990004,73.39288150843414,Closed,Open
1307,43.56950673620165,73.63845146874358,Closed,Open
1308,43.60284224250326,72.20669650753818,Closed,Open
1309,43.63617774880487,72.26928028006373,Closed,Open
1310,43.66951325510647,70.38054971738435,Closed,Open
1311,43.70284876140808,70.08321791298265,Closed,Open
1312,43.73618426770969,69.80904859801151,Closed,Open
1313,43.7695197740113,69.82975097192852,Closed,Open
1314,43.802855280312905,70.02076992839653,Closed,Open
1315,43.83619078661451,66.97165154933423,Closed,Open
1316,43.86952629291612,67.61501458908344,Closed,Open
1317,43.90286179921773,65.71775320641228,Closed,Open
1318,43.936197305519336,67.41846752867576,Closed,Open
1319,43.96953281182095,67.4190647529347,Closed,Open
1320,44.00286831812255,67.24119059452869,Closed,Open
1321,44.03620382442416,67.40765287623444,Closed,Open
1322,44.06953933072577,66.89527146207983,Closed,Open
1323,44.10287483702738,67.92818248912515,Closed,Open
1324,44.13621034332898,72.32320263393903,Closed,Open
1325,44.169545849630595,64.44583440158998,Closed,Open
1326,44.2028813559322,61.722925929996535,Closed,Open
1327,44.23621686223381,69.89105242754832,Closed,Open
1328,44.269552368535415,62.25955976486138,Closed,Open
1329,44.302887874837026,61.413984734815145,Closed,Open
1330,44.33622338113863,63.89287774808763,Closed,Open
1331,44.36955888744024,60.77580817927408,Closed,Open
1332,44.402894393741846,62.88116618291883,Closed,Open
1333,44.43622990004346,59.72833666788621,Closed,Open
1334,44.46956540634507,57.20446185749499,Closed,Closed
1335,44.50290091264667,63.73492438891315,Closed,Open
1336,44.536236418948285,63.01637553275873,Closed,Open
1337,44.56957192524989,64.40509088950859,Closed,Open
1338,44.6029074315515,62.87483595360946,Closed,Open
1339,44.636242937853105,58.109133911604815,Closed,Open
1340,44.66957844415472,53.490941659351165,Closed,Closed
1341,44.70291395045632,56.75572307039654,Closed,Closed
1342,44.73624945675793,53.984594730928066,Closed,Closed
1343,44.769584963059536,59.59432402333712,Closed,Open
1344,44.80292046936115,55.86830371868102,Closed,Closed
1345,44.83625597566275,53.8369409989271,Closed,Closed
1346,44.86959148196436,55.434304501943245,Closed,Closed
1347,44.90292698826597,57.78882050169747,Closed,Open
1348,44.93626249456758,53.387951107126376,Closed,Closed
1349,44.96959800086918,61.048533741213575,Closed,Open
1350,45.002933507170795,55.9180011492899,Closed,Closed
1351,45.0362690134724,59.070660511172846,Closed,Open
1352,45.06960451977401,64.50113558224307,Closed,Open
1353,45.102940026075615,68.31439987555555,Closed,Open
1354,45.136275532377226,69.50067076629978,Closed,Open
1355,45.16961103867883,67.8216345890388,Closed,Open
1356,45.20294654498044,70.42638794010384,Closed,Open
1357,45.236282051282046,71.26275600211196,Closed,Open
1358,45.26961755758366,67.84219056322311,Closed,Open
1359,45.30295306388526,71.48127781710873,Closed,Open
1360,45.33628857018687,66.7984394770106,Closed,Open
1361,45.369624076488485,63.869223587794586,Closed,Open
1362,45.40295958279009,67.23712184075455,Closed,Open
1363,45.4362950890917,68.81381851812067,Closed,Open
1364,45.469630595393305,64.25850251663165,Closed,Open
1365,45.50296610169491,64.57411201562775,Closed,Open
1366,45.53630160799652,65.40096536268479,Closed,Open
1367,45.56963711429813,72.03494203665994,Closed,Open
1368,45.602972620599736,71.9806429753551,Closed,Open
1369,45.63630812690135,71.10495945359331,Closed,Open
1370,45.66964363320295,72.79214077831952,Closed,Open
1371,45.70297913950456,71.50320499651278,Closed,Open
1372,45.73631464580617,72.08582432049784,Closed,Open
1373,45.76965015210778,74.7830221676733,Closed,Open
1374,45.80298565840938,69.69187413758796,Closed,Open
1375,45.836321164710995,70.27193319976037,Closed,Open
1376,45.8696566710126,67.09672895962615,Closed,Open
1377,45.90299217731421,64.29564597030219,Closed,Open
1378,45.936327683615815,69.19959816851042,Closed,Open
1379,45.969663189917426,63.98695491428185,Closed,Open
1380,46.00299869621903,66.48505495680077,Closed,Open
1381,46.03633420252064,67.99661973532261,Closed,Open
1382,46.069669708822246,64.74477419390796,Closed,Open
1383,46.10300521512386,64.93890833874049,Closed,Open
1384,46.13634072142546,65.04334350964632,Closed,Open
1385,46.169676227727074,61.381451007255706,Closed,Open
1386,46.20301173402868,62.120915707185254,Closed,Open
1387,46.23634724033029,57.71310212392129,Closed,Open
1388,46.2696827466319,62.10574268617492,Closed,Open
1389,46.303018252933505,67.64585812385855,Closed,Open
1390,46.33635375923512,71.07483100562666,Closed,Open
1391,46.36968926553672,65.22546752377269,Closed,Open
1392,46.40302477183833,62.280740842630536,Closed,Open
1393,46.43636027813994,61.60428768136596,Closed,Open
1394,46.46969578444155,70.70816876297243,Closed,Open
1395,46.50303129074315,73.20873290833609,Closed,Open
1396,46.53636679704477,74.96203017695122,Open,Open
1397,46.56970230334637,75.37205235104966,Open,Open
1398,46.60303780964798,70.91321743564978,Closed,Open
1399,46.636373315949584,72.87028173702882,Closed,Open
1400,46.669708822251195,70.04318281415674,Closed,Open
1401,46.7030443285528,72.04426627885375,Closed,Open
1402,46.73637983485441,69.81023763767422,Closed,Open
1403,46.769715341156015,68.01673323421112,Closed,Open
1404,46.80305084745763,64.86076151941961,Closed,Open
1405,46.83638635375923,67.05350969755241,Closed,Open
1406,46.86972186006084,64.62509136053187,Closed,Open
1407,46.90305736636245,60.08410884680561,Closed,Open
1408,46.93639287266406,63.26472743308907,Closed,Open
1409,46.96972837896566,62.16576767965309,Closed,Open
1410,47.003063885267274,65.34124662275354,Closed,Open
1411,47.03639939156888,61.62165757304052,Closed,Open
1412,47.06973489787049,58.8688385288564,Closed,Open
1413,47.103070404172094,63.73554483947846,Closed,Open
1414,47.136405910473705,63.95510907905903,Closed,Open
1415,47.16974141677532,62.146935890075135,Closed,Open
1416,47.20307692307692,63.434695849936915,Closed,Open
1417,47.23641242937853,65.77125896404502,Closed,Open
1418,47.26974793568014,70.75052146722055,Closed,Open
1419,47.30308344198175,69.2141239401968,Closed,Open
1420,47.33641894828335,73.99121308450702,Closed,Open
1421,47.36975445458496,70.07008525891969,Closed,Open
1422,47.40308996088657,71.42821419180848,Closed,Open
1423,47.43642546718818,69.83630940518894,Closed,Open
1424,47.469760973489784,70.7061915307931,Closed,Open
1425,47.503096479791395,68.50438770368787,Closed,Open
1426,47.536431986093,66.0314812194967,Closed,Open
1427,47.56976749239461,65.36752589496686,Closed,Open
1428,47.603102998696215,63.99655668524761,Closed,Open
1429,47.63643850499783,55.44625416176709,Closed,Closed
1430,47.66977401129943,66.46919085210388,Closed,Open
1431,47.70310951760104,62.45986029878998,Closed,Open
1432,47.73644502390265,62.93112114559928,Closed,Open
1433,47.76978053020426,63.286747992050195,Closed,Open
1434,47.80311603650586,63.91236464421945,Closed,Open
1435,47.836451542807474,66.3919457532419,Closed,Open
1436,47.86978704910908,68.68644772965865,Closed,Open
1437,47.90312255541069,67.99773148553811,Closed,Open
1438,47.936458061712294,70.03833500091818,Closed,Open
1439,47.969793568013905,70.82771210774062,Closed,Open
1440,48.00312907431551,67.12035316211515,Closed,Open
1441,48.03646458061712,67.6048095625511,Closed,Open
1442,48.06980008691873,69.02153341636992,Closed,Open
1443,48.10313559322034,67.91202204596678,Closed,Open
1444,48.13647109952195,70.5537190352177,Closed,Open
1445,48.16980660582355,70.23108864882778,Closed,Open
1446,48.20314211212517,68.2589642462882,Closed,Open
1447,48.23647761842677,67.11485119503675,Closed,Open
1448,48.26981312472838,68.19609095634166,Closed,Open
1449,48.303148631029984,69.0740824832827,Closed,Open
1450,48.336484137331595,68.69267332054618,Closed,Open
1451,48.3698196436332,66.33302208232928,Closed,Open
1452,48.40315514993481,68.7071398832611,Closed,Open
1453,48.436490656236415,69.63160347055015,Closed,Open
1454,48.46982616253803,66.29529816879459,Closed,Open
1455,48.50316166883963,71.05191305240247,Closed,Open
1456,48.53649717514124,69.35345269356648,Closed,Open
1457,48.56983268144285,66.82930060812373,Closed,Open
1458,48.60316818774446,69.76401493284422,Closed,Open
1459,48.63650369404606,67.73027334372293,Closed,Open
1460,48.669839200347674,66.25340860850012,Closed,Open
1461,48.70317470664928,67.0612460034228,Closed,Open
1462,48.73651021295089,67.78525909935303,Closed,Open
1463,48.769845719252494,69.25734268376405,Closed,Open
1464,48.803181225554106,67.9645975313134,Closed,Open
1465,48.83651673185571,69.1834553874859,Closed,Open
1466,48.86985223815732,73.85168780003195,Closed,Open
1467,48.903187744458926,71.08144557269796,Closed,Open
1468,48.93652325076054,68.33483168975572,Closed,Open
1469,48.96985875706215,67.85764852894624,Closed,Open
1470,49.00319426336375,68.03195329782062,Closed,Open
1471,49.03652976966536,70.36908730006425,Closed,Open
1472,49.06986527596697,72.05760793018973,Closed,Open
1473,49.10320078226858,69.40859754907882,Closed,Open
1474,49.136536288570184,70.1738000605037,Closed,Open
1475,49.16987179487179,71.26840560052511,Closed,Open
1476,49.2032073011734,69.28208900992848,Closed,Open
1477,49.23654280747501,70.47322444802847,Closed,Open
1478,49.269878313776616,68.87104892399353,Closed,Open
1479,49.30321382007823,71.58381223737067,Closed,Open
1480,49.33654932637983,69.90751248513055,Closed,Open
1481,49.36988483268144,67.06223560325826,Closed,Open
1482,49.40322033898305,71.396312685413,Closed,Open
1483,49.43655584528466,70.98123657233728,Closed,Open
1484,49.46989135158626,70.46804275702004,Closed,Open
1485,49.503226857887874,71.5590259254811,Closed,Open
1486,49.53656236418948,71.70672226148918,Closed,Open
1487,49.56989787049109,69.47637204781864,Closed,Open
1488,49.603233376792694,66.74024816907543,Closed,Open
1489,49.636568883094306,62.90335129290679,Closed,Open
1490,49.66990438939591,70.67341601950783,Closed,Open
1491,49.70323989569752,70.77909732655786,Closed,Open
1492,49.736575401999126,68.45299481516753,Closed,Open
1493,49.76991090830074,70.00188768711259,Closed,Open
1494,49.80324641460234,69.41063501115754,Closed,Open
1495,49.83658192090395,69.2154092653264,Closed,Open
1496,49.86991742720557,63.233364492555346,Closed,Open
1497,49.90325293350717,64.9435626069556,Closed,Open
1498,49.93658843980878,62.81771278529388,Closed,Open
1499,49.969923946110384,68.32858254336278,Closed,Open
1500,50.003259452412,69.60762309912712,Closed,Open
1501,50.0365949587136,68.7990273096432,Closed,Open
1502,50.06993046501521,69.25246094469571,Closed,Open
1503,50.103265971316816,69.28164456583661,Closed,Open
1504,50.13660147761843,68.3413005371581,Closed,Open
1505,50.16993698392003,67.91315566849582,Closed,Open
1506,50.20327249022164,66.91363045897609,Closed,Open
1507,50.23660799652325,69.53298052616674,Closed,Open
1508,50.26994350282486,67.93745674382554,Closed,Open
1509,50.30327900912646,67.79614035890489,Closed,Open
1510,50.336614515428074,72.72056428943546,Closed,Open
1511,50.36995002172968,65.0074836297449,Closed,Open
1512,50.40328552803129,68.62613677363147,Closed,Open
1513,50.436621034332894,61.24456470360962,Closed,Open
1514,50.469956540634506,69.57845635099731,Closed,Open
1515,50.50329204693611,70.27829666597589,Closed,Open
1516,50.53662755323772,64.30978341804021,Closed,Open
1517,50.569963059539326,67.45443082113115,Closed,Open
1518,50.60329856584094,68.57963295965791,Closed,Open
1519,50.63663407214254,67.17130306721836,Closed,Open
1520,50.66996957844415,68.63390603775306,Closed,Open
1521,50.70330508474576,70.63281017630061,Closed,Open
1522,50.73664059104737,63.38640559323147,Closed,Open
1523,50.76997609734898,65.43391463321252,Closed,Open
1524,50.803311603650585,71.00421447905178,Closed,Open
1525,50.83664710995219,71.66793617866242,Closed,Open
1526,50.8699826162538,70.75271993666126,Closed,Open
1527,50.90331812255541,69.76981527237689,Closed,Open
1528,50.936653628857016,69.41476376000047,Closed,Open
1529,50.96998913515863,69.01123743502228,Closed,Open
1530,51.00332464146023,64.61813483187404,Closed,Open
1531,51.03666014776184,65.85237046173019,Closed,Open
1532,51.06999565406345,65.52624276715673,Closed,Open
1533,51.10333116036506,63.62983466588673,Closed,Open
