frame,timestamp,anchor_to_bottom_lip_bottom,lips_label,teeth_label
0,0.0,72.32809567759253,Closed,Open
1,0.0333355063016079,67.26322708797697,Closed,Open
2,0.0666710126032159,67.98841625131556,Closed,Open
3,0.1000065189048239,68.20222853812463,Closed,Open
4,0.1333420252064319,68.52450835629716,Closed,Open
5,0.16667753150804,68.33282889910748,Closed,Open
6,0.2000130378096479,67.10006744254636,Closed,Open
7,0.2333485441112559,70.33812034287628,Closed,Open
8,0.2666840504128639,67.25007671860406,Closed,Open
9,0.3000195567144719,70.09213999273689,Closed,Open
10,0.33335506301608,68.50347205478938,Closed,Open
11,0.3666905693176879,68.07228325194828,Closed,Open
12,0.4000260756192959,69.8508144919301,Closed,Open
13,0.4333615819209039,66.16120475166173,Closed,Open
14,0.4666970882225119,68.52494174877498,Closed,Open
15,0.50003259452412,68.27708763999664,Closed,Open
16,0.5333681008257279,69.19029657826404,Closed,Open
17,0.5667036071273359,67.52923360829945,Closed,Open
18,0.6000391134289439,68.51839284282107,Closed,Open
19,0.6333746197305519,69.42876188150592,Closed,Open
20,0.66671012603216,69.02489115392848,Closed,Open
21,0.7000456323337679,70.06406656515841,Closed,Open
22,0.7333811386353759,72.10327188998934,Closed,Open
23,0.7667166449369839,69.15444639681192,Closed,Open
24,0.8000521512385919,67.6924223322146,Closed,Open
25,0.8333876575401998,67.8022934622256,Closed,Open
26,0.8667231638418079,69.6189446827326,Closed,Open
27,0.9000586701434159,67.3893571636346,Closed,Open
28,0.933394176445024,69.24168402031046,Closed,Open
29,0.9667296827466318,73.12730488892717,Closed,Open
30,1.00006518904824,77.98756155777045,Closed,Open
31,1.0334006953498478,74.26449227691705,Closed,Open
32,1.066736201651456,94.350208920296,Open,Open
33,1.1000717079530635,95.2912202860092,Open,Open
34,1.1334072142546718,103.4773203552394,Open,Open
35,1.16674272055628,91.46229660230094,Open,Open
36,1.2000782268578878,79.22447623245776,Closed,Open
37,1.233413733159496,61.7724668450271,Closed,Open
38,1.2667492394611035,78.3401119396867,Closed,Open
39,1.3000847457627118,83.38056001166075,Closed,Open
40,1.33342025206432,86.46229065539191,Open,Open
41,1.3667557583659278,79.72631793116847,Closed,Open
42,1.400091264667536,99.03948752362508,Open,Open
43,1.4334267709691435,92.31896935772173,Open,Open
44,1.4667622772707518,79.93304235094675,Closed,Open
45,1.5000977835723597,76.15588980020074,Closed,Open
46,1.5334332898739678,85.22876641910048,Closed,Open
47,1.566768796175576,72.27215123138018,Closed,Open
48,1.6001043024771835,81.68925959018895,Closed,Open
49,1.6334398087787918,86.20088688199343,Open,Open
50,1.6667753150803997,92.3594442228704,Open,Open
51,1.7001108213820078,84.32505087555168,Closed,Open
52,1.7334463276836158,78.54396550018869,Closed,Open
53,1.7667818339852237,69.91331910253743,Closed,Open
54,1.8001173402868318,68.43432609612768,Closed,Open
55,1.8334528465884397,70.72642361140302,Closed,Open
56,1.8667883528900475,73.5464190475646,Closed,Open
57,1.900123859191656,65.31244450934989,Closed,Open
58,1.9334593654932637,66.75668326475068,Closed,Open
59,1.966794871794872,64.4939636798414,Closed,Open
60,2.00013037809648,64.01273932736026,Closed,Open
61,2.0334658843980877,59.63311320527427,Closed,Open
62,2.0668013906996956,61.34198890543617,Closed,Open
63,2.100136897001304,60.40404092885003,Closed,Open
64,2.133472403302912,58.74477019077782,Closed,Open
65,2.1668079096045196,58.58461671714043,Closed,Open
66,2.2001434159061275,55.771088903613105,Closed,Closed
67,2.233478922207736,54.130739694516635,Closed,Closed
68,2.2668144285093437,57.32258350300708,Closed,Closed
69,2.3001499348109515,60.72492906991676,Closed,Open
70,2.33348544111256,58.46495518700069,Closed,Open
71,2.3668209474141677,59.619051460525206,Closed,Open
72,2.4001564537157756,55.4690255303814,Closed,Closed
73,2.433491960017383,55.74078237460843,Closed,Closed
74,2.4668274663189917,86.06333250324957,Open,Open
75,2.5001629726205996,56.53990204426623,Closed,Closed
76,2.5334984789222075,63.440524111577936,Closed,Open
77,2.566833985223816,56.69109910025523,Closed,Closed
78,2.6001694915254236,66.2113495592478,Closed,Open
79,2.6335049978270315,62.5518199406844,Closed,Open
80,2.66684050412864,62.758789939465615,Closed,Open
81,2.7001760104302477,71.44535168052496,Closed,Open
82,2.7335115167318556,68.05004260380268,Closed,Open
83,2.7668470230334634,65.43247022541686,Closed,Open
84,2.8001825293350717,63.265326700329226,Closed,Open
85,2.8335180356366796,66.38724588851562,Closed,Open
86,2.8668535419382875,62.424533159907895,Closed,Open
87,2.900189048239896,57.8043157072779,Closed,Closed
88,2.9335245545415036,59.84986434056769,Closed,Open
89,2.9668600608431115,54.509969601946494,Closed,Closed
90,3.0001955671447194,54.83508972882477,Closed,Closed
91,3.0335310734463277,55.03537980451268,Closed,Closed
92,3.0668665797479355,53.33625253521272,Closed,Closed
93,3.1002020860495434,54.92353863930592,Closed,Closed
94,3.1335375923511517,56.85245609937928,Closed,Closed
95,3.1668730986527596,60.51097084216011,Closed,Open
96,3.200208604954367,65.32976006659749,Closed,Open
97,3.2335441112559757,69.21984248490742,Closed,Open
98,3.2668796175575836,65.3640105166998,Closed,Open
99,3.3002151238591915,65.56494636528049,Closed,Open
100,3.3335506301607993,66.8006119551033,Closed,Open
101,3.3668861364624076,65.81466089635543,Closed,Open
102,3.4002216427640155,67.68305923427332,Closed,Open
103,3.4335571490656234,62.86109866849782,Closed,Open
104,3.4668926553672317,61.14389905806557,Closed,Open
105,3.5002281616688395,57.584889255138705,Closed,Closed
106,3.5335636679704474,60.279984195988355,Closed,Open
107,3.5668991742720553,60.37579567027704,Closed,Open
108,3.6002346805736636,60.35651830355367,Closed,Open
109,3.633570186875271,61.0674293493189,Closed,Open
110,3.6669056931768793,55.808767335211016,Closed,Closed
111,3.700241199478488,64.33971126573846,Closed,Open
112,3.733576705780095,65.95855932747011,Closed,Open
113,3.7669122120817033,64.26170615377343,Closed,Open
114,3.800247718383312,63.239343401915264,Closed,Open
115,3.833583224684919,71.8584451605966,Closed,Open
116,3.8669187309865274,66.99571122082862,Closed,Open
117,3.9002542372881353,66.32510886165174,Closed,Open
118,3.933589743589744,70.97419190415778,Closed,Open
119,3.966925249891351,69.37896870233998,Closed,Open
120,4.00026075619296,74.42071472581685,Closed,Open
121,4.033596262494568,64.43531939973381,Closed,Open
122,4.0669317687961755,61.249109589802046,Closed,Open
123,4.100267275097783,66.30247017678701,Closed,Open
124,4.133602781399391,64.07932107452775,Closed,Open
125,4.166938287700999,62.11840643923978,Closed,Open
126,4.200273794002608,60.56921348741197,Closed,Open
127,4.233609300304216,61.56869787910136,Closed,Open
128,4.2669448066058235,62.249993921728006,Closed,Open
129,4.300280312907431,56.28651450602724,Closed,Closed
130,4.333615819209039,62.0296461204668,Closed,Open
131,4.366951325510647,64.92921387432497,Closed,Open
132,4.400286831812255,70.27106258278997,Closed,Open
133,4.433622338113864,72.4231956771745,Closed,Open
134,4.466957844415472,72.68498589458518,Closed,Open
135,4.5002933507170795,79.85011091652228,Closed,Open
136,4.533628857018687,78.04911403983866,Closed,Open
137,4.566964363320295,79.27248607638568,Closed,Open
138,4.600299869621903,77.06844384527739,Closed,Open
139,4.633635375923511,68.07370747643853,Closed,Open
140,4.66697088222512,77.98862093779724,Closed,Open
141,4.700306388526728,67.81612632719822,Closed,Open
142,4.733641894828335,63.6261148090977,Closed,Open
143,4.766977401129943,61.868399756998976,Closed,Open
144,4.800312907431551,58.076396638495055,Closed,Open
145,4.833648413733159,59.80907385364272,Closed,Open
146,4.866983920034767,65.61591672034125,Closed,Open
147,4.900319426336376,64.2281889230922,Closed,Open
148,4.9336549326379835,60.6733535157702,Closed,Open
149,4.966990438939591,62.434373235928454,Closed,Open
150,5.000325945241199,65.72411948312629,Closed,Open
151,5.033661451542807,68.8836289988158,Closed,Open
152,5.066996957844415,74.06593378795318,Closed,Open
153,5.100332464146024,71.76682198923211,Closed,Open
154,5.133667970447632,79.3331551879086,Closed,Open
155,5.167003476749239,74.70819363578563,Closed,Open
156,5.200338983050847,73.26110317340417,Closed,Open
157,5.233674489352455,69.74594734305532,Closed,Open
158,5.267009995654063,62.499812580144265,Closed,Open
159,5.300345501955671,64.52051553266516,Closed,Open
160,5.33368100825728,60.258105556714014,Closed,Open
161,5.3670165145588875,61.11418894223413,Closed,Open
162,5.400352020860495,58.435363353267824,Closed,Open
163,5.433687527162103,58.43570303466509,Closed,Open
164,5.467023033463711,55.86472728331903,Closed,Closed
165,5.500358539765319,59.25443156524221,Closed,Open
166,5.533694046066927,56.83466334227508,Closed,Closed
167,5.567029552368536,56.87757126617553,Closed,Closed
168,5.6003650586701434,60.36980705205381,Closed,Open
169,5.633700564971751,64.57235659637806,Closed,Open
170,5.667036071273359,70.03408207143461,Closed,Open
171,5.700371577574967,70.95329942194515,Closed,Open
172,5.733707083876575,68.03065069538604,Closed,Open
173,5.767042590178183,69.3655247885294,Closed,Open
174,5.8003780964797915,71.13771836460333,Closed,Open
175,5.833713602781399,68.72245199102713,Closed,Open
176,5.867049109083007,66.7111596904586,Closed,Open
177,5.900384615384615,64.01765725020749,Closed,Open
178,5.933720121686223,62.34394970791905,Closed,Open
179,5.967055627987831,64.68134030970901,Closed,Open
180,6.000391134289439,67.42539428453577,Closed,Open
181,6.0337266405910475,58.84061541961103,Closed,Open
182,6.067062146892655,65.8733555735322,Closed,Open
183,6.100397653194263,67.62279561561576,Closed,Open
184,6.133733159495871,67.14232205921226,Closed,Open
185,6.167068665797479,63.94654261371714,Closed,Open
186,6.200404172099087,58.84967052456963,Closed,Open
187,6.2337396784006955,66.53711056635447,Closed,Open
188,6.267075184702303,68.16744514404195,Closed,Open
189,6.300410691003911,69.54865993409686,Closed,Open
190,6.333746197305519,75.24097275456894,Closed,Open
191,6.367081703607127,70.55007938840967,Closed,Open
192,6.400417209908735,78.16229708086493,Closed,Open
193,6.433752716210343,75.82071410856224,Closed,Open
194,6.4670882225119515,72.76804725508997,Closed,Open
195,6.500423728813559,71.56532961008851,Closed,Open
196,6.533759235115167,68.44378770143862,Closed,Open
197,6.567094741416775,66.21223058266457,Closed,Open
198,6.600430247718383,58.78072585543359,Closed,Open
199,6.633765754019991,61.60962186876074,Closed,Open
200,6.667101260321599,62.94418783126976,Closed,Open
201,6.700436766623207,63.260681903094294,Closed,Open
202,6.733772272924815,63.681470110024186,Closed,Open
203,6.767107779226423,63.564212384367586,Closed,Open
204,6.800443285528031,61.525969650711,Closed,Open
205,6.833778791829639,66.84780184555487,Closed,Open
206,6.867114298131247,70.62439023186835,Closed,Open
207,6.900449804432855,72.61831222111954,Closed,Open
208,6.933785310734463,72.25098047116958,Closed,Open
209,6.967120817036071,77.30981718834222,Closed,Open
210,7.000456323337679,74.60698137868292,Closed,Open
211,7.033791829639287,77.19365331236949,Closed,Open
212,7.067127335940895,69.56528780205579,Closed,Open
213,7.100462842242503,68.23960537759632,Closed,Open
214,7.1337983485441105,60.781579364587024,Closed,Open
215,7.167133854845719,59.52558034173951,Closed,Open
216,7.200469361147327,63.05803337140412,Closed,Open
217,7.233804867448935,62.9199372128797,Closed,Open
218,7.267140373750543,62.3176256377439,Closed,Open
219,7.300475880052151,64.69150824277897,Closed,Open
220,7.333811386353759,58.94974327298668,Closed,Open
221,7.367146892655367,60.747430217966766,Closed,Open
222,7.400482398956975,58.30951894845301,Closed,Open
223,7.433817905258583,57.03323867618302,Closed,Closed
224,7.467153411560191,62.29327888797228,Closed,Open
225,7.500488917861799,69.16040400621198,Closed,Open
226,7.533824424163407,70.20489482600517,Closed,Open
227,7.567159930465015,76.94455359816979,Closed,Open
228,7.600495436766623,73.85691349290232,Closed,Open
229,7.633830943068231,76.94155382487466,Closed,Open
230,7.667166449369839,76.59550214438616,Closed,Open
231,7.700501955671447,74.03550892203629,Closed,Open
232,7.733837461973055,74.26559020243454,Closed,Open
233,7.767172968274663,72.47132366803004,Closed,Open
234,7.8005084745762705,72.24825412842065,Closed,Open
235,7.833843980877879,66.4700361982333,Closed,Open
236,7.867179487179487,66.54628015007492,Closed,Open
237,7.900514993481095,65.46720478403088,Closed,Open
238,7.933850499782703,64.88861889992728,Closed,Open
239,7.967186006084311,61.83267204819373,Closed,Open
240,8.00052151238592,65.03061265613877,Closed,Open
241,8.033857018687527,65.26198956572934,Closed,Open
242,8.067192524989135,65.8404198741361,Closed,Open
243,8.100528031290743,65.37552492896575,Closed,Open
244,8.133863537592351,66.45959148545455,Closed,Open
245,8.167199043893959,65.41852256652425,Closed,Open
246,8.200534550195567,68.907441405257,Closed,Open
247,8.233870056497175,72.3209706929603,Closed,Open
248,8.267205562798782,73.17174195760397,Closed,Open
249,8.30054106910039,78.24918607530483,Closed,Open
250,8.333876575401998,76.71039930714531,Closed,Open
251,8.367212081703606,79.92559935387195,Closed,Open
252,8.400547588005216,78.74172992985469,Closed,Open
253,8.433883094306823,76.19782426936305,Closed,Open
254,8.467218600608431,71.44868418830089,Closed,Open
255,8.50055410691004,72.25302795402311,Closed,Open
256,8.533889613211647,72.47111468095231,Closed,Open
257,8.567225119513255,67.16608238709223,Closed,Open
258,8.600560625814863,69.17811101901725,Closed,Open
259,8.63389613211647,67.58344159887747,Closed,Open
260,8.667231638418079,66.78688040657696,Closed,Open
261,8.700567144719686,66.02114078356352,Closed,Open
262,8.733902651021294,61.060254219764154,Closed,Open
263,8.767238157322902,60.5391169877215,Closed,Open
264,8.80057366362451,60.29057427442941,Closed,Open
265,8.833909169926118,63.21511950137164,Closed,Open
266,8.867244676227727,63.353653536347935,Closed,Open
267,8.900580182529335,66.45658969805714,Closed,Open
268,8.933915688830943,72.96334183539767,Closed,Open
269,8.967251195132551,74.78425589319811,Closed,Open
270,9.000586701434159,76.02764147043447,Closed,Open
271,9.033922207735769,78.41113620743317,Closed,Open
272,9.067257714037376,73.44090495682421,Closed,Open
273,9.100593220338984,78.53236519389702,Closed,Open
274,9.13392872664059,74.26559020243454,Closed,Open
275,9.167264232942198,70.91302451835935,Closed,Open
276,9.200599739243806,64.18973019599238,Closed,Open
277,9.233935245545414,72.49846689975612,Closed,Open
278,9.267270751847022,70.57855079052405,Closed,Open
279,9.300606258148632,66.31546820362918,Closed,Open
280,9.33394176445024,67.703026524936,Closed,Open
281,9.367277270751847,65.30149065520041,Closed,Open
282,9.400612777053457,66.04922814683782,Closed,Open
283,9.433948283355065,68.09627387158613,Closed,Open
284,9.46728378965667,64.00336312013741,Closed,Open
285,9.50061929595828,63.174006777413936,Closed,Open
286,9.533954802259888,65.51240268932261,Closed,Open
287,9.567290308561494,62.91161725079233,Closed,Open
288,9.600625814863102,65.0511902127914,Closed,Open
289,9.63396132116471,70.78513026754788,Closed,Open
290,9.667296827466318,74.76597645633171,Closed,Open
291,9.700632333767926,78.62208615534897,Closed,Open
292,9.733967840069534,81.25447526622551,Closed,Open
293,9.767303346371143,76.94198479503518,Closed,Open
294,9.800638852672751,76.03829799235268,Closed,Open
295,9.83397435897436,75.80802807331295,Closed,Open
296,9.867309865275969,72.2377021805394,Closed,Open
297,9.900645371577577,72.92064569103486,Closed,Open
298,9.933980877879184,72.94596460821276,Closed,Open
299,9.96731638418079,69.00528509765081,Closed,Open
300,10.000651890482398,68.33652203975963,Closed,Open
301,10.033987396784006,68.55398277232611,Closed,Open
302,10.067322903085614,70.76456072816697,Closed,Open
303,10.100658409387222,64.38934276701272,Closed,Open
304,10.13399391568883,64.69717531419835,Closed,Open
305,10.167329421990438,58.68749617588534,Closed,Open
306,10.200664928292047,59.1037978085221,Closed,Open
307,10.234000434593655,56.15880228159771,Closed,Closed
308,10.267335940895263,61.1639606672125,Closed,Open
309,10.300671447196873,68.22156602182403,Closed,Open
310,10.33400695349848,71.4375204943397,Closed,Open
311,10.367342459800089,78.04530575983495,Closed,Open
312,10.400677966101696,77.42581723016079,Closed,Open
313,10.434013472403302,77.41195545002483,Closed,Open
314,10.46734897870491,79.4561524229488,Closed,Open
315,10.500684485006518,78.168475785955,Closed,Open
316,10.534019991308126,74.7991463613133,Closed,Open
317,10.567355497609734,73.39101497972003,Closed,Open
318,10.600691003911342,77.0117632359636,Closed,Open
319,10.63402651021295,71.94768519136414,Closed,Open
320,10.66736201651456,74.27814204424325,Closed,Open
321,10.700697522816167,73.03668466778785,Closed,Open
322,10.734033029117777,69.21466464544221,Closed,Open
323,10.767368535419385,66.28030957125154,Closed,Open
324,10.80070404172099,67.11967258456993,Closed,Open
325,10.8340395480226,69.1140314225709,Closed,Open
326,10.867375054324206,65.99817621491113,Closed,Open
327,10.900710560625814,68.0013165806496,Closed,Open
328,10.934046066927422,64.85726573179397,Closed,Open
329,10.96738157322903,60.00874304397428,Closed,Open
330,11.000717079530638,65.39645986134204,Closed,Open
331,11.034052585832246,69.79753891797489,Closed,Open
332,11.067388092133854,68.92120655590182,Closed,Open
333,11.100723598435462,72.06615530665908,Closed,Open
334,11.134059104737071,75.72481701083527,Closed,Open
335,11.16739461103868,77.37411044047968,Closed,Open
336,11.200730117340289,76.38593463949141,Closed,Open
337,11.234065623641897,74.85420688855235,Closed,Open
338,11.267401129943504,74.77406527854487,Closed,Open
339,11.30073663624511,70.5439492673541,Closed,Open
340,11.334072142546718,69.85852140745595,Closed,Open
341,11.367407648848326,69.56528780205579,Closed,Open
342,11.400743155149934,67.14828356549236,Closed,Open
343,11.434078661451542,62.340274722579565,Closed,Open
344,11.46741416775315,63.67160111841745,Closed,Open
345,11.500749674054758,65.79565511887357,Closed,Open
346,11.534085180356366,67.24699703621934,Closed,Open
347,11.567420686657975,63.47030684369063,Closed,Open
348,11.600756192959585,62.27334723368372,Closed,Open
349,11.634091699261193,59.82342155174983,Closed,Open
350,11.6674272055628,58.7337157034457,Closed,Open
351,11.700762711864408,66.207704539434,Closed,Open
352,11.734098218166016,66.64145893944378,Closed,Open
353,11.767433724467622,73.36727584132015,Closed,Open
354,11.80076923076923,77.12337594130835,Closed,Open
355,11.834104737070838,80.41291528312853,Closed,Open
356,11.867440243372446,78.96806878319424,Closed,Open
357,11.900775749674054,74.10085969108289,Closed,Open
358,11.934111255975662,69.85599076675928,Closed,Open
359,11.96744676227727,73.63012086760344,Closed,Open
360,12.000782268578876,71.65563950338691,Closed,Open
361,12.034117774880489,68.81045872659928,Closed,Open
362,12.067453281182097,63.10196980785666,Closed,Open
363,12.100788787483705,65.96400533624379,Closed,Open
364,12.13412429378531,64.31569689411526,Closed,Open
365,12.16745980008692,68.00213859647693,Closed,Open
366,12.200795306388526,68.01590646445274,Closed,Open
367,12.234130812690134,68.43817569659961,Closed,Open
368,12.267466318991742,72.56890948296925,Closed,Open
369,12.30080182529335,64.98515205010696,Closed,Open
370,12.334137331594958,68.41510257552147,Closed,Open
371,12.367472837896566,71.83947204428219,Closed,Open
372,12.400808344198174,75.22501619800767,Closed,Open
373,12.43414385049978,75.4913191359474,Closed,Open
374,12.467479356801393,78.15748905346986,Closed,Open
375,12.500814863103,77.73774141420992,Closed,Open
376,12.534150369404609,71.03589497298147,Closed,Open
377,12.567485875706216,72.71700651077701,Closed,Open
378,12.600821382007824,72.59159505231389,Closed,Open
379,12.63415688830943,72.17401608419982,Closed,Open
380,12.667492394611038,70.9544717488071,Closed,Open
381,12.700827900912646,70.50517302264217,Closed,Open
382,12.734163407214254,70.70997021586328,Closed,Open
383,12.767498913515862,65.48294065850902,Closed,Open
384,12.80083441981747,64.42021984966016,Closed,Open
385,12.834169926119078,63.196416815901586,Closed,Open
386,12.867505432420684,61.30692321870944,Closed,Open
387,12.900840938722292,58.16137914972201,Closed,Open
388,12.934176445023905,55.40480480948096,Closed,Closed
389,12.96751195132551,57.1697899397858,Closed,Closed
390,13.00084745762712,51.48940602938988,Closed,Closed
391,13.034182963928728,60.63240282125981,Closed,Open
392,13.067518470230334,58.6129870203924,Closed,Open
393,13.100853976531942,64.66507981564587,Closed,Open
394,13.13418948283355,66.50759087424295,Closed,Open
395,13.167524989135158,72.68177528532493,Closed,Open
396,13.200860495436766,74.97000835431095,Closed,Open
397,13.234196001738374,75.23249898773747,Closed,Open
398,13.267531508039982,76.73672557571687,Closed,Open
399,13.30086701434159,76.03426544094646,Closed,Open
400,13.334202520643196,72.54434336883763,Closed,Open
401,13.367538026944809,70.96517653589221,Closed,Open
402,13.400873533246417,73.70665286364618,Closed,Open
403,13.434209039548024,72.18157816448249,Closed,Open
404,13.46754454584963,69.28827038960226,Closed,Open
405,13.500880052151238,65.34543093048198,Closed,Open
406,13.534215558452846,65.72506749003882,Closed,Open
407,13.567551064754454,64.92227111113688,Closed,Open
408,13.600886571056062,64.5178617027894,Closed,Open
409,13.63422207735767,62.89512162874653,Closed,Open
410,13.667557583659278,64.77018167396767,Closed,Open
411,13.700893089960886,69.24479369489771,Closed,Open
412,13.734228596262492,67.98106858134493,Closed,Open
413,13.7675641025641,66.50172071052486,Closed,Open
414,13.80089960886571,59.36575346641332,Closed,Open
415,13.83423511516732,59.27382952129709,Closed,Open
416,13.867570621468928,58.321287232789594,Closed,Open
417,13.900906127770536,60.97444838512828,Closed,Open
418,13.934241634072142,66.00216759217732,Closed,Open
419,13.96757714037375,68.83254536253297,Closed,Open
420,14.000912646675358,72.0811924422955,Closed,Open
421,14.034248152976966,72.34673128640429,Closed,Open
422,14.067583659278574,76.10485704219337,Closed,Open
423,14.100919165580182,76.89886154496907,Closed,Open
424,14.13425467188179,73.63321071270732,Closed,Open
425,14.167590178183396,76.47554216538886,Closed,Open
426,14.200925684485004,72.72273854971459,Closed,Open
427,14.234261190786611,70.61531258910864,Closed,Open
428,14.26759669708822,67.7194648468492,Closed,Open
429,14.30093220338983,67.5540887927919,Closed,Open
430,14.33426770969144,64.87243905710845,Closed,Open
431,14.367603215993046,65.33899973858122,Closed,Open
432,14.400938722294654,63.118965780701885,Closed,Open
433,14.434274228596262,61.9769490356002,Closed,Open
434,14.46760973489787,62.339146504594325,Closed,Open
435,14.500945241199478,59.14239414421375,Closed,Open
436,14.534280747501086,58.54997887951876,Closed,Open
437,14.567616253802694,57.59455236784793,Closed,Closed
438,14.600951760104302,57.52668637881662,Closed,Closed
439,14.63428726640591,55.65379145478515,Closed,Closed
440,14.667622772707515,55.51867304414709,Closed,Closed
441,14.700958279009123,67.32026439432211,Closed,Open
442,14.734293785310737,70.0198747741392,Closed,Open
443,14.767629291612344,68.0598087733891,Closed,Open
444,14.80096479791395,65.74761062806097,Closed,Open
445,14.834300304215558,66.82689498189151,Closed,Open
446,14.867635810517166,68.40147872338216,Closed,Open
447,14.900971316818774,70.70289051866496,Closed,Open
448,14.934306823120382,62.74882345102431,Closed,Open
449,14.96764232942199,63.91545127757877,Closed,Open
450,15.000977835723598,60.55611172215217,Closed,Open
451,15.034313342025206,66.80658454344827,Closed,Open
452,15.067648848326812,67.69388913549497,Closed,Open
453,15.10098435462842,67.80520042510581,Closed,Open
454,15.13431986093003,72.06979851963635,Closed,Open
455,15.167655367231635,73.1760148215651,Closed,Open
456,15.200990873533248,71.26948980244084,Closed,Open
457,15.234326379834854,70.67723927687145,Closed,Open
458,15.267661886136462,68.68097659963433,Closed,Open
459,15.30099739243807,64.75321449688163,Closed,Open
460,15.334332898739678,64.77274774522411,Closed,Open
461,15.367668405041286,59.594600448688674,Closed,Open
462,15.401003911342894,61.55506042826124,Closed,Open
463,15.434339417644502,59.7895639098622,Closed,Open
464,15.46767492394611,63.64264445782439,Closed,Open
465,15.501010430247716,61.75469339815719,Closed,Open
466,15.534345936549323,59.86933163149901,Closed,Open
467,15.567681442850931,56.35497723322291,Closed,Closed
468,15.60101694915254,56.81380363236243,Closed,Closed
469,15.63435245545415,54.46158807132304,Closed,Closed
470,15.66768796175576,57.00466588436936,Closed,Closed
471,15.701023468057366,60.58875760692169,Closed,Open
472,15.734358974358974,66.79286814194035,Closed,Open
473,15.767694480660582,68.80134905057841,Closed,Open
474,15.80102998696219,71.97268666948014,Closed,Open
475,15.834365493263798,73.21442387477819,Closed,Open
476,15.867700999565406,71.8071337200156,Closed,Open
477,15.901036505867014,72.33097914743317,Closed,Open
478,15.93437201216862,70.62460891848531,Closed,Open
479,15.96770751847023,70.591236795939,Closed,Open
480,16.00104302477184,68.26591054597385,Closed,Open
481,16.034378531073447,68.38061908205998,Closed,Open
482,16.067714037375055,63.25083376872928,Closed,Open
483,16.101049543676663,61.22376595000898,Closed,Open
484,16.13438504997827,60.47221831209764,Closed,Open
485,16.16772055627988,62.393833144259986,Closed,Open
486,16.201056062581486,64.79943112633953,Closed,Open
487,16.234391568883094,64.97584473976521,Closed,Open
488,16.267727075184702,65.66535031390504,Closed,Open
489,16.30106258148631,62.05277658571103,Closed,Open
490,16.334398087787918,59.626575558578416,Closed,Open
491,16.367733594089525,53.579335363864175,Closed,Closed
492,16.401069100391133,56.04731798015022,Closed,Closed
493,16.43440460669274,57.989106097260645,Closed,Closed
494,16.46774011299435,64.5039335242646,Closed,Open
495,16.501075619295957,68.02969993597931,Closed,Open
496,16.534411125597565,71.65641427559072,Closed,Open
497,16.567746631899173,75.90381656701035,Closed,Open
498,16.60108213820078,74.88730796380857,Closed,Open
499,16.63441764450239,76.95166428106228,Closed,Open
500,16.667753150803996,74.26902896508557,Closed,Open
501,16.701088657105604,73.34601061598725,Closed,Open
502,16.734424163407212,75.10034963924238,Closed,Open
503,16.767759669708823,73.73345850133367,Closed,Open
504,16.80109517601043,70.57125561107328,Closed,Open
505,16.83443068231204,68.49184095402072,Closed,Open
506,16.867766188613647,67.25146670252852,Closed,Open
507,16.901101694915255,64.70240024098575,Closed,Open
508,16.934437201216863,64.78047929372505,Closed,Open
509,16.96777270751847,63.788305288392536,Closed,Open
510,17.00110821382008,65.05483118895319,Closed,Open
511,17.034443720121686,65.11757252294379,Closed,Open
512,17.067779226423294,64.14875837135929,Closed,Open
513,17.101114732724902,62.17512942614016,Closed,Open
514,17.13445023902651,62.275463427667944,Closed,Open
515,17.167785745328118,58.29821325927578,Closed,Open
516,17.201121251629726,63.43637205907005,Closed,Open
517,17.234456757931333,60.300571987176056,Closed,Open
518,17.26779226423294,68.00548853750132,Closed,Open
519,17.30112777053455,70.58190805965238,Closed,Open
520,17.334463276836157,73.47254962996189,Closed,Open
521,17.367798783137765,74.38288189185464,Closed,Open
522,17.401134289439373,74.77625880515853,Closed,Open
523,17.43446979574098,74.38288189185464,Closed,Open
524,17.46780530204259,75.88938019978482,Closed,Open
525,17.501140808344196,73.26813208582232,Closed,Open
526,17.534476314645804,72.99989620992942,Closed,Open
527,17.567811820947412,71.11193629489094,Closed,Open
528,17.60114732724902,70.55199170612403,Closed,Open
529,17.634482833550628,69.71743441255441,Closed,Open
530,17.667818339852236,67.81612632719822,Closed,Open
531,17.701153846153847,64.92329219213245,Closed,Open
532,17.734489352455455,61.403900253823096,Closed,Open
533,17.767824858757063,64.33293075418425,Closed,Open
534,17.80116036505867,61.71158293803316,Closed,Open
535,17.83449587136028,59.54411778966664,Closed,Open
536,17.867831377661886,61.25317344874601,Closed,Open
537,17.901166883963494,57.03552714468455,Closed,Closed
538,17.934502390265102,56.72580174306152,Closed,Closed
539,17.96783789656671,58.35232994586789,Closed,Open
540,18.001173402868318,57.59341225039621,Closed,Closed
541,18.03450890916993,62.56550736758643,Closed,Open
542,18.067844415471537,70.6670265739271,Closed,Open
543,18.10117992177314,74.76534304390532,Closed,Open
544,18.13451542807475,78.51719347319192,Closed,Open
545,18.167850934376357,76.55180003432838,Closed,Open
546,18.201186440677965,78.2956464358206,Closed,Open
547,18.234521946979573,76.76177762873513,Closed,Open
548,18.26785745328118,77.47275839839185,Closed,Open
549,18.30119295958279,74.62360879648304,Closed,Open
550,18.334528465884397,72.02495801304337,Closed,Open
551,18.367863972186004,73.59218470547374,Closed,Open
552,18.401199478487612,70.68132614202523,Closed,Open
553,18.43453498478922,69.2960953170166,Closed,Open
554,18.467870491090828,67.97166245200708,Closed,Open
555,18.501205997392436,67.4050671704834,Closed,Open
556,18.534541503694044,63.85510216621832,Closed,Open
557,18.56787700999565,61.9573152253427,Closed,Open
558,18.601212516297263,58.296691733114656,Closed,Open
559,18.63454802259887,58.59646725630384,Closed,Open
560,18.66788352890048,60.49455721540683,Closed,Open
561,18.701219035202087,57.91983992030309,Closed,Closed
562,18.734554541503694,56.75616813582021,Closed,Closed
563,18.767890047805302,55.75573739207478,Closed,Closed
564,18.80122555410691,57.81271445863352,Closed,Closed
565,18.83456106040852,62.585284501685166,Closed,Open
566,18.86789656671013,69.20254814778005,Closed,Open
567,18.901232073011737,75.12236314425459,Closed,Open
568,18.93456757931334,76.41337104459834,Closed,Open
569,18.96790308561495,76.72610686203433,Closed,Open
570,19.001238591916557,77.13542395236928,Closed,Open
571,19.034574098218165,75.36201739255893,Closed,Open
572,19.067909604519773,75.48210575210143,Closed,Open
573,19.10124511082138,74.69422758685322,Closed,Open
574,19.13458061712299,72.07469828884075,Closed,Open
575,19.167916123424597,72.69687162150892,Closed,Open
576,19.201251629726205,72.42705577790085,Closed,Open
577,19.234587136027812,67.75325369698595,Closed,Open
578,19.26792264232942,65.45591123541294,Closed,Open
579,19.301258148631028,66.674674838411,Closed,Open
580,19.334593654932636,62.77536460386604,Closed,Open
581,19.367929161234244,61.312104046573765,Closed,Open
582,19.40126466753585,57.232980071270035,Closed,Closed
583,19.43460017383746,57.96018640893924,Closed,Closed
584,19.467935680139068,71.54938198517571,Closed,Open
585,19.50127118644068,59.332696326819416,Closed,Open
586,19.534606692742287,60.96361999191045,Closed,Open
587,19.567942199043895,66.12263013174379,Closed,Open
588,19.601277705345503,64.18252491451516,Closed,Open
589,19.63461321164711,67.67948322915072,Closed,Open
590,19.66794871794872,64.01705748128316,Closed,Open
591,19.70128422425033,63.62423757547949,Closed,Open
592,19.734619730551938,68.1884324813278,Closed,Open
593,19.767955236853545,66.27262318841095,Closed,Open
594,19.80129074315515,71.16777378291138,Closed,Open
595,19.83462624945676,71.65966318582056,Closed,Open
596,19.867961755758365,68.93221796507326,Closed,Open
597,19.901297262059973,67.78707525996785,Closed,Open
598,19.93463276836158,70.98431011619496,Closed,Open
599,19.96796827466319,66.86432493271984,Closed,Open
600,20.001303780964797,67.90280463322826,Closed,Open
601,20.034639287266405,67.36848275127048,Closed,Open
602,20.067974793568013,71.75608684425845,Closed,Open
603,20.10131029986962,73.08938029448866,Closed,Open
604,20.13464580617123,71.15539224835845,Closed,Open
605,20.167981312472836,72.72273854971459,Closed,Open
606,20.201316818774444,67.32786330150932,Closed,Open
607,20.234652325076052,69.46811657855119,Closed,Open
608,20.26798783137766,68.68887891785235,Closed,Open
609,20.301323337679268,73.14153181675161,Closed,Open
610,20.334658843980876,71.66466743671432,Closed,Open
611,20.367994350282483,72.37294306598953,Closed,Open
612,20.401329856584095,68.36335958386566,Closed,Open
613,20.434665362885703,72.89407848225073,Closed,Open
614,20.46800086918731,71.68767824155569,Closed,Open
615,20.50133637548892,72.57589698742626,Closed,Open
616,20.534671881790526,71.10899684931667,Closed,Open
617,20.568007388092138,72.2848973518295,Closed,Open
618,20.601342894393746,69.1367425276203,Closed,Open
619,20.63467840069535,70.3170914295755,Closed,Open
620,20.66801390699696,72.22042405637214,Closed,Open
621,20.70134941329857,73.33816770326919,Closed,Open
622,20.734684919600173,74.53489594364824,Closed,Open
623,20.76802042590178,73.12724557581268,Closed,Open
624,20.80135593220339,71.08428022358723,Closed,Open
625,20.834691438504997,71.65337365247886,Closed,Open
626,20.868026944806605,72.00202052807356,Closed,Open
627,20.901362451108213,70.93096149233705,Closed,Open
628,20.93469795740982,69.4388759894927,Closed,Open
629,20.96803346371143,70.64753161502159,Closed,Open
630,21.001368970013036,69.94086448882153,Closed,Open
631,21.034704476314644,68.34841380031082,Closed,Open
632,21.068039982616252,66.66211362087623,Closed,Open
633,21.10137548891786,65.68832217445956,Closed,Open
634,21.134710995219468,66.33900516525712,Closed,Open
635,21.168046501521076,65.84339781259969,Closed,Open
636,21.201382007822684,68.99680494115353,Closed,Open
637,21.23471751412429,73.35335106275588,Closed,Open
638,21.2680530204259,74.95548069586204,Closed,Open
639,21.30138852672751,76.33271291671775,Closed,Open
640,21.33472403302912,80.98804380822622,Closed,Open
641,21.368059539330726,83.86403526162457,Closed,Open
642,21.401395045632334,80.35996399440853,Closed,Open
643,21.434730551933946,85.92037230701482,Open,Open
644,21.46806605823555,86.7111171246579,Open,Open
645,21.50140156453716,80.44334188506107,Closed,Open
646,21.53473707083877,76.38095404168536,Closed,Open
647,21.568072577140377,71.11622184037356,Closed,Open
648,21.60140808344198,72.86105895799625,Closed,Open
649,21.63474358974359,74.01785258978626,Closed,Open
650,21.668079096045197,70.68757229890313,Closed,Open
651,21.701414602346805,71.16974252059353,Closed,Open
652,21.734750108648413,70.02896521121369,Closed,Open
653,21.76808561495002,70.77858409084641,Closed,Open
654,21.80142112125163,71.45924899026858,Closed,Open
655,21.834756627553237,71.55570296809326,Closed,Open
656,21.868092133854844,71.06349157534422,Closed,Open
657,21.901427640156452,70.10914382745774,Closed,Open
658,21.93476314645806,72.91382918852605,Closed,Open
659,21.968098652759668,74.3720271047309,Closed,Open
660,22.001434159061276,69.82975097192852,Closed,Open
661,22.034769665362884,70.79182251929979,Closed,Open
662,22.06810517166449,70.81564130175055,Closed,Open
663,22.1014406779661,71.72720163225955,Closed,Open
664,22.134776184267707,72.25110571510591,Closed,Open
665,22.168111690569315,70.05633097305626,Closed,Open
666,22.201447196870923,70.89619611078477,Closed,Open
667,22.234782703172534,73.43898497870953,Closed,Open
668,22.268118209474142,70.57243331466256,Closed,Open
669,22.30145371577575,71.63393324794664,Closed,Open
670,22.33478922207736,71.55417527999327,Closed,Open
671,22.36812472837897,71.08428022358723,Closed,Open
672,22.401460234680577,71.03880056952212,Closed,Open
673,22.43479574098218,70.83852114878258,Closed,Open
674,22.46813124728379,71.8071337200156,Closed,Open
675,22.501466753585397,72.05002350917513,Closed,Open
676,22.534802259887005,71.07879947893431,Closed,Open
677,22.568137766188613,71.16628959230064,Closed,Open
678,22.60147327249022,70.33909857740196,Closed,Open
679,22.63480877879183,69.03750840640231,Closed,Open
680,22.668144285093437,74.50274347112727,Closed,Open
681,22.701479791395045,72.04852601485098,Closed,Open
682,22.734815297696652,71.90956616619684,Closed,Open
683,22.76815080399826,71.15362976807502,Closed,Open
684,22.801486310299868,74.69952298056077,Closed,Open
685,22.834821816601476,70.83936003108187,Closed,Open
686,22.868157322903084,72.35077524946664,Closed,Open
687,22.90149282920469,70.26914859974619,Closed,Open
688,22.9348283355063,72.56807097407136,Closed,Open
689,22.968163841807907,71.4662435945994,Closed,Open
690,23.001499348109515,71.72995569810628,Closed,Open
691,23.034834854411123,71.42298567374695,Closed,Open
692,23.06817036071273,71.97601401403102,Closed,Open
693,23.10150586701434,70.7319338050954,Closed,Open
694,23.13484137331595,70.35906449817692,Closed,Open
695,23.16817687961756,70.90674848353467,Closed,Open
696,23.20151238591917,68.53028820962668,Closed,Open
697,23.234847892220778,70.92009392743267,Closed,Open
698,23.268183398522385,70.97945534515766,Closed,Open
699,23.30151890482399,68.65126918782128,Closed,Open
700,23.3348544111256,69.67572330035594,Closed,Open
701,23.368189917427205,70.24493697190184,Closed,Open
702,23.401525423728813,69.47165235251038,Closed,Open
703,23.43486093003042,70.7720080700714,Closed,Open
704,23.46819643633203,71.95721232894422,Closed,Open
705,23.501531942633637,68.9891499410068,Closed,Open
706,23.534867448935245,71.05703125327761,Closed,Open
707,23.568202955236853,67.56207454448607,Closed,Open
708,23.60153846153846,69.16593854407834,Closed,Open
709,23.63487396784007,65.69044685960385,Closed,Open
710,23.668209474141676,72.40262240925806,Closed,Open
711,23.701544980443284,69.96788579265004,Closed,Open
712,23.734880486744892,71.33313859043439,Closed,Open
713,23.7682159930465,67.07758940144079,Closed,Open
714,23.801551499348108,67.40696036304311,Closed,Open
715,23.834887005649716,71.29743736781128,Closed,Open
716,23.868222511951323,67.90301897441233,Closed,Open
717,23.90155801825293,67.81013023218794,Closed,Open
718,23.93489352455454,70.31514483893854,Closed,Open
719,23.968229030856147,74.15632406331487,Closed,Open
720,24.001564537157755,73.23158757257096,Closed,Open
721,24.034900043459366,75.51891065035943,Closed,Open
722,24.068235549760978,78.91984276971822,Closed,Open
723,24.101571056062586,84.6430773844266,Closed,Open
724,24.13490656236419,97.2248797245234,Open,Open
725,24.1682420686658,102.31643359232964,Open,Open
726,24.20157757496741,76.95885758369643,Closed,Open
727,24.234913081269013,86.80703031266167,Open,Open
728,24.26824858757062,83.8358012858746,Closed,Open
729,24.30158409387223,74.77053041064991,Closed,Open
730,24.334919600173837,68.40227883658771,Closed,Open
731,24.368255106475445,63.74989021147511,Closed,Open
732,24.401590612777053,68.78525478746266,Closed,Open
733,24.43492611907866,69.41556987713967,Closed,Open
734,24.46826162538027,64.29129474954306,Closed,Open
735,24.501597131681876,64.26681416111438,Closed,Open
736,24.534932637983484,69.79581757934343,Closed,Open
737,24.568268144285092,73.6665092932353,Closed,Open
738,24.6016036505867,67.0854690751993,Closed,Open
739,24.634939156888308,62.8289786850286,Closed,Open
740,24.668274663189916,64.73744409624426,Closed,Open
741,24.701610169491524,63.28714264284615,Closed,Open
742,24.73494567579313,66.24031015570486,Closed,Open
743,24.76828118209474,74.06856581481625,Closed,Open
744,24.801616688396347,64.48660393831307,Closed,Open
745,24.834952194697955,61.74181897424812,Closed,Open
746,24.868287700999563,66.66668593892052,Closed,Open
747,24.90162320730117,66.49995421866868,Closed,Open
748,24.934958713602786,70.03434925226313,Closed,Open
749,24.96829421990439,67.62631536947637,Closed,Open
750,25.001629726206,69.84656749581852,Closed,Open
751,25.03496523250761,68.38100561683414,Closed,Open
752,25.068300738809217,67.53273967731991,Closed,Open
753,25.10163624511082,72.15988545533088,Closed,Open
754,25.13497175141243,71.43580031222349,Closed,Open
755,25.168307257714037,71.38548148976736,Closed,Open
756,25.201642764015645,73.06163847457526,Closed,Open
757,25.234978270317253,69.33504332433046,Closed,Open
758,25.26831377661886,67.63781142587543,Closed,Open
759,25.30164928292047,66.60431934117332,Closed,Open
760,25.334984789222077,62.65432144105198,Closed,Open
761,25.368320295523684,60.86763455719948,Closed,Open
762,25.401655801825292,58.093553505609606,Closed,Open
763,25.4349913081269,59.34761900651861,Closed,Open
764,25.468326814428508,57.2608229288776,Closed,Closed
765,25.501662320730116,54.08398148029838,Closed,Closed
766,25.534997827031724,57.08671246993502,Closed,Closed
767,25.56833333333333,56.767430686007,Closed,Closed
768,25.60166883963494,60.670779085835406,Closed,Open
769,25.635004345936547,65.66348944566448,Closed,Open
770,25.668339852238155,67.65748209513829,Closed,Open
771,25.701675358539763,69.48505260038816,Closed,Open
772,25.73501086484137,76.72807767551718,Closed,Open
773,25.76834637114298,73.9005134172563,Closed,Open
774,25.801681877444587,71.9363559809714,Closed,Open
775,25.8350173837462,68.65594132337803,Closed,Open
776,25.86835289004781,68.48272787885574,Closed,Open
777,25.901688396349417,67.9444043492779,Closed,Open
778,25.93502390265102,66.35270074381543,Closed,Open
779,25.96835940895263,63.70391543176798,Closed,Open
780,26.001694915254237,66.91425696447456,Closed,Open
781,26.035030421555845,63.81766313870358,Closed,Open
782,26.068365927857453,64.85422558189363,Closed,Open
783,26.10170143415906,63.106221794487986,Closed,Open
784,26.13503694046067,63.69491156204715,Closed,Open
785,26.168372446762277,60.905878302258,Closed,Open
786,26.201707953063885,58.72646505543962,Closed,Open
787,26.235043459365492,59.71767380165931,Closed,Open
788,26.2683789656671,61.09954260754566,Closed,Open
789,26.301714471968708,65.14706730583707,Closed,Open
790,26.335049978270316,66.77053627813021,Closed,Open
791,26.368385484571924,74.30459659379883,Closed,Open
792,26.40172099087353,77.3178513445228,Closed,Open
793,26.43505649717514,79.6828378831401,Closed,Open
794,26.468392003476747,75.35048339344668,Closed,Open
795,26.501727509778355,71.5861336329009,Closed,Open
796,26.535063016079963,70.40201908177605,Closed,Open
797,26.56839852238157,59.37110709827664,Closed,Open
798,26.60173402868318,66.40214979997137,Closed,Open
799,26.635069534984787,64.49156598758263,Closed,Open
800,26.668405041286395,60.33824852097894,Closed,Open
801,26.701740547588003,55.40196252916098,Closed,Closed
802,26.735076053889617,60.90174086743447,Closed,Open
803,26.768411560191225,63.65437914109621,Closed,Open
804,26.80174706649283,56.60696559191629,Closed,Closed
805,26.83508257279444,56.25672610175505,Closed,Closed
806,26.868418079096045,58.82944246886191,Closed,Open
807,26.901753585397653,66.06154744611075,Closed,Open
808,26.93508909169926,73.55477731932746,Closed,Open
809,26.96842459800087,73.84379053742393,Closed,Open
810,27.001760104302477,74.23241432245649,Closed,Open
811,27.035095610604085,74.30568843274389,Closed,Open
812,27.068431116905693,77.22892650672026,Closed,Open
813,27.1017666232073,77.7886627428718,Closed,Open
814,27.13510212950891,74.4714246669044,Closed,Open
815,27.168437635810516,70.48882307391099,Closed,Open
816,27.201773142112124,69.72685560950809,Closed,Open
817,27.235108648413732,62.297085679775,Closed,Open
818,27.26844415471534,59.86068256597875,Closed,Open
819,27.301779661016948,58.62181361983712,Closed,Open
820,27.335115167318556,60.57034899669492,Closed,Open
821,27.368450673620163,59.06353065394906,Closed,Open
822,27.40178617992177,59.61341335029698,Closed,Open
823,27.43512168622338,57.39134408207657,Closed,Closed
824,27.468457192524987,67.02173319045403,Closed,Open
825,27.501792698826595,73.91432304681052,Closed,Open
826,27.535128205128203,77.81312977672376,Closed,Open
827,27.56846371142981,81.77939780990678,Closed,Open
828,27.60179921773142,80.19059517351938,Closed,Open
829,27.635134724033023,76.22499137335991,Closed,Open
830,27.66847023033464,76.03076984835019,Closed,Open
831,27.70180573663625,73.25845322268522,Closed,Open
832,27.735141242937853,71.83504351501568,Closed,Open
833,27.76847674923946,66.66931465138629,Closed,Open
834,27.80181225554107,62.995840446233984,Closed,Open
835,27.835147761842677,58.607320701868595,Closed,Open
836,27.868483268144285,58.22992747239054,Closed,Open
837,27.901818774445893,59.26381767028643,Closed,Open
838,27.9351542807475,59.369888211448256,Closed,Open
839,27.96848978704911,60.19605588063656,Closed,Open
840,28.001825293350716,60.05231551939147,Closed,Open
841,28.035160799652324,58.14144211606159,Closed,Open
842,28.068496305953932,59.25763317891102,Closed,Open
843,28.10183181225554,66.8572214454235,Closed,Open
844,28.135167318557148,75.83289651350049,Closed,Open
845,28.168502824858756,74.40802583013613,Closed,Open
846,28.201838331160364,77.19555158753944,Closed,Open
847,28.23517383746197,78.03473948100631,Closed,Open
848,28.26850934376358,73.42059423071234,Closed,Open
849,28.301844850065187,73.1158512793941,Closed,Open
850,28.335180356366795,71.73909636755607,Closed,Open
851,28.368515862668403,70.51940239313573,Closed,Open
852,28.40185136897001,68.4830606167115,Closed,Open
853,28.43518687527162,67.76417976789153,Closed,Open
854,28.468522381573223,63.356017343869325,Closed,Open
855,28.50185788787483,64.88440865137997,Closed,Open
856,28.53519339417644,68.04749129430415,Closed,Open
857,28.568528900478057,65.67779820126232,Closed,Open
858,28.60186440677966,67.53353394424454,Closed,Open
859,28.63519991308127,69.34132449468615,Closed,Open
860,28.668535419382877,68.95278737236353,Closed,Open
861,28.701870925684485,70.16968627300456,Closed,Open
862,28.735206431986093,66.7297559647677,Closed,Open
863,28.7685419382877,66.08606502845201,Closed,Open
864,28.80187744458931,68.29455265819088,Closed,Open
865,28.835212950890917,63.14372827294119,Closed,Open
866,28.868548457192524,66.5800409218117,Closed,Open
867,28.901883963494132,63.432266979719245,Closed,Open
868,28.93521946979574,56.33221096091826,Closed,Closed
869,28.968554976097348,62.17153945028723,Closed,Open
870,29.001890482398956,59.1864758830972,Closed,Open
871,29.035225988700564,56.03548579229712,Closed,Closed
872,29.06856149500217,56.587322550780115,Closed,Closed
873,29.10189700130378,64.31738230779706,Closed,Open
874,29.135232507605387,70.48962999558003,Closed,Open
875,29.168568013906995,75.16580959762433,Closed,Open
876,29.201903520208603,78.15966796359278,Closed,Open
877,29.23523902651021,76.37328393439543,Closed,Open
878,29.26857453281182,75.21745373941721,Closed,Open
879,29.301910039113427,75.37243189664078,Closed,Open
880,29.33524554541503,71.8151793875802,Closed,Open
881,29.36858105171664,69.75782037813732,Closed,Open
882,29.40191655801825,66.2998583704832,Closed,Open
883,29.435252064319855,69.18883664637457,Closed,Open
884,29.46858757062147,62.1660792239084,Closed,Open
885,29.501923076923077,63.31820296924751,Closed,Open
886,29.535258583224685,61.91896453032459,Closed,Open
887,29.568594089526293,60.85433651701203,Closed,Open
888,29.6019295958279,62.27334723368372,Closed,Open
889,29.63526510212951,61.74320475277989,Closed,Open
890,29.668600608431117,59.54776057246644,Closed,Open
891,29.701936114732725,64.10738536115502,Closed,Open
892,29.735271621034332,75.43010358785116,Closed,Open
893,29.76860712733594,72.05911463970317,Closed,Open
894,29.801942633637548,75.3895265722353,Closed,Open
895,29.835278139939156,78.62533995965946,Closed,Open
896,29.868613646240764,73.67532136659325,Closed,Open
897,29.90194915254237,70.35254646023813,Closed,Open
898,29.93528465884398,75.47222946578682,Closed,Open
899,29.968620165145587,70.02380776062343,Closed,Open
900,30.001955671447195,69.8603874557444,Closed,Open
901,30.035291177748803,67.64554891682819,Closed,Open
902,30.06862668405041,65.90165192356646,Closed,Open
903,30.10196219035202,62.58216393989134,Closed,Open
904,30.135297696653627,63.39482175412482,Closed,Open
905,30.168633202955235,62.16732750705681,Closed,Open
906,30.201968709256843,63.64103040208829,Closed,Open
907,30.23530421555845,62.32776007726933,Closed,Open
908,30.26863972186006,58.72795881487427,Closed,Open
909,30.301975228161663,58.56185069030986,Closed,Open
910,30.33531073446327,59.49224551311816,Closed,Open
911,30.368646240764885,65.57764733226207,Closed,Open
912,30.401981747066493,76.86889044219733,Closed,Open
913,30.4353172533681,71.96200704475129,Closed,Open
914,30.46865275966971,75.329371931587,Closed,Open
915,30.501988265971317,77.31400793903109,Closed,Open
916,30.535323772272925,69.8849690755315,Closed,Open
917,30.568659278574533,74.4772485142292,Closed,Open
918,30.60199478487614,69.79972383810706,Closed,Open
919,30.63533029117775,72.27531841800928,Closed,Open
920,30.668665797479356,64.85563880941723,Closed,Open
921,30.702001303780964,66.8806071104618,Closed,Open
922,30.735336810082572,62.61630356217241,Closed,Open
923,30.76867231638418,62.76434321494219,Closed,Open
924,30.802007822685788,61.19667798071417,Closed,Open
925,30.835343328987395,62.133757622351055,Closed,Open
926,30.868678835289003,59.161520094018655,Closed,Open
927,30.90201434159061,62.94262473872448,Closed,Open
928,30.93534984789222,57.35979889333821,Closed,Closed
929,30.968685354193827,58.36499901006107,Closed,Open
930,31.002020860495435,69.90043891345773,Closed,Open
931,31.035356366797043,71.31098181342864,Closed,Open
932,31.06869187309865,76.0609992936191,Closed,Open
933,31.10202737940026,78.99268870958049,Closed,Open
934,31.135362885701863,80.46607071175114,Closed,Open
935,31.16869839200347,82.48500768448108,Closed,Open
936,31.20203389830508,73.71714482301962,Closed,Open
937,31.23536940460669,74.17727582025655,Closed,Open
938,31.2687049109083,74.20835105933436,Closed,Open
939,31.30204041720991,75.93735692619751,Closed,Open
940,31.335375923511517,68.95131716547411,Closed,Open
941,31.368711429813125,65.56856324528414,Closed,Open
942,31.402046936114733,64.76029968178204,Closed,Open
943,31.43538244241634,64.7145682476156,Closed,Open
944,31.46871794871795,62.2906687647938,Closed,Open
945,31.502053455019556,61.52331958967656,Closed,Open
946,31.535388961321164,62.33455922479857,Closed,Open
947,31.568724467622772,62.37428867425905,Closed,Open
948,31.60205997392438,62.14465756488784,Closed,Open
949,31.635395480225988,64.40312488835312,Closed,Open
950,31.668730986527596,63.60509909131953,Closed,Open
951,31.702066492829204,68.39527988472724,Closed,Open
952,31.73540199913081,76.04696940212376,Closed,Open
953,31.76873750543242,76.99495445707055,Closed,Open
954,31.802073011734027,83.48335145357473,Closed,Open
955,31.835408518035635,84.73206751229631,Closed,Open
956,31.868744024337243,77.88744648266723,Closed,Open
957,31.90207953063885,71.46279290511538,Closed,Open
958,31.93541503694046,72.33567262198336,Closed,Open
959,31.968750543242063,71.6850287835896,Closed,Open
960,32.00208604954368,72.46657570079489,Closed,Open
961,32.03542155584528,73.34429853646526,Closed,Open
962,32.068757062146894,68.26080329660509,Closed,Open
963,32.1020925684485,67.6941885364582,Closed,Open
964,32.13542807475011,67.2161090110637,Closed,Open
965,32.168763581051714,67.14718584144391,Closed,Open
966,32.202099087353325,64.12824207558502,Closed,Open
967,32.23543459365493,58.954881714602365,Closed,Open
968,32.26877009995654,61.36727391766304,Closed,Open
969,32.302105606258145,66.79752460359927,Closed,Open
970,32.33544111255976,71.57220339754593,Closed,Open
971,32.36877661886136,79.40248638930186,Closed,Open
972,32.40211212516297,80.8434341997235,Closed,Open
973,32.43544763146458,82.10417566207026,Closed,Open
974,32.46878313776619,78.79407655602148,Closed,Open
975,32.50211864406779,77.67771752455951,Closed,Open
976,32.535454150369404,75.40676534927584,Closed,Open
977,32.56878965667101,67.6941885364582,Closed,Open
978,32.60212516297262,66.35874941527345,Closed,Open
979,32.63546066927423,65.83619042979049,Closed,Open
980,32.668796175575835,60.536628547863366,Closed,Open
981,32.70213168187745,58.97699761927157,Closed,Open
982,32.73546718817905,56.57013785972319,Closed,Closed
983,32.76880269448066,61.840796671959595,Closed,Open
984,32.80213820078227,61.348624252510795,Closed,Open
985,32.83547370708388,61.45560361559471,Closed,Open
986,32.86880921338548,55.95512272230217,Closed,Closed
987,32.902144719687094,58.515218779464675,Closed,Open
988,32.9354802259887,59.37427653381036,Closed,Open
989,32.96881573229031,61.6119097219924,Closed,Open
990,33.002151238591914,58.83955027984838,Closed,Open
991,33.035486744893525,54.88284566632107,Closed,Closed
992,33.06882225119513,62.24984620756196,Closed,Open
993,33.10215775749674,67.77082177196047,Closed,Open
994,33.135493263798345,63.22654889618454,Closed,Open
995,33.16882877009996,73.48724456242297,Closed,Open
996,33.20216427640156,72.01720201163201,Closed,Open
997,33.23549978270317,78.58446795058605,Closed,Open
998,33.26883528900478,79.7059031244894,Closed,Open
999,33.30217079530639,80.60179497834989,Closed,Open
1000,33.33550630160799,73.92875685729406,Closed,Open
1001,33.368841807909604,73.15562457405576,Closed,Open
1002,33.40217731421121,70.95044167812932,Closed,Open
1003,33.43551282051282,66.91528529738176,Closed,Open
1004,33.468848326814424,63.29178588373668,Closed,Open
1005,33.502183833116035,62.79567077072183,Closed,Open
1006,33.53551933941765,62.02571930201371,Closed,Open
1007,33.56885484571925,63.784710036928296,Closed,Open
1008,33.60219035202086,64.7775415803393,Closed,Open
1009,33.63552585832247,65.11187815023666,Closed,Open
1010,33.66886136462408,63.0401497856199,Closed,Open
1011,33.70219687092568,63.85012357068468,Closed,Open
1012,33.735532377227294,59.87124604242992,Closed,Open
1013,33.7688678835289,78.37374547156665,Closed,Open
1014,33.80220338983051,66.33852603679341,Closed,Open
1015,33.835538896132114,69.97300230265203,Closed,Open
1016,33.868874402433725,72.31035014111168,Closed,Open
1017,33.90220990873533,75.6360842937782,Closed,Open
1018,33.93554541503694,79.43225755653376,Closed,Open
1019,33.968880921338545,79.67929030157954,Closed,Open
1020,34.00221642764016,76.07761746026573,Closed,Open
1021,34.03555193394176,75.38368454057601,Closed,Open
1022,34.06888744024337,74.17830800126916,Closed,Open
1023,34.10222294654498,71.44868418830089,Closed,Open
1024,34.13555845284659,71.40279991446744,Closed,Open
1025,34.16889395914819,67.68494104795674,Closed,Open
1026,34.202229465449804,64.34599330720042,Closed,Open
1027,34.23556497175141,64.7876188205037,Closed,Open
1028,34.26890047805302,62.195836135108934,Closed,Open
1029,34.302235984354624,59.386226558526985,Closed,Open
1030,34.335571490656235,59.174240966639886,Closed,Open
1031,34.36890699695784,60.538147382189464,Closed,Open
1032,34.40224250325945,55.83760629564998,Closed,Closed
1033,34.43557800956106,55.733480182518335,Closed,Closed
1034,34.46891351586267,55.90745836786748,Closed,Closed
1035,34.50224902216428,61.61889587035185,Closed,Open
1036,34.53558452846588,63.42318974952098,Closed,Open
1037,34.568920034767494,65.34536047149957,Closed,Open
1038,34.6022555410691,72.45124861264055,Closed,Open
1039,34.63559104737071,76.05944516191653,Closed,Open
1040,34.668926553672314,76.77216388202339,Closed,Open
1041,34.702262059973926,74.2884112784417,Closed,Open
1042,34.73559756627553,78.17838084124412,Closed,Open
1043,34.76893307257714,77.01556707150321,Closed,Open
1044,34.802268578878746,73.19518593968613,Closed,Open
1045,34.83560408518036,73.76452341490526,Closed,Open
1046,34.86893959148196,70.58966688009906,Closed,Open
1047,34.90227509778357,71.76590723969512,Closed,Open
1048,34.93561060408518,71.69178385559425,Closed,Open
1049,34.96894611038679,69.12911027078393,Closed,Open
1050,35.00228161668839,73.26713667173296,Closed,Open
1051,35.035617122990004,71.29132330787829,Closed,Open
1052,35.06895262929161,64.97368836890566,Closed,Open
1053,35.10228813559322,64.43201714678212,Closed,Open
1054,35.135623641894824,64.933867740273,Closed,Open
1055,35.168959148196436,66.36337778032612,Closed,Open
1056,35.20229465449804,68.04056974573847,Closed,Open
1057,35.23563016079965,69.83343221963449,Closed,Open
1058,35.268965667101256,72.22403620064838,Closed,Open
1059,35.30230117340287,73.03703060699421,Closed,Open
1060,35.33563667970447,70.33519299046188,Closed,Open
1061,35.36897218600608,70.38160326833767,Closed,Open
1062,35.402307692307694,65.5420509000488,Closed,Open
1063,35.4356431986093,63.4805706605112,Closed,Open
1064,35.46897870491091,64.54949625291556,Closed,Open
1065,35.502314211212514,62.95665201636096,Closed,Open
1066,35.535649717514126,61.99534753626541,Closed,Open
1067,35.56898522381573,59.05759581386319,Closed,Open
1068,35.60232073011734,58.87333650273038,Closed,Open
1069,35.635656236418946,52.98859409357848,Closed,Closed
1070,35.66899174272056,53.90679877420684,Closed,Closed
1071,35.70232724902216,64.865956296625,Closed,Open
1072,35.73566275532377,62.982920248692295,Closed,Open
1073,35.76899826162538,65.56515521437231,Closed,Open
1074,35.80233376792699,69.09595731829054,Closed,Open
1075,35.83566927422859,74.25669987934893,Closed,Open
1076,35.869004780530204,75.32209620415209,Closed,Open
1077,35.90234028683181,75.28021294890911,Closed,Open
1078,35.93567579313342,75.0,Closed,Open
1079,35.969011299435024,72.30263810352274,Closed,Open
1080,36.002346805736636,72.6853305936959,Closed,Open
1081,36.03568231203824,70.95847732761891,Closed,Open
1082,36.06901781833985,70.9126937803392,Closed,Open
1083,36.102353324641456,72.04007581784147,Closed,Open
1084,36.13568883094307,66.7090706818209,Closed,Open
1085,36.16902433724467,64.89327642619402,Closed,Open
1086,36.20235984354628,63.29081353344666,Closed,Open
1087,36.23569534984789,62.6480375540181,Closed,Open
1088,36.2690308561495,66.18394023808246,Closed,Open
1089,36.30236636245111,62.2208224363068,Closed,Open
1090,36.335701868752714,62.69984949458929,Closed,Open
1091,36.369037375054326,60.22457029731973,Closed,Open
1092,36.40237288135593,57.80931077411665,Closed,Closed
1093,36.43570838765754,58.155060745903825,Closed,Open
1094,36.469043893959146,66.23071835098426,Closed,Open
1095,36.50237940026076,71.38059793868585,Closed,Open
1096,36.53571490656236,77.87664802520486,Closed,Open
1097,36.56905041286397,79.16874722472826,Closed,Open
1098,36.60238591916558,77.9516813993124,Closed,Open
1099,36.63572142546719,78.44497082554965,Closed,Open
1100,36.66905693176879,75.79070562552198,Closed,Open
1101,36.702392438070405,74.11121851481879,Closed,Open
1102,36.73572794437201,72.32259298926573,Closed,Open
1103,36.76906345067362,72.00998811395162,Closed,Open
1104,36.802398956975225,69.53665585447398,Closed,Open
1105,36.83573446327683,71.89002369713361,Closed,Open
1106,36.86906996957844,68.21379335396759,Closed,Open
1107,36.90240547588005,62.65807738977965,Closed,Open
1108,36.935740982181656,68.565026189892,Closed,Open
1109,36.96907648848327,65.70374644332823,Closed,Open
1110,37.00241199478487,67.6346711270102,Closed,Open
1111,37.03574750108648,61.14872092073634,Closed,Open
1112,37.06908300738809,59.06712055047657,Closed,Open
1113,37.1024185136897,57.30015723231569,Closed,Closed
1114,37.1357540199913,56.37268509697488,Closed,Closed
1115,37.169089526292915,59.122870907798585,Closed,Open
1116,37.202425032594526,64.51096312669286,Closed,Open
1117,37.23576053889613,71.3746769507986,Closed,Open
1118,37.26909604519774,75.19163390760784,Closed,Open
1119,37.302431551499346,77.00745210175451,Closed,Open
1120,37.33576705780096,74.83006788328113,Closed,Open
1121,37.36910256410256,72.06715380645247,Closed,Open
1122,37.40243807040417,72.74922359499621,Closed,Open
1123,37.43577357670578,75.61252181656704,Closed,Open
1124,37.46910908300739,72.31649603277526,Closed,Open
1125,37.50244458930899,74.27945155396638,Closed,Open
1126,37.535780095610605,74.31440957976191,Closed,Open
1127,37.56911560191221,70.57453757179559,Closed,Open
1128,37.60245110821382,70.584544976865,Closed,Open
1129,37.635786614515425,68.36367253169325,Closed,Open
1130,37.66912212081704,66.91251923845233,Closed,Open
1131,37.70245762711864,61.719703301290515,Closed,Open
1132,37.73579313342025,65.8675462217332,Closed,Open
1133,37.769128639721856,65.46821331565984,Closed,Open
1134,37.80246414602347,67.95938991114016,Closed,Open
1135,37.83579965232507,64.60388896643154,Closed,Open
1136,37.86913515862668,64.0964960543607,Closed,Open
1137,37.90247066492829,65.68607529539406,Closed,Open
1138,37.9358061712299,63.28514284338408,Closed,Open
1139,37.9691416775315,66.50427516282616,Closed,Open
1140,38.002477183833115,63.59783347601347,Closed,Open
1141,38.03581269013472,74.02654564571395,Closed,Open
1142,38.06914819643633,73.1481568227348,Closed,Open
1143,38.10248370273794,75.85049552087976,Closed,Open
1144,38.135819209039546,75.64343900026236,Closed,Open
1145,38.16915471534116,76.3748179781571,Closed,Open
1146,38.20249022164276,78.93623111186434,Closed,Open
1147,38.23582572794437,76.84990520920815,Closed,Open
1148,38.26916123424598,72.88400201263781,Closed,Open
1149,38.30249674054759,74.03603843211305,Closed,Open
1150,38.33583224684919,73.82946127099319,Closed,Open
1151,38.369167753150805,71.45488356632937,Closed,Open
1152,38.40250325945241,68.25092832643057,Closed,Open
1153,38.43583876575402,66.54861159798492,Closed,Open
1154,38.469174272055625,65.10883471240625,Closed,Open
1155,38.50250977835723,66.37228082949144,Closed,Open
1156,38.53584528465884,66.73106427173545,Closed,Open
1157,38.56918079096045,65.92610318145138,Closed,Open
1158,38.602516297262056,62.69119709096894,Closed,Open
1159,38.63585180356367,62.628851902672345,Closed,Open
1160,38.66918730986527,62.80180052148299,Closed,Open
1161,38.70252281616688,64.11229988144501,Closed,Open
1162,38.73585832246849,67.83207940010891,Closed,Open
1163,38.7691938287701,63.00859221969132,Closed,Open
1164,38.8025293350717,64.2193852444513,Closed,Open
1165,38.835864841373315,75.639146792932,Closed,Open
1166,38.86920034767492,72.33993425342909,Closed,Open
1167,38.90253585397653,77.87646330892622,Closed,Open
1168,38.935871360278135,79.1810943959388,Closed,Open
1169,38.969206866579746,79.67915084092022,Closed,Open
1170,39.00254237288136,85.60969160930964,Open,Open
1171,39.03587787918296,83.47527174093098,Closed,Open
1172,39.069213385484574,78.01538976403623,Closed,Open
1173,39.10254889178618,79.06916115905179,Closed,Open
1174,39.13588439808779,76.5490883698817,Closed,Open
1175,39.169219904389394,75.71681521316597,Closed,Open
1176,39.202555410691005,72.7480015480647,Closed,Open
1177,39.23589091699261,68.86706031310854,Closed,Open
1178,39.26922642329422,67.80516018313472,Closed,Open
1179,39.302561929595825,66.9123277137326,Closed,Open
1180,39.33589743589744,66.8750197365505,Closed,Open
1181,39.36923294219904,63.69300315121331,Closed,Open
1182,39.40256844850065,60.67242674415371,Closed,Open
1183,39.43590395480226,67.87601828217323,Closed,Open
1184,39.46923946110387,65.52959373961284,Closed,Open
1185,39.50257496740547,59.733771137683775,Closed,Open
1186,39.53591047370709,63.71573119594994,Closed,Open
1187,39.56924598000869,59.31833304394972,Closed,Open
1188,39.6025814863103,59.24800039635575,Closed,Open
1189,39.635916992611904,65.99802927926879,Closed,Open
1190,39.669252498913515,71.21440750947629,Closed,Open
1191,39.70258800521512,76.34244149991581,Closed,Open
1192,39.73592351151673,78.0467758340304,Closed,Open
1193,39.769259017818335,77.53221043146473,Closed,Open
1194,39.80259452411995,78.08440669731617,Closed,Open
1195,39.83593003042155,79.56435077203352,Closed,Open
1196,39.86926553672316,77.49629400035661,Closed,Open
1197,39.902601043024774,74.93711773690111,Closed,Open
1198,39.93593654932638,74.96026859515152,Closed,Open
1199,39.96927205562799,72.30861675471995,Closed,Open
1200,40.002607561929594,68.63074048752753,Closed,Open
1201,40.035943068231205,64.55549763022003,Closed,Open
1202,40.06927857453281,60.683055180769045,Closed,Open
1203,40.10261408083442,62.08791035808635,Closed,Open
1204,40.135949587136025,61.056293395122054,Closed,Open
1205,40.16928509343764,63.893562410311624,Closed,Open
1206,40.20262059973924,70.12462884117053,Closed,Open
1207,40.23595610604085,59.352834667050445,Closed,Open
1208,40.26929161234246,70.803812141153,Closed,Open
1209,40.30262711864407,63.56119944936533,Closed,Open
1210,40.33596262494567,62.19795630073578,Closed,Open
1211,40.36929813124728,63.18942433752533,Closed,Open
1212,40.40263363754889,62.95160832872632,Closed,Open
1213,40.4359691438505,63.20105539104971,Closed,Open
1214,40.469304650152104,62.514034937665926,Closed,Open
1215,40.502640156453715,65.81143178610807,Closed,Open
1216,40.53597566275532,63.44414560257569,Closed,Open
1217,40.56931116905693,66.19200161866912,Closed,Open
1218,40.602646675358535,67.06168142471414,Closed,Open
1219,40.63598218166015,67.96704521256792,Closed,Open
1220,40.66931768796175,67.91869959854778,Closed,Open
1221,40.70265319426336,69.13906228023964,Closed,Open
1222,40.73598870056497,69.28589696944488,Closed,Open
1223,40.76932420686658,67.77191640880501,Closed,Open
1224,40.80265971316819,69.28772700251784,Closed,Open
1225,40.835995219469794,72.17612154473832,Closed,Open
1226,40.869330725771405,75.86654764970757,Closed,Open
1227,40.90266623207301,75.40407391312553,Closed,Open
1228,40.93600173837462,75.59330051168678,Closed,Open
1229,40.969337244676225,74.77754778136355,Closed,Open
1230,41.00267275097784,72.71748788151774,Closed,Open
1231,41.03600825727944,71.57566230465265,Closed,Open
1232,41.06934376358105,74.2684251224151,Closed,Open
1233,41.10267926988266,71.7687555804263,Closed,Open
1234,41.13601477618427,71.7687555804263,Closed,Open
1235,41.16935028248587,73.614000436929,Closed,Open
1236,41.20268578878749,70.99561111057642,Closed,Open
1237,41.23602129508909,73.87994072411405,Closed,Open
1238,41.2693568013907,70.39748829608087,Closed,Open
1239,41.302692307692304,71.85100424887369,Closed,Open
1240,41.336027813993915,72.17504688033983,Closed,Open
1241,41.36936332029552,71.30370884472867,Closed,Open
1242,41.40269882659713,70.1065394114715,Closed,Open
1243,41.436034332898735,73.76451808610581,Closed,Open
1244,41.46936983920035,73.79178266476677,Closed,Open
1245,41.50270534550195,68.70531703996878,Closed,Open
1246,41.53604085180356,68.41892948269414,Closed,Open
1247,41.56937635810517,66.28073059552739,Closed,Open
1248,41.60271186440678,65.6810350819626,Closed,Open
1249,41.63604737070838,68.9046685951347,Closed,Open
1250,41.669382877009994,74.26889556474609,Closed,Open
1251,41.702718383311606,78.17264808121556,Closed,Open
1252,41.73605388961321,75.39217841977144,Closed,Open
1253,41.76938939591482,77.54098941954796,Closed,Open
1254,41.802724902216426,86.13955367854233,Open,Open
1255,41.83606040851804,81.77567974070438,Closed,Open
1256,41.86939591481964,94.69551157430092,Open,Open
1257,41.90273142112125,101.04641709062504,Open,Open
1258,41.93606692742286,90.42721539084177,Open,Open
1259,41.96940243372447,84.29785317629256,Closed,Open
1260,42.00273794002607,78.25474274069492,Closed,Open
1261,42.03607344632768,77.61409973215888,Closed,Open
1262,42.06940895262929,74.14529249397836,Closed,Open
1263,42.1027444589309,72.79506916970308,Closed,Open
1264,42.136079965232504,73.61968354331364,Closed,Open
1265,42.16941547153411,71.6636538572971,Closed,Open
1266,42.20275097783572,71.18634907384765,Closed,Open
1267,42.23608648413733,69.75439762664175,Closed,Open
1268,42.269421990438936,70.62456826963887,Closed,Open
1269,42.30275749674055,69.6618083521241,Closed,Open
1270,42.33609300304215,69.74682204596553,Closed,Open
1271,42.36942850934376,71.70822197771065,Closed,Open
1272,42.40276401564537,71.64672171546842,Closed,Open
1273,42.43609952194698,72.96903823762358,Closed,Open
1274,42.46943502824858,71.57014393587372,Closed,Open
1275,42.502770534550194,73.17619412702504,Closed,Open
1276,42.5361060408518,75.32513404838988,Closed,Open
1277,42.56944154715341,75.11271548066753,Closed,Open
1278,42.60277705345502,74.01925954533309,Closed,Open
1279,42.636112559756626,76.63094194251283,Closed,Open
1280,42.66944806605824,74.37664818372679,Closed,Open
1281,42.70278357235984,76.00005113274646,Closed,Open
1282,42.73611907866145,75.80403085333319,Closed,Open
1283,42.76945458496306,76.64351214310003,Closed,Open
1284,42.80279009126467,74.54019960700765,Closed,Open
1285,42.83612559756627,75.4679663497763,Closed,Open
1286,42.86946110386789,71.04201296605322,Closed,Open
1287,42.90279661016949,71.42977021150789,Closed,Open
1288,42.9361321164711,71.84167679072434,Closed,Open
1289,42.969467622772704,68.67776301163462,Closed,Open
1290,43.00280312907432,72.18452045964838,Closed,Open
1291,43.03613863537592,73.44008813142298,Closed,Open
1292,43.06947414167753,67.89981683466286,Closed,Open
1293,43.102809647979136,71.71715608646983,Closed,Open
1294,43.13614515428075,68.04324690177498,Closed,Open
1295,43.16948066058235,69.15755950578132,Closed,Open
1296,43.20281616688396,73.90609606285255,Closed,Open
1297,43.23615167318557,79.11071899160956,Closed,Open
1298,43.26948717948718,78.44795378427226,Closed,Open
1299,43.30282268578878,75.3197780315135,Closed,Open
1300,43.336158192090394,79.46584405731443,Closed,Open
1301,43.369493698392,79.07206363932804,Closed,Open
1302,43.40282920469361,77.01860916463914,Closed,Open
1303,43.436164710995214,76.06727259967528,Closed,Open
1304,43.469500217296826,76.29896949690792,Closed,Open
1305,43.50283572359844,76.99003462924384,Closed,Open
1306,43.53617122990004,76.40337084976179,Closed,Open
1307,43.56950673620165,75.30971051862855,Closed,Open
1308,43.60284224250326,73.98788630841098,Closed,Open
1309,43.63617774880487,74.71643680683435,Closed,Open
1310,43.66951325510647,74.01713227977135,Closed,Open
1311,43.70284876140808,72.2393675285221,Closed,Open
1312,43.73618426770969,73.46114225400629,Closed,Open
1313,43.7695197740113,72.53259380162902,Closed,Open
1314,43.802855280312905,71.8684755391426,Closed,Open
1315,43.83619078661451,67.83246683539645,Closed,Open
1316,43.86952629291612,69.16658601538245,Closed,Open
1317,43.90286179921773,67.38967018209992,Closed,Open
1318,43.936197305519336,70.07221974453176,Closed,Open
1319,43.96953281182095,68.6041784576662,Closed,Open
1320,44.00286831812255,67.40276574560524,Closed,Open
1321,44.03620382442416,67.95282321129788,Closed,Open
1322,44.06953933072577,66.61520862717722,Closed,Open
1323,44.10287483702738,70.26019718986382,Closed,Open
1324,44.13621034332898,76.38881822352249,Closed,Open
1325,44.169545849630595,67.57961358745915,Closed,Open
1326,44.2028813559322,63.487920021571576,Closed,Open
1327,44.23621686223381,75.49431377230883,Closed,Open
1328,44.269552368535415,64.43470481012746,Closed,Open
1329,44.302887874837026,62.891234195328785,Closed,Open
1330,44.33622338113863,63.85382654183545,Closed,Open
1331,44.36955888744024,61.60329543392728,Closed,Open
1332,44.402894393741846,62.278948999452645,Closed,Open
1333,44.43622990004346,60.047064966852275,Closed,Open
1334,44.46956540634507,57.730409005512385,Closed,Closed
1335,44.50290091264667,68.69324076651954,Closed,Open
1336,44.536236418948285,65.08389463896361,Closed,Open
1337,44.56957192524989,68.28648046330598,Closed,Open
1338,44.6029074315515,64.68018965795953,Closed,Open
1339,44.636242937853105,57.28049716414141,Closed,Closed
1340,44.66957844415472,48.89845445818621,Closed,Closed
1341,44.70291395045632,59.843751790350126,Closed,Open
1342,44.73624945675793,54.242485751608314,Closed,Closed
1343,44.769584963059536,55.48329038681472,Closed,Closed
1344,44.80292046936115,54.86323264629322,Closed,Closed
1345,44.83625597566275,53.09595753449432,Closed,Closed
1346,44.86959148196436,53.02134579502449,Closed,Closed
1347,44.90292698826597,56.08767768218745,Closed,Closed
1348,44.93626249456758,53.10494677942532,Closed,Closed
1349,44.96959800086918,59.868594188578015,Closed,Open
1350,45.002933507170795,53.788293476127016,Closed,Closed
1351,45.0362690134724,61.61167632991442,Closed,Open
1352,45.06960451977401,67.85067538342385,Closed,Open
1353,45.102940026075615,69.15896106793274,Closed,Open
1354,45.136275532377226,70.08059047756686,Closed,Open
1355,45.16961103867883,67.4792081958867,Closed,Open
1356,45.20294654498044,69.90612188973859,Closed,Open
1357,45.236282051282046,69.11865262909363,Closed,Open
1358,45.26961755758366,73.01596660831362,Closed,Open
1359,45.30295306388526,75.59532573301291,Closed,Open
1360,45.33628857018687,71.14611670405816,Closed,Open
1361,45.369624076488485,68.44268821937243,Closed,Open
1362,45.40295958279009,70.76455024954086,Closed,Open
1363,45.4362950890917,70.88409042746122,Closed,Open
1364,45.469630595393305,67.53284730576101,Closed,Open
1365,45.50296610169491,70.37688039043032,Closed,Open
1366,45.53630160799652,73.60294885934707,Closed,Open
1367,45.56963711429813,74.29815910658579,Closed,Open
1368,45.602972620599736,73.32478377236794,Closed,Open
1369,45.63630812690135,74.25448016821196,Closed,Open
1370,45.66964363320295,76.36750082036359,Closed,Open
1371,45.70297913950456,75.2099158078229,Closed,Open
1372,45.73631464580617,75.63593999163895,Closed,Open
1373,45.76965015210778,78.2081316233234,Closed,Open
1374,45.80298565840938,73.38799366509494,Closed,Open
1375,45.836321164710995,74.71746639530112,Closed,Open
1376,45.8696566710126,70.46037591932073,Closed,Open
1377,45.90299217731421,66.73060215728887,Closed,Open
1378,45.936327683615815,72.01398394353339,Closed,Open
1379,45.969663189917426,67.124666595197,Closed,Open
1380,46.00299869621903,70.42033532087675,Closed,Open
1381,46.03633420252064,71.07733184113559,Closed,Open
1382,46.069669708822246,70.659399546506,Closed,Open
1383,46.10300521512386,67.18167938591412,Closed,Open
1384,46.13634072142546,67.37903617728676,Closed,Open
1385,46.169676227727074,65.577317158647,Closed,Open
1386,46.20301173402868,67.66534028665183,Closed,Open
1387,46.23634724033029,63.25733309150057,Closed,Open
1388,46.2696827466319,69.361359050168,Closed,Open
1389,46.303018252933505,69.8928281752081,Closed,Open
1390,46.33635375923512,73.38056639148397,Closed,Open
1391,46.36968926553672,68.85706748683086,Closed,Open
1392,46.40302477183833,67.265527934365,Closed,Open
1393,46.43636027813994,66.56768738603391,Closed,Open
1394,46.46969578444155,73.32908008530737,Closed,Open
1395,46.50303129074315,77.11176460225568,Closed,Open
1396,46.53636679704477,80.27081887148213,Closed,Open
1397,46.56970230334637,80.51946055406012,Closed,Open
1398,46.60303780964798,77.23793024571779,Closed,Open
1399,46.636373315949584,78.05592083932666,Closed,Open
1400,46.669708822251195,74.03179139108948,Closed,Open
1401,46.7030443285528,77.69020755292073,Closed,Open
1402,46.73637983485441,75.71895467019073,Closed,Open
1403,46.769715341156015,73.5897075207701,Closed,Open
1404,46.80305084745763,69.35416353759881,Closed,Open
1405,46.83638635375923,70.09323192929492,Closed,Open
1406,46.86972186006084,67.15863405611933,Closed,Open
1407,46.90305736636245,63.74174732818973,Closed,Open
1408,46.93639287266406,63.3703162929867,Closed,Open
1409,46.96972837896566,63.61802502707612,Closed,Open
1410,47.003063885267274,69.50808668758975,Closed,Open
1411,47.03639939156888,67.26780672572141,Closed,Open
1412,47.06973489787049,62.41009931019566,Closed,Open
1413,47.103070404172094,64.69324420660257,Closed,Open
1414,47.136405910473705,65.73145107542129,Closed,Open
1415,47.16974141677532,66.95799768558696,Closed,Open
1416,47.20307692307692,67.13304184988189,Closed,Open
1417,47.23641242937853,71.13548445410653,Closed,Open
1418,47.26974793568014,75.1538588994155,Closed,Open
1419,47.30308344198175,75.32803501715509,Closed,Open
1420,47.33641894828335,79.12715673603921,Closed,Open
1421,47.36975445458496,78.91919403131985,Closed,Open
1422,47.40308996088657,78.15291026058873,Closed,Open
1423,47.43642546718818,76.60856027693669,Closed,Open
1424,47.469760973489784,79.03876533047881,Closed,Open
1425,47.503096479791395,83.83066532632225,Closed,Open
1426,47.536431986093,86.55914246041209,Open,Open
1427,47.56976749239461,79.11222918514673,Closed,Open
1428,47.603102998696215,66.38774641604307,Closed,Open
1429,47.63643850499783,59.71829988791369,Closed,Open
1430,47.66977401129943,69.54315542396103,Closed,Open
1431,47.70310951760104,68.72241626236014,Closed,Open
1432,47.73644502390265,69.18873950022416,Closed,Open
1433,47.76978053020426,66.96964254035144,Closed,Open
1434,47.80311603650586,69.27631794425614,Closed,Open
1435,47.836451542807474,72.08829400489387,Closed,Open
1436,47.86978704910908,77.20230539892127,Closed,Open
1437,47.90312255541069,73.89723769828242,Closed,Open
1438,47.936458061712294,73.6559307947459,Closed,Open
1439,47.969793568013905,76.60797419875612,Closed,Open
1440,48.00312907431551,73.25908520542151,Closed,Open
1441,48.03646458061712,71.13314601679484,Closed,Open
1442,48.06980008691873,72.83868498364552,Closed,Open
1443,48.10313559322034,70.6779179136231,Closed,Open
1444,48.13647109952195,78.24063378851778,Closed,Open
1445,48.16980660582355,74.4000055472869,Closed,Open
1446,48.20314211212517,70.84470811725,Closed,Open
1447,48.23647761842677,69.48423169613001,Closed,Open
1448,48.26981312472838,73.01379826035168,Closed,Open
1449,48.303148631029984,72.4744443951813,Closed,Open
1450,48.336484137331595,72.03327001145144,Closed,Open
1451,48.3698196436332,68.41521927731944,Closed,Open
1452,48.40315514993481,72.44480121757502,Closed,Open
1453,48.436490656236415,72.80386835239564,Closed,Open
1454,48.46982616253803,69.44051239108376,Closed,Open
1455,48.50316166883963,76.17456057603164,Closed,Open
1456,48.53649717514124,74.20688187957626,Closed,Open
1457,48.56983268144285,69.77603106498647,Closed,Open
1458,48.60316818774446,73.57803676459943,Closed,Open
1459,48.63650369404606,71.08879647304668,Closed,Open
1460,48.669839200347674,68.4274275538364,Closed,Open
1461,48.70317470664928,72.1306488686225,Closed,Open
1462,48.73651021295089,70.28127406611884,Closed,Open
1463,48.769845719252494,71.9659193726433,Closed,Open
1464,48.803181225554106,74.999761306871,Closed,Open
1465,48.83651673185571,76.22944385819136,Closed,Open
1466,48.86985223815732,79.893970408414,Closed,Open
1467,48.903187744458926,79.29161781553492,Closed,Open
1468,48.93652325076054,77.10808330712618,Closed,Open
1469,48.96985875706215,75.28355473129184,Closed,Open
1470,49.00319426336375,74.30891872434694,Closed,Open
1471,49.03652976966536,76.80916598894441,Closed,Open
1472,49.06986527596697,77.90452772348866,Closed,Open
1473,49.10320078226858,73.64048673490001,Closed,Open
1474,49.136536288570184,72.82397247717327,Closed,Open
1475,49.16987179487179,75.28786554377884,Closed,Open
1476,49.2032073011734,72.53216345926897,Closed,Open
1477,49.23654280747501,73.95216029920661,Closed,Open
1478,49.269878313776616,72.82057513151592,Closed,Open
1479,49.30321382007823,76.94367172531065,Closed,Open
1480,49.33654932637983,73.02071601190741,Closed,Open
1481,49.36988483268144,72.14277714293533,Closed,Open
1482,49.40322033898305,74.53374807714725,Closed,Open
1483,49.43655584528466,77.43300122338616,Closed,Open
1484,49.46989135158626,73.00432468104313,Closed,Open
1485,49.503226857887874,77.43320482120433,Closed,Open
1486,49.53656236418948,77.67678569373844,Closed,Open
1487,49.56989787049109,77.10780674329456,Closed,Open
1488,49.603233376792694,72.71905498964264,Closed,Open
1489,49.636568883094306,69.64157367486624,Closed,Open
1490,49.66990438939591,76.58182128408777,Closed,Open
1491,49.70323989569752,76.21929137722222,Closed,Open
1492,49.736575401999126,70.68490274696256,Closed,Open
1493,49.76991090830074,72.04524601471789,Closed,Open
1494,49.80324641460234,71.13544693144274,Closed,Open
1495,49.83658192090395,72.5201809520234,Closed,Open
1496,49.86991742720557,68.26979265952818,Closed,Open
1497,49.90325293350717,69.62631803571497,Closed,Open
1498,49.93658843980878,68.25250304798358,Closed,Open
1499,49.969923946110384,71.7901177002071,Closed,Open
1500,50.003259452412,73.5558544281399,Closed,Open
1501,50.0365949587136,71.07340515324321,Closed,Open
1502,50.06993046501521,72.04524601471789,Closed,Open
1503,50.103265971316816,72.97955480368057,Closed,Open
1504,50.13660147761843,71.97151735919863,Closed,Open
1505,50.16993698392003,71.20855027184706,Closed,Open
1506,50.20327249022164,70.8015840562446,Closed,Open
1507,50.23660799652325,72.06139462623965,Closed,Open
1508,50.26994350282486,71.22160147958672,Closed,Open
1509,50.30327900912646,70.89468105778857,Closed,Open
1510,50.336614515428074,74.86062738496796,Closed,Open
1511,50.36995002172968,71.88057968038902,Closed,Open
1512,50.40328552803129,71.40020017446892,Closed,Open
1513,50.436621034332894,67.80530053850327,Closed,Open
1514,50.469956540634506,73.68699034046784,Closed,Open
1515,50.50329204693611,71.97047863439815,Closed,Open
1516,50.53662755323772,70.64280891838496,Closed,Open
1517,50.569963059539326,70.29312249812983,Closed,Open
1518,50.60329856584094,71.82843462540458,Closed,Open
1519,50.63663407214254,72.24368928132307,Closed,Open
1520,50.66996957844415,72.06139462623965,Closed,Open
1521,50.70330508474576,74.09121016644785,Closed,Open
1522,50.73664059104737,68.34689665786985,Closed,Open
1523,50.76997609734898,69.14415938575883,Closed,Open
1524,50.803311603650585,72.82057513151592,Closed,Open
1525,50.83664710995219,75.65349055367975,Closed,Open
1526,50.8699826162538,74.09559447986734,Closed,Open
1527,50.90331812255541,72.78435288870128,Closed,Open
1528,50.936653628857016,71.84756743249946,Closed,Open
1529,50.96998913515863,71.05430308271885,Closed,Open
1530,51.00332464146023,70.00663144552344,Closed,Open
1531,51.03666014776184,68.35609946824414,Closed,Open
1532,51.06999565406345,69.31955286010574,Closed,Open
1533,51.10333116036506,66.01855862255036,Closed,Open
