frame,timestamp,aspect_ratio_between_lips_to_mouth_width,lips_label,teeth_label
0,0.0,0.0929839759919937,Closed,Closed
1,0.0333355063016079,0.0465087256765856,Closed,Closed
2,0.0666710126032159,0.0287525487914233,Closed,Closed
3,0.1000065189048239,0.0914265328131346,Closed,Closed
4,0.1333420252064319,0.0507310018025937,Closed,Closed
5,0.16667753150804,0.0580941172904644,Closed,Closed
6,0.2000130378096479,0.0804405671382138,Closed,Closed
7,0.2333485441112559,0.0791448733007598,Closed,Closed
8,0.2666840504128639,0.0513080865351464,Closed,Closed
9,0.3000195567144719,0.1114509012349444,Closed,Open
10,0.33335506301608,0.1057824122620327,Closed,Open
11,0.3666905693176879,0.0573567636409346,Closed,Closed
12,0.4000260756192959,0.0857353466488418,Closed,Closed
13,0.4333615819209039,0.0528803232314037,Closed,Closed
14,0.4666970882225119,0.0521727103114723,Closed,Closed
15,0.50003259452412,0.0475865282573139,Closed,Closed
16,0.5333681008257279,0.1009310532172194,Closed,Closed
17,0.5667036071273359,0.0791952519648687,Closed,Closed
18,0.6000391134289439,0.1041440684091783,Closed,Closed
19,0.6333746197305519,0.1044747387082797,Closed,Closed
20,0.66671012603216,0.0899481285362195,Closed,Closed
21,0.7000456323337679,0.107322060892474,Closed,Open
22,0.7333811386353759,0.0826261321091311,Closed,Closed
23,0.7667166449369839,0.0910497400298923,Closed,Closed
24,0.8000521512385919,0.0915696010878782,Closed,Closed
25,0.8333876575401998,0.0935198311724764,Closed,Closed
26,0.8667231638418079,0.0805318769013922,Closed,Closed
27,0.9000586701434159,0.1017101302424829,Closed,Closed
28,0.933394176445024,0.1358073016383875,Closed,Open
29,0.9667296827466318,0.2137294394948926,Closed,Open
30,1.00006518904824,0.2986312250392997,Open,Open
31,1.0334006953498478,0.2744497513484525,Closed,Open
32,1.066736201651456,0.5048501225209183,Open,Open
33,1.1000717079530635,0.4916337818045289,Open,Open
34,1.1334072142546718,0.5741852627447932,Open,Open
35,1.16674272055628,0.4724576699645563,Open,Open
36,1.2000782268578878,0.4464682522047423,Open,Open
37,1.233413733159496,0.2447133330748764,Closed,Open
38,1.2667492394611035,0.4050632911392405,Open,Open
39,1.3000847457627118,0.3691966365041669,Open,Open
40,1.33342025206432,0.3140577821362789,Open,Open
41,1.3667557583659278,0.3863074633489289,Open,Open
42,1.400091264667536,0.4685495657427228,Open,Open
43,1.4334267709691435,0.3911446072922084,Open,Open
44,1.4667622772707518,0.3581537150791221,Open,Open
45,1.5000977835723597,0.3609509936367848,Open,Open
46,1.5334332898739678,0.2751749192952392,Closed,Open
47,1.566768796175576,0.3236282932392293,Open,Open
48,1.6001043024771835,0.2772845849197524,Closed,Open
49,1.6334398087787918,0.4070253845226452,Open,Open
50,1.6667753150803997,0.3217153416220737,Open,Open
51,1.7001108213820078,0.3869698560712916,Open,Open
52,1.7334463276836158,0.304555642240009,Open,Open
53,1.7667818339852237,0.2412604946226353,Closed,Open
54,1.8001173402868318,0.1625119923744003,Closed,Open
55,1.8334528465884397,0.0886244943653227,Closed,Closed
56,1.8667883528900475,0.1266922985647502,Closed,Open
57,1.900123859191656,0.0982327986185856,Closed,Closed
58,1.9334593654932637,0.0844316238109259,Closed,Closed
59,1.966794871794872,0.085920038778128,Closed,Closed
60,2.00013037809648,0.1580228388397763,Closed,Open
61,2.0334658843980877,0.1161125343529589,Closed,Open
62,2.0668013906996956,0.128708549952128,Closed,Open
63,2.100136897001304,0.1082480723032983,Closed,Open
64,2.133472403302912,0.0546783346203621,Closed,Closed
65,2.1668079096045196,0.0638554079206337,Closed,Closed
66,2.2001434159061275,0.1575906881283633,Closed,Open
67,2.233478922207736,0.1614496859147918,Closed,Open
68,2.2668144285093437,0.0895785149276386,Closed,Closed
69,2.3001499348109515,0.1876971781340151,Closed,Open
70,2.33348544111256,0.201503726387586,Closed,Open
71,2.3668209474141677,0.2382350069492968,Closed,Open
72,2.4001564537157756,0.168512246432287,Closed,Open
73,2.433491960017383,0.1510820596620084,Closed,Open
74,2.4668274663189917,0.2845972195293738,Closed,Open
75,2.5001629726205996,0.1258192829536911,Closed,Open
76,2.5334984789222075,0.1620892375533339,Closed,Open
77,2.566833985223816,0.0959367793057589,Closed,Closed
78,2.6001694915254236,0.0991730029220457,Closed,Closed
79,2.6335049978270315,0.1496527426287072,Closed,Open
80,2.66684050412864,0.1018364887829518,Closed,Closed
81,2.7001760104302477,0.0919586024815004,Closed,Closed
82,2.7335115167318556,0.103172523628443,Closed,Closed
83,2.7668470230334634,0.1028981355147618,Closed,Closed
84,2.8001825293350717,0.0556759733741524,Closed,Closed
85,2.8335180356366796,0.1040996557122899,Closed,Closed
86,2.8668535419382875,0.1243691894113298,Closed,Open
87,2.900189048239896,0.0816865054156032,Closed,Closed
88,2.9335245545415036,0.1378641898067687,Closed,Open
89,2.9668600608431115,0.1440781095656634,Closed,Open
90,3.0001955671447194,0.1710754381800571,Closed,Open
91,3.0335310734463277,0.1939944851674132,Closed,Open
92,3.0668665797479355,0.2461179289112905,Closed,Open
93,3.1002020860495434,0.2049481649950819,Closed,Open
94,3.1335375923511517,0.1548440053974138,Closed,Open
95,3.1668730986527596,0.2014495707513318,Closed,Open
96,3.200208604954367,0.1592822516713501,Closed,Open
97,3.2335441112559757,0.1256138348107392,Closed,Open
98,3.2668796175575836,0.0958418293047444,Closed,Closed
99,3.3002151238591915,0.080459457464654,Closed,Closed
100,3.3335506301607993,0.1023929187647704,Closed,Closed
101,3.3668861364624076,0.0850394249122887,Closed,Closed
102,3.4002216427640155,0.090419309624752,Closed,Closed
103,3.4335571490656234,0.0620173672946042,Closed,Closed
104,3.4668926553672317,0.0932594519607902,Closed,Closed
105,3.5002281616688395,0.0729185339620615,Closed,Closed
106,3.5335636679704474,0.0717713601629082,Closed,Closed
107,3.5668991742720553,0.1913849489783196,Closed,Open
108,3.6002346805736636,0.1803426028819619,Closed,Open
109,3.633570186875271,0.1444368707610263,Closed,Open
110,3.6669056931768793,0.1656973786810616,Closed,Open
111,3.700241199478488,0.1785394558013665,Closed,Open
112,3.733576705780095,0.1547228316978508,Closed,Open
113,3.7669122120817033,0.1020579361102953,Closed,Closed
114,3.800247718383312,0.0709897247079513,Closed,Closed
115,3.833583224684919,0.0989350420839007,Closed,Closed
116,3.8669187309865274,0.0436537768863668,Closed,Closed
117,3.9002542372881353,0.0430868869684574,Closed,Closed
118,3.933589743589744,0.0920104461057277,Closed,Closed
119,3.966925249891351,0.1188315477278959,Closed,Open
120,4.00026075619296,0.0783126326915142,Closed,Closed
121,4.033596262494568,0.0850071568412875,Closed,Closed
122,4.0669317687961755,0.1032126433191818,Closed,Closed
123,4.100267275097783,0.0711818398746342,Closed,Closed
124,4.133602781399391,0.044070399638542,Closed,Closed
125,4.166938287700999,0.0574613772979015,Closed,Closed
126,4.200273794002608,0.1602637619024136,Closed,Open
127,4.233609300304216,0.2083543912341911,Closed,Open
128,4.2669448066058235,0.1768871206726121,Closed,Open
129,4.300280312907431,0.1660404795597401,Closed,Open
130,4.333615819209039,0.203517039292839,Closed,Open
131,4.366951325510647,0.2034050236372669,Closed,Open
132,4.400286831812255,0.149050035638082,Closed,Open
133,4.433622338113864,0.1477409677524043,Closed,Open
134,4.466957844415472,0.1335402587543161,Closed,Open
135,4.5002933507170795,0.0739282793260946,Closed,Closed
136,4.533628857018687,0.0743544420665857,Closed,Closed
137,4.566964363320295,0.0808499056441726,Closed,Closed
138,4.600299869621903,0.0981830545595612,Closed,Closed
139,4.633635375923511,0.1033619082565846,Closed,Closed
140,4.66697088222512,0.1265281444553763,Closed,Open
141,4.700306388526728,0.0882785559933773,Closed,Closed
142,4.733641894828335,0.059750761640344,Closed,Closed
143,4.766977401129943,0.0612563891831688,Closed,Closed
144,4.800312907431551,0.0448850395356354,Closed,Closed
145,4.833648413733159,0.0818070071953842,Closed,Closed
146,4.866983920034767,0.153363294227482,Closed,Open
147,4.900319426336376,0.1573204054289727,Closed,Open
148,4.9336549326379835,0.1760740291662772,Closed,Open
149,4.966990438939591,0.1707938812141846,Closed,Open
150,5.000325945241199,0.1576455454112504,Closed,Open
151,5.033661451542807,0.1159557217794961,Closed,Open
152,5.066996957844415,0.0729393426919689,Closed,Closed
153,5.100332464146024,0.1297037691660549,Closed,Open
154,5.133667970447632,0.1036213256541895,Closed,Closed
155,5.167003476749239,0.0771057923275789,Closed,Closed
156,5.200338983050847,0.0701433443353126,Closed,Closed
157,5.233674489352455,0.1016291272832759,Closed,Closed
158,5.267009995654063,0.0826820621511392,Closed,Closed
159,5.300345501955671,0.0982745536454324,Closed,Closed
160,5.33368100825728,0.1217647006967389,Closed,Open
161,5.3670165145588875,0.1227940552044931,Closed,Open
162,5.400352020860495,0.0669263350982408,Closed,Closed
163,5.433687527162103,0.0741872803016976,Closed,Closed
164,5.467023033463711,0.0504870244826262,Closed,Closed
165,5.500358539765319,0.2539567891450617,Closed,Open
166,5.533694046066927,0.1905523699879487,Closed,Open
167,5.567029552368536,0.212393904432862,Closed,Open
168,5.6003650586701434,0.1813529401164726,Closed,Open
169,5.633700564971751,0.183331879247418,Closed,Open
170,5.667036071273359,0.1725719073464104,Closed,Open
171,5.700371577574967,0.1445360126155245,Closed,Open
172,5.733707083876575,0.1086082751797409,Closed,Open
173,5.767042590178183,0.0932031895620139,Closed,Closed
174,5.8003780964797915,0.1079359789439577,Closed,Open
175,5.833713602781399,0.1254143778267721,Closed,Open
176,5.867049109083007,0.1234525448366777,Closed,Open
177,5.900384615384615,0.0921342097542255,Closed,Closed
178,5.933720121686223,0.0807204327054752,Closed,Closed
179,5.967055627987831,0.0757092517958018,Closed,Closed
180,6.000391134289439,0.1041060984747085,Closed,Closed
181,6.0337266405910475,0.0485168185698086,Closed,Closed
182,6.067062146892655,0.1960077537344171,Closed,Open
183,6.100397653194263,0.210043618055626,Closed,Open
184,6.133733159495871,0.1377981380434765,Closed,Open
185,6.167068665797479,0.1847891317136325,Closed,Open
186,6.200404172099087,0.1135486209908904,Closed,Open
187,6.2337396784006955,0.1534782470130042,Closed,Open
188,6.267075184702303,0.0897050733126671,Closed,Closed
189,6.300410691003911,0.0909652577173724,Closed,Closed
190,6.333746197305519,0.0566540238192545,Closed,Closed
191,6.367081703607127,0.0657258378043784,Closed,Closed
192,6.400417209908735,0.0743775385594836,Closed,Closed
193,6.433752716210343,0.0654556273746832,Closed,Closed
194,6.4670882225119515,0.115807663278069,Closed,Open
195,6.500423728813559,0.0810214694211619,Closed,Closed
196,6.533759235115167,0.1204141440935102,Closed,Open
197,6.567094741416775,0.0618937503795947,Closed,Closed
198,6.600430247718383,0.0579873315098538,Closed,Closed
199,6.633765754019991,0.0703511908986047,Closed,Closed
200,6.667101260321599,0.0910927071855276,Closed,Closed
201,6.700436766623207,0.1676778963873786,Closed,Open
202,6.733772272924815,0.2048492934979075,Closed,Open
203,6.767107779226423,0.1860881194836953,Closed,Open
204,6.800443285528031,0.1720465053408525,Closed,Open
205,6.833778791829639,0.1701010534473836,Closed,Open
206,6.867114298131247,0.151374997273776,Closed,Open
207,6.900449804432855,0.1154891130200039,Closed,Open
208,6.933785310734463,0.0469917267291095,Closed,Closed
209,6.967120817036071,0.1208826681462816,Closed,Open
210,7.000456323337679,0.101540903875837,Closed,Closed
211,7.033791829639287,0.1198058657845746,Closed,Open
212,7.067127335940895,0.1114509012349444,Closed,Open
213,7.100462842242503,0.1254765994447225,Closed,Open
214,7.1337983485441105,0.1179460606412908,Closed,Open
215,7.167133854845719,0.0789952505533364,Closed,Closed
216,7.200469361147327,0.1526894668793193,Closed,Open
217,7.233804867448935,0.1660385898623479,Closed,Open
218,7.267140373750543,0.1379852587314246,Closed,Open
219,7.300475880052151,0.2890970423138818,Closed,Open
220,7.333811386353759,0.2338766939449695,Closed,Open
221,7.367146892655367,0.2450400605473097,Closed,Open
222,7.400482398956975,0.1942973518343048,Closed,Open
223,7.433817905258583,0.1734824309437524,Closed,Open
224,7.467153411560191,0.1738362544512653,Closed,Open
225,7.500488917861799,0.1450966827997172,Closed,Open
226,7.533824424163407,0.1708278552632122,Closed,Open
227,7.567159930465015,0.1523368062310923,Closed,Open
228,7.600495436766623,0.0950480704377041,Closed,Closed
229,7.633830943068231,0.1193936111154301,Closed,Open
230,7.667166449369839,0.098495603105047,Closed,Closed
231,7.700501955671447,0.0917573782846584,Closed,Closed
232,7.733837461973055,0.0767829629671539,Closed,Closed
233,7.767172968274663,0.1109897154807655,Closed,Open
234,7.8005084745762705,0.1159493836438455,Closed,Open
235,7.833843980877879,0.0719764313293237,Closed,Closed
236,7.867179487179487,0.1141008356837484,Closed,Open
237,7.900514993481095,0.0652810368946747,Closed,Closed
238,7.933850499782703,0.0495822182756849,Closed,Closed
239,7.967186006084311,0.0832314945210923,Closed,Closed
240,8.00052151238592,0.1758717721610221,Closed,Open
241,8.033857018687527,0.2059336799234047,Closed,Open
242,8.067192524989135,0.1695926652804827,Closed,Open
243,8.100528031290743,0.1730449280820888,Closed,Open
244,8.133863537592351,0.1760617879694249,Closed,Open
245,8.167199043893959,0.1533618930347389,Closed,Open
246,8.200534550195567,0.1668728098087443,Closed,Open
247,8.233870056497175,0.1465378029328939,Closed,Open
248,8.267205562798782,0.0978116901255651,Closed,Closed
249,8.30054106910039,0.1028233284463475,Closed,Closed
250,8.333876575401998,0.083836108585408,Closed,Closed
251,8.367212081703606,0.1153487807565352,Closed,Open
252,8.400547588005216,0.1107436271005976,Closed,Open
253,8.433883094306823,0.120496839159977,Closed,Open
254,8.467218600608431,0.0966425600830309,Closed,Closed
255,8.50055410691004,0.1300834705674673,Closed,Open
256,8.533889613211647,0.1298984493036263,Closed,Open
257,8.567225119513255,0.1390852038224364,Closed,Open
258,8.600560625814863,0.1435800881114691,Closed,Open
259,8.63389613211647,0.1164608614912028,Closed,Open
260,8.667231638418079,0.1000827950195263,Closed,Closed
261,8.700567144719686,0.2048619403976878,Closed,Open
262,8.733902651021294,0.2074895213233215,Closed,Open
263,8.767238157322902,0.1958041958041958,Closed,Open
264,8.80057366362451,0.1749492720655852,Closed,Open
265,8.833909169926118,0.1873129707912078,Closed,Open
266,8.867244676227727,0.1725832672601088,Closed,Open
267,8.900580182529335,0.0982544821599403,Closed,Closed
268,8.933915688830943,0.1416128544377431,Closed,Open
269,8.967251195132551,0.0757347210761002,Closed,Closed
270,9.000586701434159,0.080683201911998,Closed,Closed
271,9.033922207735769,0.1432013774354034,Closed,Open
272,9.067257714037376,0.1241334176620143,Closed,Open
273,9.100593220338984,0.0789380563579439,Closed,Closed
274,9.13392872664059,0.0763648986037971,Closed,Closed
275,9.167264232942198,0.0674697079573729,Closed,Closed
276,9.200599739243806,0.1078269865794663,Closed,Open
277,9.233935245545414,0.0441315924928029,Closed,Closed
278,9.267270751847022,0.0280364036714498,Closed,Closed
279,9.300606258148632,0.0516550854280401,Closed,Closed
280,9.33394176445024,0.0480626466661179,Closed,Closed
281,9.367277270751847,0.0470320415436955,Closed,Closed
282,9.400612777053457,0.0977994379222674,Closed,Closed
283,9.433948283355065,0.1409725543843717,Closed,Open
284,9.46728378965667,0.1667042908697694,Closed,Open
285,9.50061929595828,0.175549288816784,Closed,Open
286,9.533954802259888,0.1388264774456283,Closed,Open
287,9.567290308561494,0.1380204967903194,Closed,Open
288,9.600625814863102,0.1032937344433628,Closed,Closed
289,9.63396132116471,0.0957373164762012,Closed,Closed
290,9.667296827466318,0.1185357760658471,Closed,Open
291,9.700632333767926,0.074470037967287,Closed,Closed
292,9.733967840069534,0.0993083474725622,Closed,Closed
293,9.767303346371143,0.0853554907010491,Closed,Closed
294,9.800638852672751,0.0960249270386803,Closed,Closed
295,9.83397435897436,0.0705023987910632,Closed,Closed
296,9.867309865275969,0.0765594591703456,Closed,Closed
297,9.900645371577577,0.0818451071997503,Closed,Closed
298,9.933980877879184,0.1124665120964609,Closed,Open
299,9.96731638418079,0.079531458238703,Closed,Closed
300,10.000651890482398,0.0868265308401169,Closed,Closed
301,10.033987396784006,0.0508216475916359,Closed,Closed
302,10.067322903085614,0.0838956459097995,Closed,Closed
303,10.100658409387222,0.1496095168481015,Closed,Open
304,10.13399391568883,0.2225425672511228,Closed,Open
305,10.167329421990438,0.2278475491915798,Closed,Open
306,10.200664928292047,0.2315327972177558,Closed,Open
307,10.234000434593655,0.1471737676292638,Closed,Open
308,10.267335940895263,0.1380951493365001,Closed,Open
309,10.300671447196873,0.1668659776914431,Closed,Open
310,10.33400695349848,0.1489251116121017,Closed,Open
311,10.367342459800089,0.1302425765825416,Closed,Open
312,10.400677966101696,0.0841780325374368,Closed,Closed
313,10.434013472403302,0.0850992631031746,Closed,Closed
314,10.46734897870491,0.0697692958446347,Closed,Closed
315,10.500684485006518,0.0222776030776675,Closed,Closed
316,10.534019991308126,0.0603075323480628,Closed,Closed
317,10.567355497609734,0.0290576786218757,Closed,Closed
318,10.600691003911342,0.0489405336514096,Closed,Closed
319,10.63402651021295,0.0663300256314593,Closed,Closed
320,10.66736201651456,0.0947593699906522,Closed,Closed
321,10.700697522816167,0.0615588048031835,Closed,Closed
322,10.734033029117777,0.0683209130771486,Closed,Closed
323,10.767368535419385,0.0844016951475582,Closed,Closed
324,10.80070404172099,0.0959944324843691,Closed,Closed
325,10.8340395480226,0.0705587753049341,Closed,Closed
326,10.867375054324206,0.1740596673375766,Closed,Open
327,10.900710560625814,0.1469051276267861,Closed,Open
328,10.934046066927422,0.1246097489966757,Closed,Open
329,10.96738157322903,0.1261185414593102,Closed,Open
330,11.000717079530638,0.1721663545837836,Closed,Open
331,11.034052585832246,0.1428372123149849,Closed,Open
332,11.067388092133854,0.1190637641284599,Closed,Open
333,11.100723598435462,0.0556804544914231,Closed,Closed
334,11.134059104737071,0.0973289483541543,Closed,Closed
335,11.16739461103868,0.0792910050045534,Closed,Closed
336,11.200730117340289,0.0637907645313291,Closed,Closed
337,11.234065623641897,0.0655150280711537,Closed,Closed
338,11.267401129943504,0.1096555906289259,Closed,Open
339,11.30073663624511,0.0917929912762108,Closed,Closed
340,11.334072142546718,0.093234709072405,Closed,Closed
341,11.367407648848326,0.0747557935236577,Closed,Closed
342,11.400743155149934,0.0876610578744294,Closed,Closed
343,11.434078661451542,0.056983553232824,Closed,Closed
344,11.46741416775315,0.0331001705861635,Closed,Closed
345,11.500749674054758,0.0727538994312745,Closed,Closed
346,11.534085180356366,0.15644394577997,Closed,Open
347,11.567420686657975,0.2240089032239523,Closed,Open
348,11.600756192959585,0.2257607648380056,Closed,Open
349,11.634091699261193,0.2501468128964419,Closed,Open
350,11.6674272055628,0.1852029322214008,Closed,Open
351,11.700762711864408,0.1804717670225394,Closed,Open
352,11.734098218166016,0.1282801184159451,Closed,Open
353,11.767433724467622,0.1061580656295159,Closed,Open
354,11.80076923076923,0.0579531576275956,Closed,Closed
355,11.834104737070838,0.1154478392089013,Closed,Open
356,11.867440243372446,0.1134794801962392,Closed,Open
357,11.900775749674054,0.102973729208059,Closed,Closed
358,11.934111255975662,0.0620812103847538,Closed,Closed
359,11.96744676227727,0.0842254037220776,Closed,Closed
360,12.000782268578876,0.0782525982489835,Closed,Closed
361,12.034117774880489,0.1054164857985586,Closed,Open
362,12.067453281182097,0.0873399518145175,Closed,Closed
363,12.100788787483705,0.1221899118688362,Closed,Open
364,12.13412429378531,0.1996032562113603,Closed,Open
365,12.16745980008692,0.1950766120481133,Closed,Open
366,12.200795306388526,0.1783041679768696,Closed,Open
367,12.234130812690134,0.2117271412226271,Closed,Open
368,12.267466318991742,0.1801495326619503,Closed,Open
369,12.30080182529335,0.1619839764182168,Closed,Open
370,12.334137331594958,0.1424107131940897,Closed,Open
371,12.367472837896566,0.1177077768574478,Closed,Open
372,12.400808344198174,0.1106702410421092,Closed,Open
373,12.43414385049978,0.0667845713071586,Closed,Closed
374,12.467479356801393,0.1083886237518734,Closed,Open
375,12.500814863103,0.0852423023271019,Closed,Closed
376,12.534150369404609,0.0862829120766553,Closed,Closed
377,12.567485875706216,0.0892872098926846,Closed,Closed
378,12.600821382007824,0.1263565358556631,Closed,Open
379,12.63415688830943,0.0746455189330029,Closed,Closed
380,12.667492394611038,0.1023746292666651,Closed,Closed
381,12.700827900912646,0.0580644606970634,Closed,Closed
382,12.734163407214254,0.0974554712762992,Closed,Closed
383,12.767498913515862,0.0483659152349086,Closed,Closed
384,12.80083441981747,0.0895388612013392,Closed,Closed
385,12.834169926119078,0.1574602861600595,Closed,Open
386,12.867505432420684,0.2317230613063071,Closed,Open
387,12.900840938722292,0.2356385966554907,Closed,Open
388,12.934176445023905,0.3151425788821145,Open,Open
389,12.96751195132551,0.2619307713063132,Closed,Open
390,13.00084745762712,0.2177692075970387,Closed,Open
391,13.034182963928728,0.1878461838919621,Closed,Open
392,13.067518470230334,0.2098862007818495,Closed,Open
393,13.100853976531942,0.1455486850295511,Closed,Open
394,13.13418948283355,0.0959181061407772,Closed,Closed
395,13.167524989135158,0.0889252062561134,Closed,Closed
396,13.200860495436766,0.0805626234138291,Closed,Closed
397,13.234196001738374,0.127916033393527,Closed,Open
398,13.267531508039982,0.0874852637333027,Closed,Closed
399,13.30086701434159,0.0540896250363329,Closed,Closed
400,13.334202520643196,0.0608156129133411,Closed,Closed
401,13.367538026944809,0.0628541905248909,Closed,Closed
402,13.400873533246417,0.0957705102745309,Closed,Closed
403,13.434209039548024,0.1090804868636994,Closed,Open
404,13.46754454584963,0.0631039866504585,Closed,Closed
405,13.500880052151238,0.0241596975793254,Closed,Closed
406,13.534215558452846,0.0259150858046672,Closed,Closed
407,13.567551064754454,0.0358119486658345,Closed,Closed
408,13.600886571056062,0.0677642262875338,Closed,Closed
409,13.63422207735767,0.1104315260748465,Closed,Open
410,13.667557583659278,0.19639298734795,Closed,Open
411,13.700893089960886,0.2849243660761679,Closed,Open
412,13.734228596262492,0.2600199898051039,Closed,Open
413,13.7675641025641,0.232354798408085,Closed,Open
414,13.80089960886571,0.2199153113652596,Closed,Open
415,13.83423511516732,0.1464861518702307,Closed,Open
416,13.867570621468928,0.1259911604978545,Closed,Open
417,13.900906127770536,0.0945209792420607,Closed,Closed
418,13.934241634072142,0.0747121436879392,Closed,Closed
419,13.96757714037375,0.1200808508682128,Closed,Open
420,14.000912646675358,0.0957034960654999,Closed,Closed
421,14.034248152976966,0.0603708012322709,Closed,Closed
422,14.067583659278574,0.0636041222307927,Closed,Closed
423,14.100919165580182,0.0586615345945661,Closed,Closed
424,14.13425467188179,0.0566788877444202,Closed,Closed
425,14.167590178183396,0.0534069434597671,Closed,Closed
426,14.200925684485004,0.0276985667374597,Closed,Closed
427,14.234261190786611,0.0568370423605551,Closed,Closed
428,14.26759669708822,0.0707511519554723,Closed,Closed
429,14.30093220338983,0.0854011413464358,Closed,Closed
430,14.33426770969144,0.0297047623179239,Closed,Closed
431,14.367603215993046,0.1256429805846364,Closed,Open
432,14.400938722294654,0.1350066817743156,Closed,Open
433,14.434274228596262,0.1390179100969242,Closed,Open
434,14.46760973489787,0.1654794730811536,Closed,Open
435,14.500945241199478,0.2235850492893187,Closed,Open
436,14.534280747501086,0.2302567164827975,Closed,Open
437,14.567616253802694,0.1995829408273201,Closed,Open
438,14.600951760104302,0.1812625247745617,Closed,Open
439,14.63428726640591,0.1792999474982115,Closed,Open
440,14.667622772707515,0.1543196809511795,Closed,Open
441,14.700958279009123,0.1705464073814573,Closed,Open
442,14.734293785310737,0.135857045735192,Closed,Open
443,14.767629291612344,0.1257085744562106,Closed,Open
444,14.80096479791395,0.1137019513649614,Closed,Open
445,14.834300304215558,0.0749836126701445,Closed,Closed
446,14.867635810517166,0.1114509012349444,Closed,Open
447,14.900971316818774,0.1713316881064503,Closed,Open
448,14.934306823120382,0.1458708145678782,Closed,Open
449,14.96764232942199,0.2139030375166863,Closed,Open
450,15.000977835723598,0.1928965574083168,Closed,Open
451,15.034313342025206,0.1763569691759813,Closed,Open
452,15.067648848326812,0.1444404817969684,Closed,Open
453,15.10098435462842,0.1040399590178678,Closed,Closed
454,15.13431986093003,0.0742062859504392,Closed,Closed
455,15.167655367231635,0.0547928775695921,Closed,Closed
456,15.200990873533248,0.0688942953166527,Closed,Closed
457,15.234326379834854,0.1107076187669842,Closed,Open
458,15.267661886136462,0.0885882160296607,Closed,Closed
459,15.30099739243807,0.0857177844707708,Closed,Closed
460,15.334332898739678,0.0557721964374326,Closed,Closed
461,15.367668405041286,0.0445760419942174,Closed,Closed
462,15.401003911342894,0.0694390866969192,Closed,Closed
463,15.434339417644502,0.0846971141643927,Closed,Closed
464,15.46767492394611,0.1038588867265752,Closed,Closed
465,15.501010430247716,0.1967922908726729,Closed,Open
466,15.534345936549323,0.2356062122006575,Closed,Open
467,15.567681442850931,0.2042510343175407,Closed,Open
468,15.60101694915254,0.2531677456608481,Closed,Open
469,15.63435245545415,0.190681441700191,Closed,Open
470,15.66768796175576,0.1445127999206816,Closed,Open
471,15.701023468057366,0.1194519983489513,Closed,Open
472,15.734358974358974,0.1567097852018056,Closed,Open
473,15.767694480660582,0.1569591384482146,Closed,Open
474,15.80102998696219,0.1293017635134138,Closed,Open
475,15.834365493263798,0.0832728085633097,Closed,Closed
476,15.867700999565406,0.1001696379985613,Closed,Closed
477,15.901036505867014,0.0592734477814215,Closed,Closed
478,15.93437201216862,0.0907042370307851,Closed,Closed
479,15.96770751847023,0.0590121014285712,Closed,Closed
480,16.00104302477184,0.0767053714666289,Closed,Closed
481,16.034378531073447,0.0517191415252321,Closed,Closed
482,16.067714037375055,0.0253280365200752,Closed,Closed
483,16.101049543676663,0.0360168683190267,Closed,Closed
484,16.13438504997827,0.0482882183377309,Closed,Closed
485,16.16772055627988,0.07625827276453,Closed,Closed
486,16.201056062581486,0.089770079071271,Closed,Closed
487,16.234391568883094,0.1017614230391556,Closed,Closed
488,16.267727075184702,0.1904365889754405,Closed,Open
489,16.30106258148631,0.2470464152154308,Closed,Open
490,16.334398087787918,0.2248667294023631,Closed,Open
491,16.367733594089525,0.1986817871742262,Closed,Open
492,16.401069100391133,0.1720052290384453,Closed,Open
493,16.43440460669274,0.1271390146886594,Closed,Open
494,16.46774011299435,0.145054922580825,Closed,Open
495,16.501075619295957,0.150142703384551,Closed,Open
496,16.534411125597565,0.1411308265770285,Closed,Open
497,16.567746631899173,0.1298096079662895,Closed,Open
498,16.60108213820078,0.0863503744600254,Closed,Closed
499,16.63441764450239,0.0900650486421171,Closed,Closed
500,16.667753150803996,0.0763207475699257,Closed,Closed
501,16.701088657105604,0.1122478058517261,Closed,Open
502,16.734424163407212,0.123542812302288,Closed,Open
503,16.767759669708823,0.0972248663770645,Closed,Closed
504,16.80109517601043,0.0923687987427541,Closed,Closed
505,16.83443068231204,0.0691524461586082,Closed,Closed
506,16.867766188613647,0.1028981355147618,Closed,Closed
507,16.901101694915255,0.1252108315525483,Closed,Open
508,16.934437201216863,0.080437505156297,Closed,Closed
509,16.96777270751847,0.1407367839753546,Closed,Open
510,17.00110821382008,0.1972050913802641,Closed,Open
511,17.034443720121686,0.1929051305189444,Closed,Open
512,17.067779226423294,0.1742456714197904,Closed,Open
513,17.101114732724902,0.1966248561826913,Closed,Open
514,17.13445023902651,0.2160064267609631,Closed,Open
515,17.167785745328118,0.16872641750514,Closed,Open
516,17.201121251629726,0.1366651808102215,Closed,Open
517,17.234456757931333,0.1503523161903349,Closed,Open
518,17.26779226423294,0.1503815508889854,Closed,Open
519,17.30112777053455,0.1305785798348417,Closed,Open
520,17.334463276836157,0.1129267567704451,Closed,Open
521,17.367798783137765,0.1036112644341678,Closed,Closed
522,17.401134289439373,0.0655268847611261,Closed,Closed
523,17.43446979574098,0.0965787568647924,Closed,Closed
524,17.46780530204259,0.0811734955055894,Closed,Closed
525,17.501140808344196,0.1197242475310672,Closed,Open
526,17.534476314645804,0.1011548361916312,Closed,Closed
527,17.567811820947412,0.055564625783089,Closed,Closed
528,17.60114732724902,0.1038512936725505,Closed,Closed
529,17.634482833550628,0.047260299241347,Closed,Closed
530,17.667818339852236,0.0652646848353377,Closed,Closed
531,17.701153846153847,0.0684727742253438,Closed,Closed
532,17.734489352455455,0.1125776058210558,Closed,Open
533,17.767824858757063,0.1887890798896603,Closed,Open
534,17.80116036505867,0.2049026318445243,Closed,Open
535,17.83449587136028,0.2264922378297041,Closed,Open
536,17.867831377661886,0.1828499210157393,Closed,Open
537,17.901166883963494,0.2299073260729987,Closed,Open
538,17.934502390265102,0.2522654627646573,Closed,Open
539,17.96783789656671,0.2469259093951414,Closed,Open
540,18.001173402868318,0.1889323349335436,Closed,Open
541,18.03450890916993,0.1485008763631623,Closed,Open
542,18.067844415471537,0.1524349837576074,Closed,Open
543,18.10117992177314,0.1253848833330251,Closed,Open
544,18.13451542807475,0.0970407505175126,Closed,Closed
545,18.167850934376357,0.1091120015193895,Closed,Open
546,18.201186440677965,0.0841307996692736,Closed,Closed
547,18.234521946979573,0.0590645555816911,Closed,Closed
548,18.26785745328118,0.1029867844425444,Closed,Closed
549,18.30119295958279,0.0535219404113352,Closed,Closed
550,18.334528465884397,0.0619715472903478,Closed,Closed
551,18.367863972186004,0.0712523691151698,Closed,Closed
552,18.401199478487612,0.0614608869864453,Closed,Closed
553,18.43453498478922,0.0402382722275741,Closed,Closed
554,18.467870491090828,0.0528152066059739,Closed,Closed
555,18.501205997392436,0.0428298742427386,Closed,Closed
556,18.534541503694044,0.0472869858624806,Closed,Closed
557,18.56787700999565,0.0490051113465351,Closed,Closed
558,18.601212516297263,0.0726551545721893,Closed,Closed
559,18.63454802259887,0.1495930282513744,Closed,Open
560,18.66788352890048,0.2190434885480774,Closed,Open
561,18.701219035202087,0.2189103380557037,Closed,Open
562,18.734554541503694,0.2118784709867811,Closed,Open
563,18.767890047805302,0.1780613228187262,Closed,Open
564,18.80122555410691,0.1659135697530925,Closed,Open
565,18.83456106040852,0.178977647700515,Closed,Open
566,18.86789656671013,0.1438033936575599,Closed,Open
567,18.901232073011737,0.134233187050799,Closed,Open
568,18.93456757931334,0.1039432106796825,Closed,Closed
569,18.96790308561495,0.0747139823349932,Closed,Closed
570,19.001238591916557,0.0183734433914054,Closed,Closed
571,19.034574098218165,0.0217038294480041,Closed,Closed
572,19.067909604519773,0.0438715155686512,Closed,Closed
573,19.10124511082138,0.0657709818047121,Closed,Closed
574,19.13458061712299,0.0464121891108501,Closed,Closed
575,19.167916123424597,0.0694189225501492,Closed,Closed
576,19.201251629726205,0.0318464877649241,Closed,Closed
577,19.234587136027812,0.0745355992499929,Closed,Closed
578,19.26792264232942,0.0710715977304696,Closed,Closed
579,19.301258148631028,0.0699006510945361,Closed,Closed
580,19.334593654932636,0.0549552055187504,Closed,Closed
581,19.367929161234244,0.1117565309631103,Closed,Open
582,19.40126466753585,0.152469509146951,Closed,Open
583,19.43460017383746,0.1606779051343186,Closed,Open
584,19.467935680139068,0.145544994787419,Closed,Open
585,19.50127118644068,0.1464407513447702,Closed,Open
586,19.534606692742287,0.0826568053904875,Closed,Closed
587,19.567942199043895,0.1493891510627674,Closed,Open
588,19.601277705345503,0.0951061954351483,Closed,Closed
589,19.63461321164711,0.1547807195492787,Closed,Open
590,19.66794871794872,0.1167784773743927,Closed,Open
591,19.70128422425033,0.0892660461060552,Closed,Closed
592,19.734619730551938,0.1274258307186577,Closed,Open
593,19.767955236853545,0.0902984981296201,Closed,Closed
594,19.80129074315515,0.1153186955301163,Closed,Open
595,19.83462624945676,0.122031907108367,Closed,Open
596,19.867961755758365,0.0902519140062327,Closed,Closed
597,19.901297262059973,0.1387909243968025,Closed,Open
598,19.93463276836158,0.1482749330649321,Closed,Open
599,19.96796827466319,0.1301744281131442,Closed,Open
600,20.001303780964797,0.0780967436901469,Closed,Closed
601,20.034639287266405,0.1083509395784084,Closed,Open
602,20.067974793568013,0.1086606136233127,Closed,Open
603,20.10131029986962,0.0595700791368228,Closed,Closed
604,20.13464580617123,0.0415425032501817,Closed,Closed
605,20.167981312472836,0.0393778414134482,Closed,Closed
606,20.201316818774444,0.0637646503085227,Closed,Closed
607,20.234652325076052,0.0374736605890942,Closed,Closed
608,20.26798783137766,0.0231613218243815,Closed,Closed
609,20.301323337679268,0.0434176938574947,Closed,Closed
610,20.334658843980876,0.073665458317036,Closed,Closed
611,20.367994350282483,0.0414580890970388,Closed,Closed
612,20.401329856584095,0.0423327216623632,Closed,Closed
613,20.434665362885703,0.0279089506549901,Closed,Closed
614,20.46800086918731,0.0547086465317332,Closed,Closed
615,20.50133637548892,0.0506285691374615,Closed,Closed
616,20.534671881790526,0.0977936581233589,Closed,Closed
617,20.568007388092138,0.0551309790163218,Closed,Closed
618,20.601342894393746,0.0508409668075451,Closed,Closed
619,20.63467840069535,0.0577447401539622,Closed,Closed
620,20.66801390699696,0.0772840452640884,Closed,Closed
621,20.70134941329857,0.0391460337530632,Closed,Closed
622,20.734684919600173,0.072747619557423,Closed,Closed
623,20.76802042590178,0.0507927692045682,Closed,Closed
624,20.80135593220339,0.0901768332662906,Closed,Closed
625,20.834691438504997,0.1075429923689485,Closed,Open
626,20.868026944806605,0.0836854957763532,Closed,Closed
627,20.901362451108213,0.0486410723879248,Closed,Closed
628,20.93469795740982,0.0467171513123393,Closed,Closed
629,20.96803346371143,0.0566540238192545,Closed,Closed
630,21.001368970013036,0.0741604225189618,Closed,Closed
631,21.034704476314644,0.0851903751175957,Closed,Closed
632,21.068039982616252,0.100456121971659,Closed,Closed
633,21.10137548891786,0.0940240949535059,Closed,Closed
634,21.134710995219468,0.0953871712881346,Closed,Closed
635,21.168046501521076,0.1023196661420588,Closed,Closed
636,21.201382007822684,0.1399353100293449,Closed,Open
637,21.23471751412429,0.1849000654084097,Closed,Open
638,21.2680530204259,0.2106884023797774,Closed,Open
639,21.30138852672751,0.2379720685168553,Closed,Open
640,21.33472403302912,0.2728108625288176,Closed,Open
641,21.368059539330726,0.3176284615558407,Open,Open
642,21.401395045632334,0.3326998987568378,Open,Open
643,21.434730551933946,0.3747829308968344,Open,Open
644,21.46806605823555,0.3122412321760725,Open,Open
645,21.50140156453716,0.2541843092801849,Closed,Open
646,21.53473707083877,0.1406534517948459,Closed,Open
647,21.568072577140377,0.0741932729562715,Closed,Closed
648,21.60140808344198,0.0432176170169075,Closed,Closed
649,21.63474358974359,0.044918462016248,Closed,Closed
650,21.668079096045197,0.0349043886386735,Closed,Closed
651,21.701414602346805,0.0515248916668581,Closed,Closed
652,21.734750108648413,0.0732649389141015,Closed,Closed
653,21.76808561495002,0.0349918397449782,Closed,Closed
654,21.80142112125163,0.0291571725814694,Closed,Closed
655,21.834756627553237,0.0614991728416878,Closed,Closed
656,21.868092133854844,0.0567768634229825,Closed,Closed
657,21.901427640156452,0.0650612612238235,Closed,Closed
658,21.93476314645806,0.0445428604878372,Closed,Closed
659,21.968098652759668,0.0672868256177244,Closed,Closed
660,22.001434159061276,0.0579340528762626,Closed,Closed
661,22.034769665362884,0.0245996691366751,Closed,Closed
662,22.06810517166449,0.0580644606970634,Closed,Closed
663,22.1014406779661,0.0373271786350685,Closed,Closed
664,22.134776184267707,0.047231119332691,Closed,Closed
665,22.168111690569315,0.0800230499580599,Closed,Closed
666,22.201447196870923,0.0817912434815341,Closed,Closed
667,22.234782703172534,0.0441504457553766,Closed,Closed
668,22.268118209474142,0.0755310886609981,Closed,Closed
669,22.30145371577575,0.1013373319801202,Closed,Closed
670,22.33478922207736,0.0463753562455168,Closed,Closed
671,22.36812472837897,0.0735582447824379,Closed,Closed
672,22.401460234680577,0.0907735799071104,Closed,Closed
673,22.43479574098218,0.0572969001165515,Closed,Closed
674,22.46813124728379,0.1179148359757132,Closed,Open
675,22.501466753585397,0.0845141355844108,Closed,Closed
676,22.534802259887005,0.062005444317027,Closed,Closed
677,22.568137766188613,0.0308745104101979,Closed,Closed
678,22.60147327249022,0.0680393229720816,Closed,Closed
679,22.63480877879183,0.0851079172856015,Closed,Closed
680,22.668144285093437,0.0761596731550666,Closed,Closed
681,22.701479791395045,0.065841379843447,Closed,Closed
682,22.734815297696652,0.0935941561250007,Closed,Closed
683,22.76815080399826,0.0880957901782778,Closed,Closed
684,22.801486310299868,0.0753158117252329,Closed,Closed
685,22.834821816601476,0.0500848189992806,Closed,Closed
686,22.868157322903084,0.0324239967485988,Closed,Closed
687,22.90149282920469,0.0556875966080274,Closed,Closed
688,22.9348283355063,0.0697223851289003,Closed,Closed
689,22.968163841807907,0.0604837218440977,Closed,Closed
690,23.001499348109515,0.0572185415176498,Closed,Closed
691,23.034834854411123,0.0394349931891959,Closed,Closed
692,23.06817036071273,0.0620964160081587,Closed,Closed
693,23.10150586701434,0.0625263838847264,Closed,Closed
694,23.13484137331595,0.0684810570334146,Closed,Closed
695,23.16817687961756,0.114983586941398,Closed,Open
696,23.20151238591917,0.0631785223310309,Closed,Closed
697,23.234847892220778,0.0556075634424229,Closed,Closed
698,23.268183398522385,0.0843184042425381,Closed,Closed
699,23.30151890482399,0.0861974421119193,Closed,Closed
700,23.3348544111256,0.0773142018962212,Closed,Closed
701,23.368189917427205,0.0674106703047716,Closed,Closed
702,23.401525423728813,0.0677569031290748,Closed,Closed
703,23.43486093003042,0.0626440511792565,Closed,Closed
704,23.46819643633203,0.0403399841013303,Closed,Closed
705,23.501531942633637,0.0755662146131871,Closed,Closed
706,23.534867448935245,0.0421637021355784,Closed,Closed
707,23.568202955236853,0.0543704923208447,Closed,Closed
708,23.60153846153846,0.08025502896704,Closed,Closed
709,23.63487396784007,0.0629153406793118,Closed,Closed
710,23.668209474141676,0.0446872000412569,Closed,Closed
711,23.701544980443284,0.073696672740624,Closed,Closed
712,23.734880486744892,0.0629401532331758,Closed,Closed
713,23.7682159930465,0.0640762396942007,Closed,Closed
714,23.801551499348108,0.060203934118714,Closed,Closed
715,23.834887005649716,0.0787303954969548,Closed,Closed
716,23.868222511951323,0.0528386208703169,Closed,Closed
717,23.90155801825293,0.0617264080424866,Closed,Closed
718,23.93489352455454,0.0989591034618381,Closed,Closed
719,23.968229030856147,0.074922459942215,Closed,Closed
720,24.001564537157755,0.1524701029318889,Closed,Open
721,24.034900043459366,0.2347959216440097,Closed,Open
722,24.068235549760978,0.3402571468205887,Open,Open
723,24.101571056062586,0.4266271768751775,Open,Open
724,24.13490656236419,0.561411462199261,Open,Open
725,24.1682420686658,0.5610708198935953,Open,Open
726,24.20157757496741,0.233846212232869,Closed,Open
727,24.234913081269013,0.3628423419567214,Open,Open
728,24.26824858757062,0.323633000943945,Open,Open
729,24.30158409387223,0.2791956039165419,Closed,Open
730,24.334919600173837,0.2260903991031617,Closed,Open
731,24.368255106475445,0.1579320875398852,Closed,Open
732,24.401590612777053,0.1572585255940484,Closed,Open
733,24.43492611907866,0.0826136980033311,Closed,Closed
734,24.46826162538027,0.0677932696104499,Closed,Closed
735,24.501597131681876,0.0911816196380347,Closed,Closed
736,24.534932637983484,0.0850022604085597,Closed,Closed
737,24.568268144285092,0.1263133821944915,Closed,Open
738,24.6016036505867,0.1118033988749894,Closed,Open
739,24.634939156888308,0.0688401648987999,Closed,Closed
740,24.668274663189916,0.1284349377389675,Closed,Open
741,24.701610169491524,0.1328466528756954,Closed,Open
742,24.73494567579313,0.159240026302607,Closed,Open
743,24.76828118209474,0.1388269319298259,Closed,Open
744,24.801616688396347,0.081040133784142,Closed,Closed
745,24.834952194697955,0.178044339782903,Closed,Open
746,24.868287700999563,0.1773193346776685,Closed,Open
747,24.90162320730117,0.1621646992505858,Closed,Open
748,24.934958713602786,0.1296228890881857,Closed,Open
749,24.96829421990439,0.1035700521209641,Closed,Closed
750,25.001629726206,0.1189605157837622,Closed,Open
751,25.03496523250761,0.0493419882415433,Closed,Closed
752,25.068300738809217,0.0460010007095771,Closed,Closed
753,25.10163624511082,0.0390434404721515,Closed,Closed
754,25.13497175141243,0.0891586962720984,Closed,Closed
755,25.168307257714037,0.1137502590487364,Closed,Open
756,25.201642764015645,0.0826975397577038,Closed,Closed
757,25.234978270317253,0.0844980682971593,Closed,Closed
758,25.26831377661886,0.028767645476024,Closed,Closed
759,25.30164928292047,0.0746185548674875,Closed,Closed
760,25.334984789222077,0.0452460110303283,Closed,Closed
761,25.368320295523684,0.1281433986206132,Closed,Open
762,25.401655801825292,0.1827310076690909,Closed,Open
763,25.4349913081269,0.2194767305626712,Closed,Open
764,25.468326814428508,0.2002797737744651,Closed,Open
765,25.501662320730116,0.2437454833006151,Closed,Open
766,25.534997827031724,0.2154181491455031,Closed,Open
767,25.56833333333333,0.2136378628363678,Closed,Open
768,25.60166883963494,0.1774096834674252,Closed,Open
769,25.635004345936547,0.131189578265747,Closed,Open
770,25.668339852238155,0.0772340977468413,Closed,Closed
771,25.701675358539763,0.0325107829375445,Closed,Closed
772,25.73501086484137,0.0844446978591126,Closed,Closed
773,25.76834637114298,0.0655150280711537,Closed,Closed
774,25.801681877444587,0.0519719196506427,Closed,Closed
775,25.8350173837462,0.0451117030079559,Closed,Closed
776,25.86835289004781,0.0444102115872521,Closed,Closed
777,25.901688396349417,0.0303549783931116,Closed,Closed
778,25.93502390265102,0.0360252192757635,Closed,Closed
779,25.96835940895263,0.0208832444724167,Closed,Closed
780,26.001694915254237,0.0581795990404516,Closed,Closed
781,26.035030421555845,0.0659897116861683,Closed,Closed
782,26.068365927857453,0.0353434007375082,Closed,Closed
783,26.10170143415906,0.0551788472462493,Closed,Closed
784,26.13503694046067,0.1879753663450087,Closed,Open
785,26.168372446762277,0.1490949632524001,Closed,Open
786,26.201707953063885,0.1702919453032677,Closed,Open
787,26.235043459365492,0.159083123845629,Closed,Open
788,26.2683789656671,0.1662370263368402,Closed,Open
789,26.301714471968708,0.2110783073900396,Closed,Open
790,26.335049978270316,0.1079326943210947,Closed,Open
791,26.368385484571924,0.131446184459896,Closed,Open
792,26.40172099087353,0.1064616694159604,Closed,Open
793,26.43505649717514,0.1160792295281099,Closed,Open
794,26.468392003476747,0.0980551931039216,Closed,Closed
795,26.501727509778355,0.1180274277409263,Closed,Open
796,26.535063016079963,0.0416176181897865,Closed,Closed
797,26.56839852238157,0.1248056288670205,Closed,Open
798,26.60173402868318,0.0436537768863668,Closed,Closed
799,26.635069534984787,0.0677658587277616,Closed,Closed
800,26.668405041286395,0.1020355043290087,Closed,Closed
801,26.701740547588003,0.1096791224046421,Closed,Open
802,26.735076053889617,0.2183941424981771,Closed,Open
803,26.768411560191225,0.245748509117154,Closed,Open
804,26.80174706649283,0.2377623942808288,Closed,Open
805,26.83508257279444,0.1979368706357377,Closed,Open
806,26.868418079096045,0.0863125525837601,Closed,Closed
807,26.901753585397653,0.1660705649527646,Closed,Open
808,26.93508909169926,0.0946088288951456,Closed,Closed
809,26.96842459800087,0.064847624983015,Closed,Closed
810,27.001760104302477,0.127310114164348,Closed,Open
811,27.035095610604085,0.110074443984047,Closed,Open
812,27.068431116905693,0.037635496474749,Closed,Closed
813,27.1017666232073,0.0495363897947457,Closed,Closed
814,27.13510212950891,0.0190503440431612,Closed,Closed
815,27.168437635810516,0.0497934741712482,Closed,Closed
816,27.201773142112124,0.0361757709803116,Closed,Closed
817,27.235108648413732,0.0384040605991898,Closed,Closed
818,27.26844415471534,0.086942021332414,Closed,Closed
819,27.301779661016948,0.1120954674808755,Closed,Open
820,27.335115167318556,0.1894123095068529,Closed,Open
821,27.368450673620163,0.1769774440710174,Closed,Open
822,27.40178617992177,0.2286705286415679,Closed,Open
823,27.43512168622338,0.1884865228681589,Closed,Open
824,27.468457192524987,0.1582447934287296,Closed,Open
825,27.501792698826595,0.1270217982002831,Closed,Open
826,27.535128205128203,0.067876095031734,Closed,Closed
827,27.56846371142981,0.0953579743830939,Closed,Closed
828,27.60179921773142,0.0969249168554024,Closed,Closed
829,27.635134724033023,0.162855550927648,Closed,Open
830,27.66847023033464,0.0827194579925839,Closed,Closed
831,27.70180573663625,0.0489871006392173,Closed,Closed
832,27.735141242937853,0.0764868993399142,Closed,Closed
833,27.76847674923946,0.0377911806044154,Closed,Closed
834,27.80181225554107,0.0450649902802084,Closed,Closed
835,27.835147761842677,0.0378497607721779,Closed,Closed
836,27.868483268144285,0.0689914873554043,Closed,Closed
837,27.901818774445893,0.0464153419478018,Closed,Closed
838,27.9351542807475,0.0713830610248249,Closed,Closed
839,27.96848978704911,0.1713521928109713,Closed,Open
840,28.001825293350716,0.1824432479256,Closed,Open
841,28.035160799652324,0.2019649216858232,Closed,Open
842,28.068496305953932,0.1140468391253199,Closed,Open
843,28.10183181225554,0.130291276677502,Closed,Open
844,28.135167318557148,0.1287694042459198,Closed,Open
845,28.168502824858756,0.0617906119931538,Closed,Closed
846,28.201838331160364,0.0565233418944221,Closed,Closed
847,28.23517383746197,0.0566970074146672,Closed,Closed
848,28.26850934376358,0.0554845167457824,Closed,Closed
849,28.301844850065187,0.0712502602062146,Closed,Closed
850,28.335180356366795,0.0702706680783193,Closed,Closed
851,28.368515862668403,0.0473753877405397,Closed,Closed
852,28.40185136897001,0.0807421397817839,Closed,Closed
853,28.43518687527162,0.0406995316935328,Closed,Closed
854,28.468522381573223,0.0663352145191532,Closed,Closed
855,28.50185788787483,0.0912583679521313,Closed,Closed
856,28.53519339417644,0.1655637081081535,Closed,Open
857,28.568528900478057,0.104887342044344,Closed,Closed
858,28.60186440677966,0.1265627982289429,Closed,Open
859,28.63519991308127,0.0987441946312678,Closed,Closed
860,28.668535419382877,0.1155180763202831,Closed,Open
861,28.701870925684485,0.0696584519250366,Closed,Closed
862,28.735206431986093,0.0359902047991991,Closed,Closed
863,28.7685419382877,0.0819399429773896,Closed,Closed
864,28.80187744458931,0.087154303881721,Closed,Closed
865,28.835212950890917,0.0992973588316327,Closed,Closed
866,28.868548457192524,0.1331781704810517,Closed,Open
867,28.901883963494132,0.1907537320771729,Closed,Open
868,28.93521946979574,0.0898687841405024,Closed,Closed
869,28.968554976097348,0.2434403178396896,Closed,Open
870,29.001890482398956,0.239332369951037,Closed,Open
871,29.035225988700564,0.2027019558404763,Closed,Open
872,29.06856149500217,0.1135738361674678,Closed,Open
873,29.10189700130378,0.1333025077604285,Closed,Open
874,29.135232507605387,0.1198045601308772,Closed,Open
875,29.168568013906995,0.1520465484769641,Closed,Open
876,29.201903520208603,0.1274659613854379,Closed,Open
877,29.23523902651021,0.0956275366919802,Closed,Closed
878,29.26857453281182,0.0821748202336468,Closed,Closed
879,29.301910039113427,0.1249686880663468,Closed,Open
880,29.33524554541503,0.1284507504569188,Closed,Open
881,29.36858105171664,0.1198045601308772,Closed,Open
882,29.40191655801825,0.0534243335498477,Closed,Closed
883,29.435252064319855,0.0728397055478525,Closed,Closed
884,29.46858757062147,0.0685574525548313,Closed,Closed
885,29.501923076923077,0.0683024418122286,Closed,Closed
886,29.535258583224685,0.0832898809374891,Closed,Closed
887,29.568594089526293,0.1427622396397583,Closed,Open
888,29.6019295958279,0.2278142559908589,Closed,Open
889,29.63526510212951,0.1852104189829636,Closed,Open
890,29.668600608431117,0.199547105141257,Closed,Open
891,29.701936114732725,0.1606035120005899,Closed,Open
892,29.735271621034332,0.1217719216211178,Closed,Open
893,29.76860712733594,0.1263565358556631,Closed,Open
894,29.801942633637548,0.1463278989366384,Closed,Open
895,29.835278139939156,0.1187562245896776,Closed,Open
896,29.868613646240764,0.1218000371188186,Closed,Open
897,29.90194915254237,0.121279918517483,Closed,Open
898,29.93528465884398,0.0624353094098626,Closed,Closed
899,29.968620165145587,0.0558624349619797,Closed,Closed
900,30.001955671447195,0.1044162223620835,Closed,Closed
901,30.035291177748803,0.0827677833686836,Closed,Closed
902,30.06862668405041,0.0848005926564529,Closed,Closed
903,30.10196219035202,0.0625726434711123,Closed,Closed
904,30.135297696653627,0.1086615701838484,Closed,Open
905,30.168633202955235,0.1714687903915643,Closed,Open
906,30.201968709256843,0.1239186070566854,Closed,Open
907,30.23530421555845,0.1994370650045606,Closed,Open
908,30.26863972186006,0.1454414186387248,Closed,Open
909,30.301975228161663,0.1847123255865433,Closed,Open
910,30.33531073446327,0.1729570080673662,Closed,Open
911,30.368646240764885,0.1496089883607685,Closed,Open
912,30.401981747066493,0.1539338080930916,Closed,Open
913,30.4353172533681,0.1508936687332561,Closed,Open
914,30.46865275966971,0.1457044181716574,Closed,Open
915,30.501988265971317,0.140526520095046,Closed,Open
916,30.535323772272925,0.0921398535016365,Closed,Closed
917,30.568659278574533,0.1052827356799933,Closed,Closed
918,30.60199478487614,0.1304335090292747,Closed,Open
919,30.63533029117775,0.1714180560679069,Closed,Open
920,30.668665797479356,0.1369455484506876,Closed,Open
921,30.702001303780964,0.1370939817254116,Closed,Open
922,30.735336810082572,0.1597411699572478,Closed,Open
923,30.76867231638418,0.1320971779771627,Closed,Open
924,30.802007822685788,0.1360969232885741,Closed,Open
925,30.835343328987395,0.1539235045051911,Closed,Open
926,30.868678835289003,0.1604085109261172,Closed,Open
927,30.90201434159061,0.0915236486921829,Closed,Closed
928,30.93534984789222,0.1276105319732477,Closed,Open
929,30.968685354193827,0.1236150860313011,Closed,Open
930,31.002020860495435,0.1877079909476449,Closed,Open
931,31.035356366797043,0.0328892106649336,Closed,Closed
932,31.06869187309865,0.1487602066697557,Closed,Open
933,31.10202737940026,0.0841780325374368,Closed,Closed
934,31.135362885701863,0.0893860231900021,Closed,Closed
935,31.16869839200347,0.1165472369530556,Closed,Open
936,31.20203389830508,0.0557611333659902,Closed,Closed
937,31.23536940460669,0.0636859040064282,Closed,Closed
938,31.2687049109083,0.0812705604452815,Closed,Closed
939,31.30204041720991,0.1191602328794772,Closed,Open
940,31.335375923511517,0.1179272420183928,Closed,Open
941,31.368711429813125,0.0640521655815636,Closed,Closed
942,31.402046936114733,0.0740142314975007,Closed,Closed
943,31.43538244241634,0.086166794015499,Closed,Closed
944,31.46871794871795,0.0813614154191424,Closed,Closed
945,31.502053455019556,0.1261723272233544,Closed,Open
946,31.535388961321164,0.1375630872693043,Closed,Open
947,31.568724467622772,0.1784701907172714,Closed,Open
948,31.60205997392438,0.1981895879055178,Closed,Open
949,31.635395480225988,0.1696624818193605,Closed,Open
950,31.668730986527596,0.1689251956477798,Closed,Open
951,31.702066492829204,0.1098401857215613,Closed,Open
952,31.73540199913081,0.1512084069177779,Closed,Open
953,31.76873750543242,0.081549814881259,Closed,Closed
954,31.802073011734027,0.1107732013756808,Closed,Open
955,31.835408518035635,0.1201026202212732,Closed,Open
956,31.868744024337243,0.0950241755742455,Closed,Closed
957,31.90207953063885,0.0845141355844108,Closed,Closed
958,31.93541503694046,0.1001696379985613,Closed,Closed
959,31.968750543242063,0.0642161299067935,Closed,Closed
960,32.00208604954368,0.0995688702725765,Closed,Closed
961,32.03542155584528,0.0646517313179158,Closed,Closed
962,32.068757062146894,0.0858149296866501,Closed,Closed
963,32.1020925684485,0.1081206297064021,Closed,Open
964,32.13542807475011,0.1559712860728151,Closed,Open
965,32.168763581051714,0.2785341796234039,Closed,Open
966,32.202099087353325,0.2548296349797532,Closed,Open
967,32.23543459365493,0.2131953565236353,Closed,Open
968,32.26877009995654,0.2192953646948222,Closed,Open
969,32.302105606258145,0.1319098355252203,Closed,Open
970,32.33544111255976,0.0873659793454471,Closed,Closed
971,32.36877661886136,0.1252634924416779,Closed,Open
972,32.40211212516297,0.1088790794903379,Closed,Open
973,32.43544763146458,0.129033047887879,Closed,Open
974,32.46878313776619,0.1749799346442039,Closed,Open
975,32.50211864406779,0.139112430068883,Closed,Open
976,32.535454150369404,0.1002945057914889,Closed,Closed
977,32.56878965667101,0.0477106174357605,Closed,Closed
978,32.60212516297262,0.0789131018006151,Closed,Closed
979,32.63546066927423,0.0538762922560251,Closed,Closed
980,32.668796175575835,0.0576559455417738,Closed,Closed
981,32.70213168187745,0.1564285395448273,Closed,Open
982,32.73546718817905,0.1609556949949126,Closed,Open
983,32.76880269448066,0.1791360462016301,Closed,Open
984,32.80213820078227,0.2657578427903671,Closed,Open
985,32.83547370708388,0.2190790341339298,Closed,Open
986,32.86880921338548,0.2571342989044805,Closed,Open
987,32.902144719687094,0.2488570963076692,Closed,Open
988,32.9354802259887,0.2199765274094622,Closed,Open
989,32.96881573229031,0.2506291396468336,Closed,Open
990,33.002151238591914,0.2145027617408362,Closed,Open
991,33.035486744893525,0.1498281020636038,Closed,Open
992,33.06882225119513,0.2106890709219193,Closed,Open
993,33.10215775749674,0.1533022206346794,Closed,Open
994,33.135493263798345,0.1693527806963652,Closed,Open
995,33.16882877009996,0.1656514728868174,Closed,Open
996,33.20216427640156,0.0878241722653486,Closed,Closed
997,33.23549978270317,0.1044300224520666,Closed,Closed
998,33.26883528900478,0.0755389574600498,Closed,Closed
999,33.30217079530639,0.0693442696578877,Closed,Closed
1000,33.33550630160799,0.1568408849384048,Closed,Open
1001,33.368841807909604,0.060680939677604,Closed,Closed
1002,33.40217731421121,0.0682322721323771,Closed,Closed
1003,33.43551282051282,0.0659609942855803,Closed,Closed
1004,33.468848326814424,0.0661200507570491,Closed,Closed
1005,33.502183833116035,0.0309943589439704,Closed,Closed
1006,33.53551933941765,0.031806809832974,Closed,Closed
1007,33.56885484571925,0.0643271786644848,Closed,Closed
1008,33.60219035202086,0.1577554444253782,Closed,Open
1009,33.63552585832247,0.2394646351887485,Closed,Open
1010,33.66886136462408,0.2218315184120047,Closed,Open
1011,33.70219687092568,0.1519328337389634,Closed,Open
1012,33.735532377227294,0.1717795002941604,Closed,Open
1013,33.7688678835289,0.185053217412487,Closed,Open
1014,33.80220338983051,0.1348781252373012,Closed,Open
1015,33.835538896132114,0.1478178595583526,Closed,Open
1016,33.868874402433725,0.1350662328257383,Closed,Open
1017,33.90220990873533,0.0933383387147048,Closed,Closed
1018,33.93554541503694,0.0830564960347068,Closed,Closed
1019,33.968880921338545,0.1044712107176695,Closed,Closed
1020,34.00221642764016,0.0537887416843605,Closed,Closed
1021,34.03555193394176,0.0712773819027822,Closed,Closed
1022,34.06888744024337,0.0394170704251414,Closed,Closed
1023,34.10222294654498,0.0576749800728472,Closed,Closed
1024,34.13555845284659,0.0568953050325955,Closed,Closed
1025,34.16889395914819,0.0636929755298481,Closed,Closed
1026,34.202229465449804,0.0803969230409222,Closed,Closed
1027,34.23556497175141,0.1459705081233142,Closed,Open
1028,34.26890047805302,0.1672437239207212,Closed,Open
1029,34.302235984354624,0.1966287638852281,Closed,Open
1030,34.335571490656235,0.2212873406666279,Closed,Open
1031,34.36890699695784,0.2944840695329241,Open,Open
1032,34.40224250325945,0.2580655025988925,Closed,Open
1033,34.43557800956106,0.2323024102621954,Closed,Open
1034,34.46891351586267,0.2057822453593391,Closed,Open
1035,34.50224902216428,0.1862068965517241,Closed,Open
1036,34.53558452846588,0.1485510416679872,Closed,Open
1037,34.568920034767494,0.103502799224499,Closed,Closed
1038,34.6022555410691,0.1460098231628908,Closed,Open
1039,34.63559104737071,0.0633058315892229,Closed,Closed
1040,34.668926553672314,0.0724431870119679,Closed,Closed
1041,34.702262059973926,0.081796977056747,Closed,Closed
1042,34.73559756627553,0.0316905125184441,Closed,Closed
1043,34.76893307257714,0.0805914378996068,Closed,Closed
1044,34.802268578878746,0.0409728577607738,Closed,Closed
1045,34.83560408518036,0.024189615691743,Closed,Closed
1046,34.86893959148196,0.0732235005067873,Closed,Closed
1047,34.90227509778357,0.1100922981893395,Closed,Open
1048,34.93561060408518,0.0395693210317393,Closed,Closed
1049,34.96894611038679,0.0752334281156741,Closed,Closed
1050,35.00228161668839,0.0671512011778542,Closed,Closed
1051,35.035617122990004,0.1058791419188014,Closed,Open
1052,35.06895262929161,0.1410208803686863,Closed,Open
1053,35.10228813559322,0.1659322803578121,Closed,Open
1054,35.135623641894824,0.1625928359979258,Closed,Open
1055,35.168959148196436,0.13506692313426,Closed,Open
1056,35.20229465449804,0.1411922555396198,Closed,Open
1057,35.23563016079965,0.1219823456008962,Closed,Open
1058,35.268965667101256,0.1359494185641715,Closed,Open
1059,35.30230117340287,0.1387641704839626,Closed,Open
1060,35.33563667970447,0.1122138411310248,Closed,Open
1061,35.36897218600608,0.1066576988287605,Closed,Open
1062,35.402307692307694,0.0439814164695024,Closed,Closed
1063,35.4356431986093,0.0538762922560251,Closed,Closed
1064,35.46897870491091,0.0595167530091527,Closed,Closed
1065,35.502314211212514,0.1170089954122967,Closed,Open
1066,35.535649717514126,0.2166682520499208,Closed,Open
1067,35.56898522381573,0.233452350598575,Closed,Open
1068,35.60232073011734,0.2331064260332415,Closed,Open
1069,35.635656236418946,0.2226491625240247,Closed,Open
1070,35.66899174272056,0.2454143607168602,Closed,Open
1071,35.70232724902216,0.2100677042454943,Closed,Open
1072,35.73566275532377,0.1631420424880276,Closed,Open
1073,35.76899826162538,0.1758654241555726,Closed,Open
1074,35.80233376792699,0.148680516829219,Closed,Open
1075,35.83566927422859,0.1127404048832723,Closed,Open
1076,35.869004780530204,0.0589173826972427,Closed,Closed
1077,35.90234028683181,0.0317215242267093,Closed,Closed
1078,35.93567579313342,0.0586613691324433,Closed,Closed
1079,35.969011299435024,0.0161763267682069,Closed,Closed
1080,36.002346805736636,0.0888964904894454,Closed,Closed
1081,36.03568231203824,0.0557789465173363,Closed,Closed
1082,36.06901781833985,0.0453813520389657,Closed,Closed
1083,36.102353324641456,0.0576627558815447,Closed,Closed
1084,36.13568883094307,0.0583987034697374,Closed,Closed
1085,36.16902433724467,0.0177316237369662,Closed,Closed
1086,36.20235984354628,0.0763773665872138,Closed,Closed
1087,36.23569534984789,0.075709345321226,Closed,Closed
1088,36.2690308561495,0.1898467802132735,Closed,Open
1089,36.30236636245111,0.2360586523957526,Closed,Open
1090,36.335701868752714,0.1886905838392794,Closed,Open
1091,36.369037375054326,0.1966959613816339,Closed,Open
1092,36.40237288135593,0.1876975021238243,Closed,Open
1093,36.43570838765754,0.1312343733953109,Closed,Open
1094,36.469043893959146,0.1467732065097408,Closed,Open
1095,36.50237940026076,0.1800379224908141,Closed,Open
1096,36.53571490656236,0.1548399304316372,Closed,Open
1097,36.56905041286397,0.1080872628608663,Closed,Open
1098,36.60238591916558,0.0893847918673191,Closed,Closed
1099,36.63572142546719,0.105814548080329,Closed,Open
1100,36.66905693176879,0.0792577513202476,Closed,Closed
1101,36.702392438070405,0.0877018644915013,Closed,Closed
1102,36.73572794437201,0.0984724559926873,Closed,Closed
1103,36.76906345067362,0.0766575962705757,Closed,Closed
1104,36.802398956975225,0.0848324563954393,Closed,Closed
1105,36.83573446327683,0.1003137783909019,Closed,Closed
1106,36.86906996957844,0.126913727705839,Closed,Open
1107,36.90240547588005,0.1572061644106271,Closed,Open
1108,36.935740982181656,0.2133222710996189,Closed,Open
1109,36.96907648848327,0.2364223662273573,Closed,Open
1110,37.00241199478487,0.2876847293806432,Closed,Open
1111,37.03574750108648,0.2708137724593544,Closed,Open
1112,37.06908300738809,0.2552321774376713,Closed,Open
1113,37.1024185136897,0.2297170099573526,Closed,Open
1114,37.1357540199913,0.1796377556496778,Closed,Open
1115,37.169089526292915,0.1969692399520561,Closed,Open
1116,37.202425032594526,0.1564426163277432,Closed,Open
1117,37.23576053889613,0.1368727302238491,Closed,Open
1118,37.26909604519774,0.0745303448987651,Closed,Closed
1119,37.302431551499346,0.1044300224520666,Closed,Closed
1120,37.33576705780096,0.0641090434566742,Closed,Closed
1121,37.36910256410256,0.0756818552298051,Closed,Closed
1122,37.40243807040417,0.0485099433865036,Closed,Closed
1123,37.43577357670578,0.044846860626905,Closed,Closed
1124,37.46910908300739,0.0387678445843521,Closed,Closed
1125,37.50244458930899,0.0688476376629318,Closed,Closed
1126,37.535780095610605,0.056599706876589,Closed,Closed
1127,37.56911560191221,0.0408068677115975,Closed,Closed
1128,37.60245110821382,0.0504934915313048,Closed,Closed
1129,37.635786614515425,0.0451624358463423,Closed,Closed
1130,37.66912212081704,0.0532601422254471,Closed,Closed
1131,37.70245762711864,0.1154463749585952,Closed,Open
1132,37.73579313342025,0.1612389535870111,Closed,Open
1133,37.769128639721856,0.2071642245327034,Closed,Open
1134,37.80246414602347,0.2387382606751852,Closed,Open
1135,37.83579965232507,0.2706882827956876,Closed,Open
1136,37.86913515862668,0.2335038199478854,Closed,Open
1137,37.90247066492829,0.2068661265312661,Closed,Open
1138,37.9358061712299,0.1627465425671002,Closed,Open
1139,37.9691416775315,0.1569512032030216,Closed,Open
1140,38.002477183833115,0.1574602861600595,Closed,Open
1141,38.03581269013472,0.1612287038967075,Closed,Open
1142,38.06914819643633,0.1457892990915391,Closed,Open
1143,38.10248370273794,0.1129512006734921,Closed,Open
1144,38.135819209039546,0.0998382312232799,Closed,Closed
1145,38.16915471534116,0.1210808767788353,Closed,Open
1146,38.20249022164276,0.0777542958669928,Closed,Closed
1147,38.23582572794437,0.0847919848428654,Closed,Closed
1148,38.26916123424598,0.0970546398327455,Closed,Closed
1149,38.30249674054759,0.0829668104944471,Closed,Closed
1150,38.33583224684919,0.1156121666149977,Closed,Open
1151,38.369167753150805,0.0961026951282289,Closed,Closed
1152,38.40250325945241,0.075493594343396,Closed,Closed
1153,38.43583876575402,0.1153121999653024,Closed,Open
1154,38.469174272055625,0.0743908043771092,Closed,Closed
1155,38.50250977835723,0.1507021653937487,Closed,Open
1156,38.53584528465884,0.1843711830653949,Closed,Open
1157,38.56918079096045,0.2033112222681251,Closed,Open
1158,38.602516297262056,0.2102945201973328,Closed,Open
1159,38.63585180356367,0.2560413745714502,Closed,Open
1160,38.66918730986527,0.2755181018352565,Closed,Open
1161,38.70252281616688,0.2419630401629101,Closed,Open
1162,38.73585832246849,0.2655209969988991,Closed,Open
1163,38.7691938287701,0.2134863169074365,Closed,Open
1164,38.8025293350717,0.1605902850799886,Closed,Open
1165,38.835864841373315,0.1317271422052016,Closed,Open
1166,38.86920034767492,0.1201593364841844,Closed,Open
1167,38.90253585397653,0.144736027882983,Closed,Open
1168,38.935871360278135,0.0996636219952589,Closed,Closed
1169,38.969206866579746,0.0944597077921337,Closed,Closed
1170,39.00254237288136,0.0688707082602629,Closed,Closed
1171,39.03587787918296,0.1012035355639704,Closed,Closed
1172,39.069213385484574,0.0841968205549266,Closed,Closed
1173,39.10254889178618,0.0577757806248174,Closed,Closed
1174,39.13588439808779,0.0851594254731349,Closed,Closed
1175,39.169219904389394,0.0449553670050979,Closed,Closed
1176,39.202555410691005,0.0716008759365361,Closed,Closed
1177,39.23589091699261,0.061975428886326,Closed,Closed
1178,39.26922642329422,0.0918025385474188,Closed,Closed
1179,39.302561929595825,0.1017424591730847,Closed,Closed
1180,39.33589743589744,0.1087538848110168,Closed,Open
1181,39.36923294219904,0.1511417974545903,Closed,Open
1182,39.40256844850065,0.2304564746496447,Closed,Open
1183,39.43590395480226,0.2471692648275651,Closed,Open
1184,39.46923946110387,0.2593274157898905,Closed,Open
1185,39.50257496740547,0.1940040821545192,Closed,Open
1186,39.53591047370709,0.1588405282395401,Closed,Open
1187,39.56924598000869,0.1813755781068387,Closed,Open
1188,39.6025814863103,0.114926276072238,Closed,Open
1189,39.635916992611904,0.1238909234195171,Closed,Open
1190,39.669252498913515,0.1074317498910195,Closed,Open
1191,39.70258800521512,0.1033845477261988,Closed,Closed
1192,39.73592351151673,0.0730463046541953,Closed,Closed
1193,39.769259017818335,0.0427842432961396,Closed,Closed
1194,39.80259452411995,0.0666093653345137,Closed,Closed
1195,39.83593003042155,0.0336336396998156,Closed,Closed
1196,39.86926553672316,0.0520028339742327,Closed,Closed
1197,39.902601043024774,0.0380386770068155,Closed,Closed
1198,39.93593654932638,0.036630282376023,Closed,Closed
1199,39.96927205562799,0.0291124016284042,Closed,Closed
1200,40.002607561929594,0.0521411068772742,Closed,Closed
1201,40.035943068231205,0.0353972186532316,Closed,Closed
1202,40.06927857453281,0.0642627187353467,Closed,Closed
1203,40.10261408083442,0.1860920583328306,Closed,Open
1204,40.135949587136025,0.1851707682833189,Closed,Open
1205,40.16928509343764,0.2218071353520211,Closed,Open
1206,40.20262059973924,0.1999144518071802,Closed,Open
1207,40.23595610604085,0.1239084155532071,Closed,Open
1208,40.26929161234246,0.1945813849459482,Closed,Open
1209,40.30262711864407,0.1329151673088605,Closed,Open
1210,40.33596262494567,0.1292221148412324,Closed,Open
1211,40.36929813124728,0.0759151898978966,Closed,Closed
1212,40.40263363754889,0.0946962547482804,Closed,Closed
1213,40.4359691438505,0.0863623094368905,Closed,Closed
1214,40.469304650152104,0.0925445785268032,Closed,Closed
1215,40.502640156453715,0.0841847356331569,Closed,Closed
1216,40.53597566275532,0.0849088634717593,Closed,Closed
1217,40.56931116905693,0.0943038280137391,Closed,Closed
1218,40.602646675358535,0.1749359948997075,Closed,Open
1219,40.63598218166015,0.1637635972895317,Closed,Open
1220,40.66931768796175,0.2421633672132657,Closed,Open
1221,40.70265319426336,0.1904998186979234,Closed,Open
1222,40.73598870056497,0.1631407241313534,Closed,Open
1223,40.76932420686658,0.1399512529087794,Closed,Open
1224,40.80265971316819,0.076696498884737,Closed,Closed
1225,40.835995219469794,0.0800966431340723,Closed,Closed
1226,40.869330725771405,0.0899114807657188,Closed,Closed
1227,40.90266623207301,0.0825288690797013,Closed,Closed
1228,40.93600173837462,0.0672314989293339,Closed,Closed
1229,40.969337244676225,0.0518301716093344,Closed,Closed
1230,41.00267275097784,0.0185821068703807,Closed,Closed
1231,41.03600825727944,0.0189813184350197,Closed,Closed
1232,41.06934376358105,0.0482831032200041,Closed,Closed
1233,41.10267926988266,0.0325672807735234,Closed,Closed
1234,41.13601477618427,0.0273002931384713,Closed,Closed
1235,41.16935028248587,0.050322538753367,Closed,Closed
1236,41.20268578878749,0.0405289516445137,Closed,Closed
1237,41.23602129508909,0.0450646648029082,Closed,Closed
1238,41.2693568013907,0.0278951652587844,Closed,Closed
1239,41.302692307692304,0.046488385563522,Closed,Closed
1240,41.336027813993915,0.0513883993048122,Closed,Closed
1241,41.36936332029552,0.0558179013099801,Closed,Closed
1242,41.40269882659713,0.0504622134969581,Closed,Closed
1243,41.436034332898735,0.1121959464336817,Closed,Open
1244,41.46936983920035,0.1141848825467434,Closed,Open
1245,41.50270534550195,0.0789755524317872,Closed,Closed
1246,41.53604085180356,0.1190772512356476,Closed,Open
1247,41.56937635810517,0.0844471669406718,Closed,Closed
1248,41.60271186440678,0.1176638127099131,Closed,Open
1249,41.63604737070838,0.1485964482544775,Closed,Open
1250,41.669382877009994,0.195417612287106,Closed,Open
1251,41.702718383311606,0.2273619566245901,Closed,Open
1252,41.73605388961321,0.2560747963981322,Closed,Open
1253,41.76938939591482,0.2467779624500372,Closed,Open
1254,41.802724902216426,0.2527379487721779,Closed,Open
1255,41.83606040851804,0.3551898056524266,Open,Open
1256,41.86939591481964,0.444419342793946,Open,Open
1257,41.90273142112125,0.4214533105042592,Open,Open
1258,41.93606692742286,0.2493248310701685,Closed,Open
1259,41.96940243372447,0.2436435923988717,Closed,Open
1260,42.00273794002607,0.1493579135305156,Closed,Open
1261,42.03607344632768,0.1075524529929953,Closed,Open
1262,42.06940895262929,0.0449814159303618,Closed,Closed
1263,42.1027444589309,0.024378282480565,Closed,Closed
1264,42.136079965232504,0.0234735963440128,Closed,Closed
1265,42.16941547153411,0.0317401521325941,Closed,Closed
1266,42.20275097783572,0.0364398751205999,Closed,Closed
1267,42.23608648413733,0.0373081234017469,Closed,Closed
1268,42.269421990438936,0.0296219242516271,Closed,Closed
1269,42.30275749674055,0.0398063958544457,Closed,Closed
1270,42.33609300304215,0.0677264470467713,Closed,Closed
1271,42.36942850934376,0.0331280383917585,Closed,Closed
1272,42.40276401564537,0.0567988261114691,Closed,Closed
1273,42.43609952194698,0.0393980181808589,Closed,Closed
1274,42.46943502824858,0.034770779440742,Closed,Closed
1275,42.502770534550194,0.0338448721711206,Closed,Closed
1276,42.5361060408518,0.071955718849265,Closed,Closed
1277,42.56944154715341,0.0374592267510978,Closed,Closed
1278,42.60277705345502,0.0274327239461722,Closed,Closed
1279,42.636112559756626,0.0476460655205796,Closed,Closed
1280,42.66944806605824,0.035481721371393,Closed,Closed
1281,42.70278357235984,0.0906346853111498,Closed,Closed
1282,42.73611907866145,0.0627353610864269,Closed,Closed
1283,42.76945458496306,0.068508933444965,Closed,Closed
1284,42.80279009126467,0.0585205735980652,Closed,Closed
1285,42.83612559756627,0.0427402544278351,Closed,Closed
1286,42.86946110386789,0.0554880808131046,Closed,Closed
1287,42.90279661016949,0.0544371379251272,Closed,Closed
1288,42.9361321164711,0.0824162025594834,Closed,Closed
1289,42.969467622772704,0.0670947654011914,Closed,Closed
1290,43.00280312907432,0.0753199971529041,Closed,Closed
1291,43.03613863537592,0.1470091831248198,Closed,Open
1292,43.06947414167753,0.0901140347257843,Closed,Closed
1293,43.102809647979136,0.0723115185853184,Closed,Closed
1294,43.13614515428075,0.062885762496748,Closed,Closed
1295,43.16948066058235,0.1069087275066761,Closed,Open
1296,43.20281616688396,0.139880997329826,Closed,Open
1297,43.23615167318557,0.2354846884645272,Closed,Open
1298,43.26948717948718,0.254748600608981,Closed,Open
1299,43.30282268578878,0.2783364499609592,Closed,Open
1300,43.336158192090394,0.3290181025622206,Open,Open
1301,43.369493698392,0.3013599099641139,Open,Open
1302,43.40282920469361,0.2654913421335308,Closed,Open
1303,43.436164710995214,0.2388682193289494,Closed,Open
1304,43.469500217296826,0.1184188122420256,Closed,Open
1305,43.50283572359844,0.0738504643742109,Closed,Closed
1306,43.53617122990004,0.0537467961669941,Closed,Closed
1307,43.56950673620165,0.0840891299671002,Closed,Closed
1308,43.60284224250326,0.0903753435903399,Closed,Closed
1309,43.63617774880487,0.0688399604152524,Closed,Closed
1310,43.66951325510647,0.0420034612278136,Closed,Closed
1311,43.70284876140808,0.0287865616785397,Closed,Closed
1312,43.73618426770969,0.0310047381596059,Closed,Closed
1313,43.7695197740113,0.0588336249832483,Closed,Closed
1314,43.802855280312905,0.0326893263583349,Closed,Closed
1315,43.83619078661451,0.0175872180338131,Closed,Closed
1316,43.86952629291612,0.0391096729831379,Closed,Closed
1317,43.90286179921773,0.0509516500101967,Closed,Closed
1318,43.936197305519336,0.0355486045080433,Closed,Closed
1319,43.96953281182095,0.0516122587479312,Closed,Closed
1320,44.00286831812255,0.0559541810945901,Closed,Closed
1321,44.03620382442416,0.0519478973307074,Closed,Closed
1322,44.06953933072577,0.0704567088451531,Closed,Closed
1323,44.10287483702738,0.0733155834107319,Closed,Closed
1324,44.13621034332898,0.1506728119394343,Closed,Open
1325,44.169545849630595,0.0703597544730291,Closed,Closed
1326,44.2028813559322,0.1152362009619331,Closed,Open
1327,44.23621686223381,0.2236591912675684,Closed,Open
1328,44.269552368535415,0.1320580824764858,Closed,Open
1329,44.302887874837026,0.1763764314122967,Closed,Open
1330,44.33622338113863,0.2351552061720805,Closed,Open
1331,44.36955888744024,0.2234785754802749,Closed,Open
1332,44.402894393741846,0.2310280633227581,Closed,Open
1333,44.43622990004346,0.1803554915287125,Closed,Open
1334,44.46956540634507,0.1196851058986409,Closed,Open
1335,44.50290091264667,0.1938463782580703,Closed,Open
1336,44.536236418948285,0.1656112808894458,Closed,Open
1337,44.56957192524989,0.1768189341635444,Closed,Open
1338,44.6029074315515,0.1569319286535046,Closed,Open
1339,44.636242937853105,0.1806193832447139,Closed,Open
1340,44.66957844415472,0.1417926848641262,Closed,Open
1341,44.70291395045632,0.1871838154543187,Closed,Open
1342,44.73624945675793,0.200141953055075,Closed,Open
1343,44.769584963059536,0.2033941312244472,Closed,Open
1344,44.80292046936115,0.2294558146559831,Closed,Open
1345,44.83625597566275,0.1648148350835679,Closed,Open
1346,44.86959148196436,0.2015801756473767,Closed,Open
1347,44.90292698826597,0.1902960567119765,Closed,Open
1348,44.93626249456758,0.1244328144612997,Closed,Open
1349,44.96959800086918,0.1846257408280784,Closed,Open
1350,45.002933507170795,0.1643032043198089,Closed,Open
1351,45.0362690134724,0.188055493149562,Closed,Open
1352,45.06960451977401,0.0916467483921003,Closed,Closed
1353,45.102940026075615,0.1930696589385065,Closed,Open
1354,45.136275532377226,0.1580685254621982,Closed,Open
1355,45.16961103867883,0.1269937922500265,Closed,Open
1356,45.20294654498044,0.0995993438845879,Closed,Closed
1357,45.236282051282046,0.1021505376344086,Closed,Closed
1358,45.26961755758366,0.1016925749643763,Closed,Closed
1359,45.30295306388526,0.1022097594132843,Closed,Closed
1360,45.33628857018687,0.0831251398047689,Closed,Closed
1361,45.369624076488485,0.0880057408694204,Closed,Closed
1362,45.40295958279009,0.1128218249206641,Closed,Open
1363,45.4362950890917,0.1284735778999274,Closed,Open
1364,45.469630595393305,0.1163928575871273,Closed,Open
1365,45.50296610169491,0.1067250321413264,Closed,Open
1366,45.53630160799652,0.098018451576191,Closed,Closed
1367,45.56963711429813,0.1010879421772668,Closed,Closed
1368,45.602972620599736,0.0681509716904526,Closed,Closed
1369,45.63630812690135,0.0583053211164491,Closed,Closed
1370,45.66964363320295,0.0569250201044216,Closed,Closed
1371,45.70297913950456,0.0259839728316199,Closed,Closed
1372,45.73631464580617,0.0694718168926897,Closed,Closed
1373,45.76965015210778,0.0814103193454807,Closed,Closed
1374,45.80298565840938,0.0432076491426256,Closed,Closed
1375,45.836321164710995,0.0447213595499957,Closed,Closed
1376,45.8696566710126,0.0384541441447419,Closed,Closed
1377,45.90299217731421,0.1255100394771584,Closed,Open
1378,45.936327683615815,0.1665430908606448,Closed,Open
1379,45.969663189917426,0.0876910750727482,Closed,Closed
1380,46.00299869621903,0.1029469801083634,Closed,Closed
1381,46.03633420252064,0.1134728321264636,Closed,Open
1382,46.069669708822246,0.1537846094953019,Closed,Open
1383,46.10300521512386,0.1184039795660141,Closed,Open
1384,46.13634072142546,0.1491373905899669,Closed,Open
1385,46.169676227727074,0.1650133563090612,Closed,Open
1386,46.20301173402868,0.1316645691096109,Closed,Open
1387,46.23634724033029,0.2288638549526688,Closed,Open
1388,46.2696827466319,0.0890176664339829,Closed,Closed
1389,46.303018252933505,0.1821427988832711,Closed,Open
1390,46.33635375923512,0.223492729395672,Closed,Open
1391,46.36968926553672,0.1856918161169042,Closed,Open
1392,46.40302477183833,0.0723104615071369,Closed,Closed
1393,46.43636027813994,0.1077303651351852,Closed,Open
1394,46.46969578444155,0.1210752291877465,Closed,Open
1395,46.50303129074315,0.1267852395947696,Closed,Open
1396,46.53636679704477,0.1070745915372374,Closed,Open
1397,46.56970230334637,0.0808740081661247,Closed,Closed
1398,46.60303780964798,0.0688697240659415,Closed,Closed
1399,46.636373315949584,0.0464311571081841,Closed,Closed
1400,46.669708822251195,0.0116435029652835,Closed,Closed
1401,46.7030443285528,0.0742842831900436,Closed,Closed
1402,46.73637983485441,0.150330356450564,Closed,Open
1403,46.769715341156015,0.1222277604770983,Closed,Open
1404,46.80305084745763,0.0935502605819661,Closed,Closed
1405,46.83638635375923,0.0565483902239158,Closed,Closed
1406,46.86972186006084,0.1533600772845431,Closed,Open
1407,46.90305736636245,0.1713233779605769,Closed,Open
1408,46.93639287266406,0.1348551398093,Closed,Open
1409,46.96972837896566,0.1117582748352826,Closed,Open
1410,47.003063885267274,0.0710690168622261,Closed,Closed
1411,47.03639939156888,0.1615820359402738,Closed,Open
1412,47.06973489787049,0.1552946364702404,Closed,Open
1413,47.103070404172094,0.1047303314777963,Closed,Closed
1414,47.136405910473705,0.078992757426736,Closed,Closed
1415,47.16974141677532,0.0602957566742498,Closed,Closed
1416,47.20307692307692,0.1082167624964444,Closed,Open
1417,47.23641242937853,0.1311912536271083,Closed,Open
1418,47.26974793568014,0.1553099796337783,Closed,Open
1419,47.30308344198175,0.1942556813455506,Closed,Open
1420,47.33641894828335,0.1649098087973201,Closed,Open
1421,47.36975445458496,0.1900144117519194,Closed,Open
1422,47.40308996088657,0.23783473842891,Closed,Open
1423,47.43642546718818,0.1622711935730172,Closed,Open
1424,47.469760973489784,0.2267548662679182,Closed,Open
1425,47.503096479791395,0.3630252216838365,Open,Open
1426,47.536431986093,0.4118645410401728,Open,Open
1427,47.56976749239461,0.3240367572064588,Open,Open
1428,47.603102998696215,0.1929041312989871,Closed,Open
1429,47.63643850499783,0.0705281236010357,Closed,Closed
1430,47.66977401129943,0.1502789753112724,Closed,Open
1431,47.70310951760104,0.1171004925642064,Closed,Open
1432,47.73644502390265,0.0827475774391758,Closed,Closed
1433,47.76978053020426,0.0822741002467057,Closed,Closed
1434,47.80311603650586,0.1306937414060142,Closed,Open
1435,47.836451542807474,0.1563831873900312,Closed,Open
1436,47.86978704910908,0.1511004125840534,Closed,Open
1437,47.90312255541069,0.1358498755216407,Closed,Open
1438,47.936458061712294,0.1411568048204032,Closed,Open
1439,47.969793568013905,0.1429687466635424,Closed,Open
1440,48.00312907431551,0.1128059381284868,Closed,Open
1441,48.03646458061712,0.0623428423543928,Closed,Closed
1442,48.06980008691873,0.0814141701358124,Closed,Closed
1443,48.10313559322034,0.046488385563522,Closed,Closed
1444,48.13647109952195,0.1543970374934694,Closed,Open
1445,48.16980660582355,0.0921615678697558,Closed,Closed
1446,48.20314211212517,0.0782441323275503,Closed,Closed
1447,48.23647761842677,0.0453355497921712,Closed,Closed
1448,48.26981312472838,0.0441279255875084,Closed,Closed
1449,48.303148631029984,0.096064778951064,Closed,Closed
1450,48.336484137331595,0.0565001616606709,Closed,Closed
1451,48.3698196436332,0.0350295205381286,Closed,Closed
1452,48.40315514993481,0.0926098427330845,Closed,Closed
1453,48.436490656236415,0.0658983731295058,Closed,Closed
1454,48.46982616253803,0.0398272389274501,Closed,Closed
1455,48.50316166883963,0.0595702613704564,Closed,Closed
1456,48.53649717514124,0.0613725302700694,Closed,Closed
1457,48.56983268144285,0.0912403150036605,Closed,Closed
1458,48.60316818774446,0.0627509906261038,Closed,Closed
1459,48.63650369404606,0.1192336442778604,Closed,Open
1460,48.669839200347674,0.1590700879935657,Closed,Open
1461,48.70317470664928,0.135784357201505,Closed,Open
1462,48.73651021295089,0.1935086899170631,Closed,Open
1463,48.769845719252494,0.2504989940518636,Closed,Open
1464,48.803181225554106,0.3048477820119647,Open,Open
1465,48.83651673185571,0.2842789084565237,Closed,Open
1466,48.86985223815732,0.2626312816972104,Closed,Open
1467,48.903187744458926,0.2531350952645378,Closed,Open
1468,48.93652325076054,0.2440012330832333,Closed,Open
1469,48.96985875706215,0.2204139721341261,Closed,Open
1470,49.00319426336375,0.1835859825524216,Closed,Open
1471,49.03652976966536,0.1376003305884469,Closed,Open
1472,49.06986527596697,0.1077042441548792,Closed,Open
1473,49.10320078226858,0.0652231710238372,Closed,Closed
1474,49.136536288570184,0.0592282379610892,Closed,Closed
1475,49.16987179487179,0.0485360200978359,Closed,Closed
1476,49.2032073011734,0.0589221835278969,Closed,Closed
1477,49.23654280747501,0.1014609616815422,Closed,Closed
1478,49.269878313776616,0.0372957819587787,Closed,Closed
1479,49.30321382007823,0.1167836160797861,Closed,Open
1480,49.33654932637983,0.0321393728333983,Closed,Closed
1481,49.36988483268144,0.0717197436825317,Closed,Closed
1482,49.40322033898305,0.0955623661635022,Closed,Closed
1483,49.43655584528466,0.0863535164426189,Closed,Closed
1484,49.46989135158626,0.0912806027754756,Closed,Closed
1485,49.503226857887874,0.1035737186135323,Closed,Closed
1486,49.53656236418948,0.0981026541299328,Closed,Closed
1487,49.56989787049109,0.1409761601545434,Closed,Open
1488,49.603233376792694,0.0893246245104364,Closed,Closed
1489,49.636568883094306,0.0935198311724764,Closed,Closed
1490,49.66990438939591,0.0975114582695595,Closed,Closed
1491,49.70323989569752,0.1191038138266313,Closed,Open
1492,49.736575401999126,0.0717658280501509,Closed,Closed
1493,49.76991090830074,0.1332306347617564,Closed,Open
1494,49.80324641460234,0.1396216474108197,Closed,Open
1495,49.83658192090395,0.1070335106399547,Closed,Open
1496,49.86991742720557,0.136741299909998,Closed,Open
1497,49.90325293350717,0.1146230621590424,Closed,Open
1498,49.93658843980878,0.1441693642574454,Closed,Open
1499,49.969923946110384,0.1223023074440146,Closed,Open
1500,50.003259452412,0.1201968109943083,Closed,Open
1501,50.0365949587136,0.1287497045061028,Closed,Open
1502,50.06993046501521,0.1167897544448785,Closed,Open
1503,50.103265971316816,0.0872693709309393,Closed,Closed
1504,50.13660147761843,0.0814944090614449,Closed,Closed
1505,50.16993698392003,0.124234642171135,Closed,Open
1506,50.20327249022164,0.0992605902000929,Closed,Closed
1507,50.23660799652325,0.1275133866008774,Closed,Open
1508,50.26994350282486,0.1289373613886097,Closed,Open
1509,50.30327900912646,0.1172000189811957,Closed,Open
1510,50.336614515428074,0.1314114360215326,Closed,Open
1511,50.36995002172968,0.1260835917204223,Closed,Open
1512,50.40328552803129,0.1012296307434976,Closed,Closed
1513,50.436621034332894,0.1394334725287861,Closed,Open
1514,50.469956540634506,0.0708644528811733,Closed,Closed
1515,50.50329204693611,0.0871985140710086,Closed,Closed
1516,50.53662755323772,0.1604070549008869,Closed,Open
1517,50.569963059539326,0.1114816117537085,Closed,Open
1518,50.60329856584094,0.1483034035426288,Closed,Open
1519,50.63663407214254,0.1189876756304009,Closed,Open
1520,50.66996957844415,0.1135088275241532,Closed,Open
1521,50.70330508474576,0.1028595171225193,Closed,Closed
1522,50.73664059104737,0.0893865286384984,Closed,Closed
1523,50.76997609734898,0.0898793488154147,Closed,Closed
1524,50.803311603650585,0.1257356592711037,Closed,Open
1525,50.83664710995219,0.1429150583522381,Closed,Open
1526,50.8699826162538,0.1151751106899793,Closed,Open
1527,50.90331812255541,0.1219800240742817,Closed,Open
1528,50.936653628857016,0.131683987740315,Closed,Open
1529,50.96998913515863,0.0768178280017481,Closed,Closed
1530,51.00332464146023,0.1153255117630894,Closed,Open
1531,51.03666014776184,0.0976535114546857,Closed,Closed
1532,51.06999565406345,0.0694040656498057,Closed,Closed
1533,51.10333116036506,0.1573418691285127,Closed,Open
