frame,timestamp,aspect_ratio__mouth_width__inside_lips,lips_label,teeth_label
0,0.0,10.754541191980252,Closed,Open
1,0.0333355063016079,21.501341639713843,Closed,Closed
2,0.0666710126032159,34.77952536501016,Closed,Closed
3,0.1000065189048239,10.937743882772908,Closed,Open
4,0.1333420252064319,19.71181258929669,Closed,Closed
5,0.16667753150804,17.21344684523056,Closed,Closed
6,0.2000130378096479,12.431538408745787,Closed,Open
7,0.2333485441112559,12.635057184309115,Closed,Open
8,0.2666840504128639,19.490105118517555,Closed,Closed
9,0.3000195567144719,8.972560911750252,Closed,Open
10,0.33335506301608,9.453367328426092,Closed,Open
11,0.3666905693176879,17.434735443934905,Closed,Closed
12,0.4000260756192959,11.663800743651729,Closed,Open
13,0.4333615819209039,18.91062570899975,Closed,Closed
14,0.4666970882225119,19.16710851381835,Closed,Closed
15,0.50003259452412,21.014350838807047,Closed,Closed
16,0.5333681008257279,9.907753541894024,Closed,Open
17,0.5667036071273359,12.627019615312326,Closed,Open
18,0.6000391134289439,9.602083107326244,Closed,Open
19,0.6333746197305519,9.57169180190301,Closed,Open
20,0.66671012603216,11.117518688533124,Closed,Open
21,0.7000456323337679,9.317748761849629,Closed,Open
22,0.7333811386353759,12.102708604091712,Closed,Open
23,0.7667166449369839,10.983007745784796,Closed,Open
24,0.8000521512385919,10.920654760091312,Closed,Open
25,0.8333876575401998,10.692919217911363,Closed,Open
26,0.8667231638418079,12.417443110440056,Closed,Open
27,0.9000586701434159,9.831862348577674,Closed,Open
28,0.933394176445024,7.363374339493822,Closed,Open
29,0.9667296827466318,4.678812625735148,Closed,Open
30,1.00006518904824,3.3486116526106757,Closed,Open
31,1.0334006953498478,3.643654239388833,Closed,Open
32,1.066736201651456,1.9807858914772576,Closed,Open
33,1.1000717079530635,2.0340343503848053,Closed,Open
34,1.1334072142546718,1.7415981650585617,Closed,Open
35,1.16674272055628,2.1165917363031057,Closed,Open
36,1.2000782268578878,2.2398009154331047,Closed,Open
37,1.233413733159496,4.086414039785989,Closed,Open
38,1.2667492394611035,2.46875,Closed,Open
39,1.3000847457627118,2.708583722399956,Closed,Open
40,1.33342025206432,3.18412743412316,Closed,Open
41,1.3667557583659278,2.5886116497230565,Closed,Open
42,1.400091264667536,2.134245922125329,Closed,Open
43,1.4334267709691435,2.5565992253421004,Closed,Open
44,1.4667622772707518,2.79209724176415,Closed,Open
45,1.5000977835723597,2.7704591970351324,Closed,Open
46,1.5334332898739678,3.634052124231153,Closed,Open
47,1.566768796175576,3.0899646937259275,Closed,Open
48,1.6001043024771835,3.606403148193056,Closed,Open
49,1.6334398087787918,2.4568492237229593,Closed,Open
50,1.6667753150803997,3.108337933025036,Closed,Open
51,1.7001108213820078,2.5841806133234564,Closed,Open
52,1.7334463276836158,3.2834722504071596,Closed,Open
53,1.7667818339852237,4.1448974129151885,Closed,Open
54,1.8001173402868318,6.153392038269814,Closed,Open
55,1.8334528465884397,11.28356226076572,Closed,Open
56,1.8667883528900475,7.893139609341898,Closed,Open
57,1.900123859191656,10.179899321434988,Closed,Open
58,1.9334593654932637,11.843903443564871,Closed,Open
59,1.966794871794872,11.638728452885218,Closed,Open
60,2.00013037809648,6.328199185270472,Closed,Open
61,2.0334658843980877,8.612334624961326,Closed,Open
62,2.0668013906996956,7.769491617860206,Closed,Open
63,2.100136897001304,9.23803979804941,Closed,Open
64,2.133472403302912,18.288779403087418,Closed,Closed
65,2.1668079096045196,15.660380734595034,Closed,Open
66,2.2001434159061275,6.345552594995102,Closed,Open
67,2.233478922207736,6.1938801201989895,Closed,Open
68,2.2668144285093437,11.163391141366851,Closed,Open
69,2.3001499348109515,5.327730602779778,Closed,Open
70,2.33348544111256,4.962687380165524,Closed,Open
71,2.3668209474141677,4.197535923898994,Closed,Open
72,2.4001564537157756,5.934286802127631,Closed,Open
73,2.433491960017383,6.618919560913713,Closed,Open
74,2.4668274663189917,3.513737771766207,Closed,Open
75,2.5001629726205996,7.947907320120863,Closed,Open
76,2.5334984789222075,6.169441075142078,Closed,Open
77,2.566833985223816,10.423531071570704,Closed,Open
78,2.6001694915254236,10.083389335160527,Closed,Open
79,2.6335049978270315,6.682136140204451,Closed,Open
80,2.66684050412864,9.819662990652988,Closed,Open
81,2.7001760104302477,10.874458430370046,Closed,Open
82,2.7335115167318556,9.692503050534231,Closed,Open
83,2.7668470230334634,9.718349074036814,Closed,Open
84,2.8001825293350717,17.96106901050157,Closed,Closed
85,2.8335180356366796,9.60617970499148,Closed,Open
86,2.8668535419382875,8.040576647104055,Closed,Open
87,2.900189048239896,12.241924108666616,Closed,Open
88,2.9335245545415036,7.253515226844665,Closed,Open
89,2.9668600608431115,6.940679628672192,Closed,Open
90,3.0001955671447194,5.845374477121015,Closed,Open
91,3.0335310734463277,5.154785710207282,Closed,Open
92,3.0668665797479355,4.063092861310542,Closed,Open
93,3.1002020860495434,4.879282525042352,Closed,Open
94,3.1335375923511517,6.458112456038945,Closed,Open
95,3.1668730986527596,4.964021498136592,Closed,Open
96,3.200208604954367,6.27816338296948,Closed,Open
97,3.2335441112559757,7.960906547488875,Closed,Open
98,3.2668796175575836,10.433857609503043,Closed,Open
99,3.3002151238591915,12.428619723657736,Closed,Open
100,3.3335506301607993,9.766300365920058,Closed,Open
101,3.3668861364624076,11.759251676871278,Closed,Open
102,3.4002216427640155,11.059584552791724,Closed,Open
103,3.4335571490656234,16.1245154965971,Closed,Closed
104,3.4668926553672317,10.722773713279354,Closed,Open
105,3.5002281616688395,13.71393451931283,Closed,Open
106,3.5335636679704474,13.933134299394329,Closed,Open
107,3.5668991742720553,5.225071278271111,Closed,Open
108,3.6002346805736636,5.545001480623639,Closed,Open
109,3.633570186875271,6.9234399411388505,Closed,Open
110,3.6669056931768793,6.035098490754185,Closed,Open
111,3.700241199478488,5.601002845626159,Closed,Open
112,3.733576705780095,6.463170231739563,Closed,Open
113,3.7669122120817033,9.798356091772094,Closed,Open
114,3.800247718383312,14.086545681279327,Closed,Open
115,3.833583224684919,10.10764213504818,Closed,Open
116,3.8669187309865274,22.90752533516294,Closed,Closed
117,3.9002542372881353,23.208917384355654,Closed,Closed
118,3.933589743589744,10.86833117677656,Closed,Open
119,3.966925249891351,8.415273714096786,Closed,Open
120,4.00026075619296,12.769331915313806,Closed,Open
121,4.033596262494568,11.763715399481576,Closed,Open
122,4.0669317687961755,9.688735486674164,Closed,Open
123,4.100267275097783,14.04852700859101,Closed,Open
124,4.133602781399391,22.690967365892536,Closed,Closed
125,4.166938287700999,17.40299392434716,Closed,Closed
126,4.200273794002608,6.239713757679737,Closed,Open
127,4.233609300304216,4.799514874999663,Closed,Open
128,4.2669448066058235,5.653322843390216,Closed,Open
129,4.300280312907431,6.022627751085285,Closed,Open
130,4.333615819209039,4.913593493079014,Closed,Open
131,4.366951325510647,4.916299421312742,Closed,Open
132,4.400286831812255,6.7091563965014,Closed,Open
133,4.433622338113864,6.768603287314842,Closed,Open
134,4.466957844415472,7.48837848097759,Closed,Open
135,4.5002933507170795,13.52662349395473,Closed,Open
136,4.533628857018687,13.449095604866242,Closed,Open
137,4.566964363320295,12.368598231902522,Closed,Open
138,4.600299869621903,10.185056927449384,Closed,Open
139,4.633635375923511,9.674743983224548,Closed,Open
140,4.66697088222512,7.903379950005336,Closed,Open
141,4.700306388526728,11.327779308884706,Closed,Open
142,4.733641894828335,16.736188335460376,Closed,Closed
143,4.766977401129943,16.32482771731451,Closed,Closed
144,4.800312907431551,22.27913822390803,Closed,Closed
145,4.833648413733159,12.223891745747942,Closed,Open
146,4.866983920034767,6.52046505024019,Closed,Open
147,4.900319426336376,6.35645450616056,Closed,Open
148,4.9336549326379835,5.679429298773188,Closed,Open
149,4.966990438939591,5.855010688269016,Closed,Open
150,5.000325945241199,6.343344478217234,Closed,Open
151,5.033661451542807,8.623981504781806,Closed,Open
152,5.066996957844415,13.71002209634809,Closed,Open
153,5.100332464146024,7.709876177304743,Closed,Open
154,5.133667970447632,9.650523130125274,Closed,Open
155,5.167003476749239,12.96919426949878,Closed,Open
156,5.200338983050847,14.256520122844565,Closed,Open
157,5.233674489352455,9.839698782541443,Closed,Open
158,5.267009995654063,12.094521761830803,Closed,Open
159,5.300345501955671,10.175574071879566,Closed,Open
160,5.33368100825728,8.212560736223134,Closed,Open
161,5.3670165145588875,8.143716716046765,Closed,Open
162,5.400352020860495,14.94180128841815,Closed,Open
163,5.433687527162103,13.479399648205147,Closed,Open
164,5.467023033463711,19.807069445023917,Closed,Closed
165,5.500358539765319,3.93767775756841,Closed,Open
166,5.533694046066927,5.247901141629694,Closed,Open
167,5.567029552368536,4.708233047790226,Closed,Open
168,5.6003650586701434,5.5141096657035575,Closed,Open
169,5.633700564971751,5.454588716948876,Closed,Open
170,5.667036071273359,5.7946859102197905,Closed,Open
171,5.700371577574967,6.918690933172944,Closed,Open
172,5.733707083876575,9.207401538649362,Closed,Open
173,5.767042590178183,10.72924654938592,Closed,Open
174,5.8003780964797915,9.264751288532045,Closed,Open
175,5.833713602781399,7.973567443608775,Closed,Open
176,5.867049109083007,8.100278542843778,Closed,Open
177,5.900384615384615,10.853731775282714,Closed,Open
178,5.933720121686223,12.388437059656278,Closed,Open
179,5.967055627987831,13.20842534142507,Closed,Open
180,6.000391134289439,9.605585212118378,Closed,Open
181,6.0337266405910475,20.611409187128505,Closed,Closed
182,6.067062146892655,5.101838988242074,Closed,Open
183,6.100397653194263,4.760915895741088,Closed,Open
184,6.133733159495871,7.256992105978175,Closed,Open
185,6.167068665797479,5.411573671711919,Closed,Open
186,6.200404172099087,8.806800041017016,Closed,Open
187,6.2337396784006955,6.515581324793667,Closed,Open
188,6.267075184702303,11.147641522063076,Closed,Open
189,6.300410691003911,10.99320801252478,Closed,Open
190,6.333746197305519,17.65099692107198,Closed,Closed
191,6.367081703607127,15.214716668600344,Closed,Open
192,6.400417209908735,13.444919250725778,Closed,Open
193,6.433752716210343,15.277525250438233,Closed,Open
194,6.4670882225119515,8.63500714627901,Closed,Open
195,6.500423728813559,12.342407600655177,Closed,Open
196,6.533759235115167,8.304672242020244,Closed,Open
197,6.567094741416775,16.156720086713023,Closed,Closed
198,6.600430247718383,17.2451460338379,Closed,Closed
199,6.633765754019991,14.214400456152518,Closed,Open
200,6.667101260321599,10.977827214678229,Closed,Open
201,6.700436766623207,5.963815276461637,Closed,Open
202,6.733772272924815,4.881637534230572,Closed,Open
203,6.767107779226423,5.3737981918164195,Closed,Open
204,6.800443285528031,5.812381937190963,Closed,Open
205,6.833778791829639,5.878858359388844,Closed,Open
206,6.867114298131247,6.606110771327745,Closed,Open
207,6.900449804432855,8.65882483508891,Closed,Open
208,6.933785310734463,21.280341660238225,Closed,Closed
209,6.967120817036071,8.272484511922645,Closed,Open
210,7.000456323337679,9.848247965399125,Closed,Open
211,7.033791829639287,8.346836721652014,Closed,Open
212,7.067127335940895,8.972560911750252,Closed,Open
213,7.100462842242503,7.969613493076371,Closed,Open
214,7.1337983485441105,8.478451883537666,Closed,Open
215,7.167133854845719,12.65898890117216,Closed,Open
216,7.200469361147327,6.549240235348827,Closed,Open
217,7.233804867448935,6.022696295054281,Closed,Open
218,7.267140373750543,7.247150957961432,Closed,Open
219,7.300475880052151,3.4590461112855957,Closed,Open
220,7.333811386353759,4.27575737937914,Closed,Open
221,7.367146892655367,4.080965364465091,Closed,Open
222,7.400482398956975,5.14675053756158,Closed,Open
223,7.433817905258583,5.764272465862701,Closed,Open
224,7.467153411560191,5.75253995869054,Closed,Open
225,7.500488917861799,6.891956319775689,Closed,Open
226,7.533824424163407,5.853846250420904,Closed,Open
227,7.567159930465015,6.564401766983464,Closed,Open
228,7.600495436766623,10.520992118986936,Closed,Open
229,7.633830943068231,8.375657546978761,Closed,Open
230,7.667166449369839,10.152737467209423,Closed,Open
231,7.700501955671447,10.898306149263608,Closed,Open
232,7.733837461973055,13.023722468586907,Closed,Open
233,7.767172968274663,9.009843801007849,Closed,Open
234,7.8005084745762705,8.62445291707317,Closed,Open
235,7.833843980877879,13.893436803285809,Closed,Open
236,7.867179487179487,8.764177703059815,Closed,Open
237,7.900514993481095,15.31838413678099,Closed,Open
238,7.933850499782703,20.168520787832477,Closed,Closed
239,7.967186006084311,12.014682732226824,Closed,Open
240,8.00052151238592,5.685960786728381,Closed,Open
241,8.033857018687527,4.8559322611626285,Closed,Open
242,8.067192524989135,5.896481421210868,Closed,Open
243,8.100528031290743,5.778846055087041,Closed,Open
244,8.133863537592351,5.679824177257934,Closed,Open
245,8.167199043893959,6.520524624545969,Closed,Open
246,8.200534550195567,5.992588014465128,Closed,Open
247,8.233870056497175,6.824177652355984,Closed,Open
248,8.267205562798782,10.223726823616447,Closed,Open
249,8.30054106910039,9.72541946569832,Closed,Open
250,8.333876575401998,11.928034553050018,Closed,Open
251,8.367212081703606,8.669359081572635,Closed,Open
252,8.400547588005216,9.02986497897181,Closed,Open
253,8.433883094306823,8.298972877391043,Closed,Open
254,8.467218600608431,10.347408006791673,Closed,Open
255,8.50055410691004,7.68737177473562,Closed,Open
256,8.533889613211647,7.698321306843216,Closed,Open
257,8.567225119513255,7.18983739835226,Closed,Open
258,8.600560625814863,6.96475404879014,Closed,Open
259,8.63389613211647,8.58657567182377,Closed,Open
260,8.667231638418079,9.991727347391713,Closed,Open
261,8.700567144719686,4.881336172344907,Closed,Open
262,8.733902651021294,4.819520492515596,Closed,Open
263,8.767238157322902,5.107142857142857,Closed,Open
264,8.80057366362451,5.7159426169267995,Closed,Open
265,8.833909169926118,5.338658587155025,Closed,Open
266,8.867244676227727,5.794304487774301,Closed,Open
267,8.900580182529335,10.17765274435198,Closed,Open
268,8.933915688830943,7.061505849665839,Closed,Open
269,8.967251195132551,13.203983401419986,Closed,Open
270,9.000586701434159,12.39415363176476,Closed,Open
271,9.033922207735769,6.9831730525852596,Closed,Open
272,9.067257714037376,8.055848447859235,Closed,Open
273,9.100593220338984,12.668160911709156,Closed,Open
274,9.13392872664059,13.095021643232773,Closed,Open
275,9.167264232942198,14.821466259077257,Closed,Open
276,9.200599739243806,9.274116171864078,Closed,Open
277,9.233935245545414,22.65950407665622,Closed,Closed
278,9.267270751847022,35.66791275081849,Closed,Closed
279,9.300606258148632,19.35917812764214,Closed,Closed
280,9.33394176445024,20.80617838103695,Closed,Closed
281,9.367277270751847,21.26210062709993,Closed,Closed
282,9.400612777053457,10.225007640583945,Closed,Open
283,9.433948283355065,7.093579345050586,Closed,Open
284,9.46728378965667,5.998645834384714,Closed,Open
285,9.50061929595828,5.696405874043001,Closed,Open
286,9.533954802259888,7.203236863743461,Closed,Open
287,9.567290308561494,7.245300685442385,Closed,Open
288,9.600625814863102,9.68112930942885,Closed,Open
289,9.63396132116471,10.445247859528038,Closed,Open
290,9.667296827466318,8.436271589806738,Closed,Open
291,9.700632333767926,13.428219285174478,Closed,Open
292,9.733967840069534,10.069646967756547,Closed,Open
293,9.767303346371143,11.715707938490102,Closed,Open
294,9.800638852672751,10.413962611991202,Closed,Open
295,9.83397435897436,14.183914549681363,Closed,Open
296,9.867309865275969,13.061743262514296,Closed,Open
297,9.900645371577577,12.218201358810736,Closed,Open
298,9.933980877879184,8.891535634556837,Closed,Open
299,9.96731638418079,12.573640948448768,Closed,Open
300,10.000651890482398,11.517217034058488,Closed,Open
301,10.033987396784006,19.676654484625104,Closed,Closed
302,10.067322903085614,11.919569712534916,Closed,Open
303,10.100658409387222,6.684066769731629,Closed,Open
304,10.13399391568883,4.493522351036662,Closed,Open
305,10.167329421990438,4.388899523159564,Closed,Open
306,10.200664928292047,4.31904253745746,Closed,Open
307,10.234000434593655,6.794689135899797,Closed,Open
308,10.267335940895263,7.241383964640738,Closed,Open
309,10.300671447196873,5.992833373434159,Closed,Open
310,10.33400695349848,6.714784291078141,Closed,Open
311,10.367342459800089,7.677980782008306,Closed,Open
312,10.400677966101696,11.879583899222943,Closed,Open
313,10.434013472403302,11.750983070060157,Closed,Open
314,10.46734897870491,14.33295245270704,Closed,Open
315,10.500684485006518,44.88813255688462,Closed,Closed
316,10.534019991308126,16.581676634164594,Closed,Closed
317,10.567355497609734,34.41431137748083,Closed,Closed
318,10.600691003911342,20.432960684955592,Closed,Closed
319,10.63402651021295,15.076128653351754,Closed,Open
320,10.66736201651456,10.553046100862083,Closed,Open
321,10.700697522816167,16.24462988190251,Closed,Closed
322,10.734033029117777,14.63680672520858,Closed,Open
323,10.767368535419385,11.848103266785284,Closed,Open
324,10.80070404172099,10.417270815813517,Closed,Open
325,10.8340395480226,14.172581591422125,Closed,Open
326,10.867375054324206,5.745156332285579,Closed,Open
327,10.900710560625814,6.807114333956464,Closed,Open
328,10.934046066927422,8.025054283888153,Closed,Open
329,10.96738157322903,7.929048246427991,Closed,Open
330,11.000717079530638,5.808335794862617,Closed,Open
331,11.034052585832246,7.0009767328334425,Closed,Open
332,11.067388092133854,8.398860957571296,Closed,Open
333,11.100723598435462,17.959623518411433,Closed,Closed
334,11.134059104737071,10.274435477934729,Closed,Open
335,11.16739461103868,12.61177103181595,Closed,Open
336,11.200730117340289,15.676250431343806,Closed,Open
337,11.234065623641897,15.263673533253051,Closed,Open
338,11.267401129943504,9.11946207452382,Closed,Open
339,11.30073663624511,10.894077925742042,Closed,Open
340,11.334072142546718,10.725619353018107,Closed,Open
341,11.367407648848326,13.376889641115689,Closed,Open
342,11.400743155149934,11.40757394728747,Closed,Open
343,11.434078661451542,17.54892321147804,Closed,Closed
344,11.46741416775315,30.211324663626296,Closed,Closed
345,11.500749674054758,13.744967731174729,Closed,Open
346,11.534085180356366,6.392065829165711,Closed,Open
347,11.567420686657975,4.464108281447423,Closed,Open
348,11.600756192959585,4.4294676301152185,Closed,Open
349,11.634091699261193,3.997652372305016,Closed,Open
350,11.6674272055628,5.399482546013634,Closed,Open
351,11.700762711864408,5.541032907796089,Closed,Open
352,11.734098218166016,7.795440262672075,Closed,Open
353,11.767433724467622,9.41991542583235,Closed,Open
354,11.80076923076923,17.25531517067551,Closed,Closed
355,11.834104737070838,8.661920455613838,Closed,Open
356,11.867440243372446,8.812165849462009,Closed,Open
357,11.900775749674054,9.711214769929269,Closed,Open
358,11.934111255975662,16.107933363451046,Closed,Closed
359,11.96744676227727,11.872902423830997,Closed,Open
360,12.000782268578876,12.779128391599311,Closed,Open
361,12.034117774880489,9.486182283773998,Closed,Open
362,12.067453281182097,11.44951398786759,Closed,Open
363,12.100788787483705,8.183981678237414,Closed,Open
364,12.13412429378531,5.009938309528868,Closed,Open
365,12.16745980008692,5.1261911384505785,Closed,Open
366,12.200795306388526,5.608393854986743,Closed,Open
367,12.234130812690134,4.72306003956535,Closed,Open
368,12.267466318991742,5.550944180779502,Closed,Open
369,12.30080182529335,6.1734501282902166,Closed,Open
370,12.334137331594958,7.021943627493197,Closed,Open
371,12.367472837896566,8.495615384963635,Closed,Open
372,12.400808344198174,9.035852733161638,Closed,Open
373,12.43414385049978,14.97351829063564,Closed,Open
374,12.467479356801393,9.226060497725578,Closed,Open
375,12.500814863103,11.731264556448515,Closed,Open
376,12.534150369404609,11.589780362438171,Closed,Open
377,12.567485875706216,11.199812394204184,Closed,Open
378,12.600821382007824,7.914113767271196,Closed,Open
379,12.63415688830943,13.396651457370616,Closed,Open
380,12.667492394611038,9.768045141293774,Closed,Open
381,12.700827900912646,17.222238663633597,Closed,Closed
382,12.734163407214254,10.26109654905744,Closed,Open
383,12.767498913515862,20.675717499464124,Closed,Closed
384,12.80083441981747,11.168335028869484,Closed,Open
385,12.834169926119078,6.350807714038401,Closed,Open
386,12.867505432420684,4.315496240912045,Closed,Open
387,12.900840938722292,4.243786944046454,Closed,Open
388,12.934176445023905,3.17316689971643,Closed,Open
389,12.96751195132551,3.817802677450816,Closed,Open
390,13.00084745762712,4.59201744376278,Closed,Open
391,13.034182963928728,5.323504472015999,Closed,Open
392,13.067518470230334,4.764486642165557,Closed,Open
393,13.100853976531942,6.87055331208913,Closed,Open
394,13.13418948283355,10.425560305916786,Closed,Open
395,13.167524989135158,11.24540546040344,Closed,Open
396,13.200860495436766,12.412704026074982,Closed,Open
397,13.234196001738374,7.817628279041078,Closed,Open
398,13.267531508039982,11.430496489654333,Closed,Open
399,13.30086701434159,18.48783383741859,Closed,Closed
400,13.334202520643196,16.443145963602216,Closed,Closed
401,13.367538026944809,15.909838177042287,Closed,Closed
402,13.400873533246417,10.441627565034894,Closed,Open
403,13.434209039548024,9.167542506933817,Closed,Open
404,13.46754454584963,15.846859336148352,Closed,Closed
405,13.500880052151238,41.39124658810903,Closed,Closed
406,13.534215558452846,38.58756276314948,Closed,Closed
407,13.567551064754454,27.92364105430611,Closed,Closed
408,13.600886571056062,14.757048885304904,Closed,Open
409,13.63422207735767,9.055385138137416,Closed,Open
410,13.667557583659278,5.0918315032720445,Closed,Open
411,13.700893089960886,3.509703342579951,Closed,Open
412,13.734228596262492,3.845858161711116,Closed,Open
413,13.7675641025641,4.303763067736173,Closed,Open
414,13.80089960886571,4.547204984463721,Closed,Open
415,13.83423511516732,6.826583859516503,Closed,Open
416,13.867570621468928,7.937064759531511,Closed,Open
417,13.900906127770536,10.579661869975752,Closed,Open
418,13.934241634072142,13.38470495742755,Closed,Open
419,13.96757714037375,8.327722470067165,Closed,Open
420,14.000912646675358,10.448939078626712,Closed,Open
421,14.034248152976966,16.564298958905567,Closed,Closed
422,14.067583659278574,15.722251403319728,Closed,Open
423,14.100919165580182,17.046945786730763,Closed,Closed
424,14.13425467188179,17.643253772185126,Closed,Closed
425,14.167590178183396,18.72415710802333,Closed,Closed
426,14.200925684485004,36.102951083298954,Closed,Closed
427,14.234261190786611,17.59415969705699,Closed,Closed
428,14.26759669708822,14.134045487052369,Closed,Open
429,14.30093220338983,11.709445380166864,Closed,Open
430,14.33426770969144,33.664635633074845,Closed,Closed
431,14.367603215993046,7.959059832446219,Closed,Open
432,14.400938722294654,7.407040798703971,Closed,Open
433,14.434274228596262,7.193317748071406,Closed,Open
434,14.46760973489787,6.043045589766803,Closed,Open
435,14.500945241199478,4.472570966522907,Closed,Open
436,14.534280747501086,4.342978633914074,Closed,Open
437,14.567616253802694,5.010448267045045,Closed,Open
438,14.600951760104302,5.516860152112033,Closed,Open
439,14.63428726640591,5.577246474151782,Closed,Open
440,14.667622772707515,6.480054869452195,Closed,Open
441,14.700958279009123,5.863506686267056,Closed,Open
442,14.734293785310737,7.360678237838072,Closed,Open
443,14.767629291612344,7.954906849638489,Closed,Open
444,14.80096479791395,8.794923816128646,Closed,Open
445,14.834300304215558,13.336247273107972,Closed,Open
446,14.867635810517166,8.972560911750252,Closed,Open
447,14.900971316818774,5.8366319216950036,Closed,Open
448,14.934306823120382,6.855380927037114,Closed,Open
449,14.96764232942199,4.67501542572527,Closed,Open
450,15.000977835723598,5.184125696360843,Closed,Open
451,15.034313342025206,5.670317451430739,Closed,Open
452,15.067648848326812,6.923266853994863,Closed,Open
453,15.10098435462842,9.611691598496876,Closed,Open
454,15.13431986093003,13.475947316213588,Closed,Open
455,15.167655367231635,18.250547230886095,Closed,Closed
456,15.200990873533248,14.51498989000162,Closed,Open
457,15.234326379834854,9.032801998070118,Closed,Open
458,15.267661886136462,11.288183065625615,Closed,Open
459,15.30099739243807,11.666190466471903,Closed,Open
460,15.334332898739678,17.93008100589757,Closed,Closed
461,15.367668405041286,22.433575419946973,Closed,Closed
462,15.401003911342894,14.40111106824748,Closed,Open
463,15.434339417644502,11.806777714516352,Closed,Open
464,15.46767492394611,9.628449057350826,Closed,Open
465,15.501010430247716,5.081499867527903,Closed,Open
466,15.534345936549323,4.244370259423954,Closed,Open
467,15.567681442850931,4.895936039400128,Closed,Open
468,15.60101694915254,3.949950248953249,Closed,Open
469,15.63435245545415,5.244348852639278,Closed,Open
470,15.66768796175576,6.919802263528679,Closed,Open
471,15.701023468057366,8.37156358890482,Closed,Open
472,15.734358974358974,6.381222453417527,Closed,Open
473,15.767694480660582,6.371084919849563,Closed,Open
474,15.80102998696219,7.733846568119386,Closed,Open
475,15.834365493263798,12.00872190157644,Closed,Open
476,15.867700999565406,9.98306492846028,Closed,Open
477,15.901036505867014,16.870960563786152,Closed,Closed
478,15.93437201216862,11.02484330098713,Closed,Open
479,15.96770751847023,16.945676832241084,Closed,Closed
480,16.00104302477184,13.03689664595464,Closed,Open
481,16.034378531073447,19.33520105920805,Closed,Closed
482,16.067714037375055,39.48193928129373,Closed,Closed
483,16.101049543676663,27.76476819534383,Closed,Closed
484,16.13438504997827,20.708985222977905,Closed,Closed
485,16.16772055627988,13.11333136390061,Closed,Open
486,16.201056062581486,11.139569111954014,Closed,Open
487,16.234391568883094,9.826906603057443,Closed,Open
488,16.267727075184702,5.251091743346465,Closed,Open
489,16.30106258148631,4.047822345966746,Closed,Open
490,16.334398087787918,4.447078510270229,Closed,Open
491,16.367733594089525,5.0331739724240006,Closed,Open
492,16.401069100391133,5.813776741499453,Closed,Open
493,16.43440460669274,7.86540624409289,Closed,Open
494,16.46774011299435,6.893940462053587,Closed,Open
495,16.501075619295957,6.660330322138686,Closed,Open
496,16.534411125597565,7.085624198864905,Closed,Open
497,16.567746631899173,7.703590016693461,Closed,Open
498,16.60108213820078,11.580725691733218,Closed,Open
499,16.63441764450239,11.103086214649188,Closed,Open
500,16.667753150803996,13.102597024273008,Closed,Open
501,16.701088657105604,8.908860110111647,Closed,Open
502,16.734424163407212,8.094360014673876,Closed,Open
503,16.767759669708823,10.285434552532346,Closed,Open
504,16.80109517601043,10.826166558525744,Closed,Open
505,16.83443068231204,14.460804433532209,Closed,Open
506,16.867766188613647,9.718349074036814,Closed,Open
507,16.901101694915255,7.986529500687175,Closed,Open
508,16.934437201216863,12.432011635081338,Closed,Open
509,16.96777270751847,7.105462919879685,Closed,Open
510,17.00110821382008,5.070862993449456,Closed,Open
511,17.034443720121686,5.183895302887209,Closed,Open
512,17.067779226423294,5.7390234824876245,Closed,Open
513,17.101114732724902,5.085826987564905,Closed,Open
514,17.13445023902651,4.629491885936428,Closed,Open
515,17.167785745328118,5.9267541786664,Closed,Open
516,17.201121251629726,7.317152723696592,Closed,Open
517,17.234456757931333,6.651044861417856,Closed,Open
518,17.26779226423294,6.649751875070227,Closed,Open
519,17.30112777053455,7.658223892960234,Closed,Open
520,17.334463276836157,8.855297261682422,Closed,Open
521,17.367798783137765,9.651460248662213,Closed,Open
522,17.401134289439373,15.260911664661498,Closed,Open
523,17.43446979574098,10.354243857165937,Closed,Open
524,17.46780530204259,12.319292076452982,Closed,Open
525,17.501140808344196,8.352526915990929,Closed,Open
526,17.534476314645804,9.885834801863206,Closed,Open
527,17.567811820947412,17.9970617259938,Closed,Closed
528,17.60114732724902,9.62915303831516,Closed,Open
529,17.634482833550628,21.15940897651194,Closed,Closed
530,17.667818339852236,15.32222215617822,Closed,Open
531,17.701153846153847,14.604344738669436,Closed,Open
532,17.734489352455455,8.882761297922062,Closed,Open
533,17.767824858757063,5.29691654085321,Closed,Open
534,17.80116036505867,4.880366791768582,Closed,Open
535,17.83449587136028,4.415162345439335,Closed,Open
536,17.867831377661886,5.468965993777607,Closed,Open
537,17.901166883963494,4.34957866319791,Closed,Open
538,17.934502390265102,3.964078114541256,Closed,Open
539,17.96783789656671,4.0497977812435915,Closed,Open
540,18.001173402868318,5.292900235164865,Closed,Open
541,18.03450890916993,6.733966993935287,Closed,Open
542,18.067844415471537,6.5601738875777835,Closed,Open
543,18.10117992177314,7.975443079082963,Closed,Open
544,18.13451542807475,10.30494915452589,Closed,Open
545,18.167850934376357,9.164894659386274,Closed,Open
546,18.201186440677965,11.886253357047568,Closed,Open
547,18.234521946979573,16.93062768612416,Closed,Closed
548,18.26785745328118,9.709983716968006,Closed,Open
549,18.30119295958279,18.683926485374833,Closed,Closed
550,18.334528465884397,16.13643750598673,Closed,Closed
551,18.367863972186004,14.034621057773313,Closed,Open
552,18.401199478487612,16.27051038525594,Closed,Closed
553,18.43453498478922,24.85196169319436,Closed,Closed
554,18.467870491090828,18.933940890555743,Closed,Closed
555,18.501205997392436,23.34818903115363,Closed,Closed
556,18.534541503694044,21.147467569791537,Closed,Closed
557,18.56787700999565,20.406034646643135,Closed,Closed
558,18.601212516297263,13.763648372758064,Closed,Open
559,18.63454802259887,6.684803507818636,Closed,Open
560,18.66788352890048,4.565303477535293,Closed,Open
561,18.701219035202087,4.5680802874898525,Closed,Open
562,18.734554541503694,4.719686692766387,Closed,Open
563,18.767890047805302,5.616042743982316,Closed,Open
564,18.80122555410691,6.027234550423869,Closed,Open
565,18.83456106040852,5.587289881434297,Closed,Open
566,18.86789656671013,6.953938808852503,Closed,Open
567,18.901232073011737,7.449722546046389,Closed,Open
568,18.93456757931334,9.620637975881449,Closed,Open
569,18.96790308561495,13.384375571313075,Closed,Open
570,19.001238591916557,54.42637935074103,Closed,Closed
571,19.034574098218165,46.07481838150736,Closed,Closed
572,19.067909604519773,22.79383301530069,Closed,Closed
573,19.10124511082138,15.204273565038314,Closed,Open
574,19.13458061712299,21.54606406544659,Closed,Closed
575,19.167916123424597,14.405294165687836,Closed,Open
576,19.201251629726205,31.400636936215164,Closed,Closed
577,19.234587136027812,13.41640786499874,Closed,Open
578,19.26792264232942,14.07031826964658,Closed,Open
579,19.301258148631028,14.306018389550676,Closed,Open
580,19.334593654932636,18.19663834500272,Closed,Closed
581,19.367929161234244,8.948022915368496,Closed,Open
582,19.40126466753585,6.558688393468847,Closed,Open
583,19.43460017383746,6.223631053467184,Closed,Open
584,19.467935680139068,6.870727512550919,Closed,Open
585,19.50127118644068,6.828700281970472,Closed,Open
586,19.534606692742287,12.098217385438462,Closed,Open
587,19.567942199043895,6.6939265193349895,Closed,Open
588,19.601277705345503,10.514562121054324,Closed,Open
589,19.63461321164711,6.460753011822134,Closed,Open
590,19.66794871794872,8.563221772398967,Closed,Open
591,19.70128422425033,11.202467720054717,Closed,Open
592,19.734619730551938,7.847702419204864,Closed,Open
593,19.767955236853545,11.074381309914331,Closed,Open
594,19.80129074315515,8.671620810511536,Closed,Open
595,19.83462624945676,8.194578153334746,Closed,Open
596,19.867961755758365,11.080097425201869,Closed,Open
597,19.901297262059973,7.205082063874762,Closed,Open
598,19.93463276836158,6.74422830163803,Closed,Open
599,19.96796827466319,7.68200033212995,Closed,Open
600,20.001303780964797,12.804631188818238,Closed,Open
601,20.034639287266405,9.229269297442016,Closed,Open
602,20.067974793568013,9.202966619226356,Closed,Open
603,20.10131029986962,16.786951007789682,Closed,Closed
604,20.13464580617123,24.071731883312193,Closed,Closed
605,20.167981312472836,25.394992820974732,Closed,Closed
606,20.201316818774444,15.68267049472614,Closed,Open
607,20.234652325076052,26.68541007950058,Closed,Closed
608,20.26798783137766,43.17542874203826,Closed,Closed
609,20.301323337679268,23.032084644619623,Closed,Closed
610,20.334658843980876,13.574883301428374,Closed,Open
611,20.367994350282483,24.120745113440965,Closed,Closed
612,20.401329856584095,23.622388562110107,Closed,Closed
613,20.434665362885703,35.83079895629113,Closed,Closed
614,20.46800086918731,18.278646309042944,Closed,Closed
615,20.50133637548892,19.75169389608663,Closed,Closed
616,20.534671881790526,10.225611958789584,Closed,Open
617,20.568007388092138,18.13862220193738,Closed,Closed
618,20.601342894393746,19.66917749195112,Closed,Closed
619,20.63467840069535,17.317594595347455,Closed,Closed
620,20.66801390699696,12.939281278339998,Closed,Open
621,20.70134941329857,25.545372139310267,Closed,Closed
622,20.734684919600173,13.74615425334507,Closed,Open
623,20.76802042590178,19.687841707792938,Closed,Closed
624,20.80135593220339,11.089322653935042,Closed,Open
625,20.834691438504997,9.298606798751631,Closed,Open
626,20.868026944806605,11.949502010150812,Closed,Open
627,20.901362451108213,20.558757258161297,Closed,Closed
628,20.93469795740982,21.405414754727783,Closed,Closed
629,20.96803346371143,17.65099692107198,Closed,Closed
630,21.001368970013036,13.48428131924832,Closed,Open
631,21.034704476314644,11.738415268386976,Closed,Open
632,21.068039982616252,9.95459490544661,Closed,Open
633,21.10137548891786,10.635571663779274,Closed,Open
634,21.134710995219468,10.483590051950642,Closed,Open
635,21.168046501521076,9.773292248741482,Closed,Open
636,21.201382007822684,7.146159177339132,Closed,Open
637,21.23471751412429,5.4083269131959835,Closed,Open
638,21.2680530204259,4.746345734766382,Closed,Open
639,21.30138852672751,4.202173835914576,Closed,Open
640,21.33472403302912,3.665543192563924,Closed,Open
641,21.368059539330726,3.1483324734241265,Closed,Open
642,21.401395045632334,3.005711765277318,Closed,Open
643,21.434730551933946,2.668211163211346,Closed,Open
644,21.46806605823555,3.20265197850648,Closed,Open
645,21.50140156453716,3.93415314592731,Closed,Open
646,21.53473707083877,7.109672654593489,Closed,Open
647,21.568072577140377,13.478310905483106,Closed,Open
648,21.60140808344198,23.138712150852307,Closed,Closed
649,21.63474358974359,22.262560985242057,Closed,Closed
650,21.668079096045197,28.649692459933675,Closed,Closed
651,21.701414602346805,19.408095148761273,Closed,Closed
652,21.734750108648413,13.64909347938495,Closed,Open
653,21.76808561495002,28.578091557575547,Closed,Closed
654,21.80142112125163,34.296878313761525,Closed,Closed
655,21.834756627553237,16.260381299342278,Closed,Closed
656,21.868092133854844,17.612808100195487,Closed,Closed
657,21.901427640156452,15.37012933948211,Closed,Open
658,21.93476314645806,22.450286960646732,Closed,Closed
659,21.968098652759668,14.861750287958063,Closed,Open
660,22.001434159061276,17.261005407921864,Closed,Closed
661,22.034769665362884,40.65095324835569,Closed,Closed
662,22.06810517166449,17.222238663633597,Closed,Closed
663,22.1014406779661,26.79013085281801,Closed,Closed
664,22.134776184267707,21.172481493739458,Closed,Closed
665,22.168111690569315,12.496399481450643,Closed,Open
666,22.201447196870923,12.22624766948027,Closed,Open
667,22.234782703172534,22.649827943769303,Closed,Closed
668,22.268118209474142,13.239581445571933,Closed,Open
669,22.30145371577575,9.86803165684463,Closed,Open
670,22.33478922207736,21.563176673099303,Closed,Closed
671,22.36812472837897,13.594669135427097,Closed,Open
672,22.401460234680577,11.01642130918832,Closed,Open
673,22.43479574098218,17.452951171282063,Closed,Closed
674,22.46813124728379,8.480697036342132,Closed,Open
675,22.501466753585397,11.832340153337103,Closed,Open
676,22.534802259887005,16.12761606685873,Closed,Closed
677,22.568137766188613,32.389177567968765,Closed,Closed
678,22.60147327249022,14.697383164884316,Closed,Open
679,22.63480877879183,11.749788173575464,Closed,Open
680,22.668144285093437,13.130308450299252,Closed,Open
681,22.701479791395045,15.188017055197347,Closed,Open
682,22.734815297696652,10.684427761327733,Closed,Open
683,22.76815080399826,11.351280214143248,Closed,Open
684,22.801486310299868,13.277424449041312,Closed,Open
685,22.834821816601476,19.966129856920563,Closed,Closed
686,22.868157322903084,30.841355177572684,Closed,Closed
687,22.90149282920469,17.957320137889546,Closed,Closed
688,22.9348283355063,14.342595970451011,Closed,Open
689,22.968163841807907,16.53337409654767,Closed,Closed
690,23.001499348109515,17.476852318780892,Closed,Closed
691,23.034834854411123,25.35818873360352,Closed,Closed
692,23.06817036071273,16.103988994608187,Closed,Closed
693,23.10150586701434,15.99324857557088,Closed,Closed
694,23.13484137331595,14.602578338007538,Closed,Open
695,23.16817687961756,8.69689341409792,Closed,Open
696,23.20151238591917,15.828163798456508,Closed,Closed
697,23.234847892220778,17.98316520441357,Closed,Closed
698,23.268183398522385,11.859806989747394,Closed,Open
699,23.30151890482399,11.601272328958364,Closed,Open
700,23.3348544111256,12.934234273572397,Closed,Open
701,23.368189917427205,14.834446764568291,Closed,Open
702,23.401525423728813,14.75864382548639,Closed,Open
703,23.43486093003042,15.963207697702869,Closed,Closed
704,23.46819643633203,24.789300796155263,Closed,Closed
705,23.501531942633637,13.233427201810496,Closed,Open
706,23.534867448935245,23.71708245126284,Closed,Closed
707,23.568202955236853,18.392329318979087,Closed,Closed
708,23.60153846153846,12.460278351038788,Closed,Open
709,23.63487396784007,15.894374713746489,Closed,Closed
710,23.668209474141676,22.37777258536589,Closed,Closed
711,23.701544980443284,13.569133623162426,Closed,Open
712,23.734880486744892,15.888108760957047,Closed,Closed
713,23.7682159930465,15.606408939919524,Closed,Open
714,23.801551499348108,16.610210190386134,Closed,Closed
715,23.834887005649716,12.701574705523718,Closed,Open
716,23.868222511951323,18.925550734079977,Closed,Closed
717,23.90155801825293,16.200521490116426,Closed,Closed
718,23.93489352455454,10.105184515799833,Closed,Open
719,23.968229030856147,13.347132499003145,Closed,Open
720,24.001564537157755,6.558662851081811,Closed,Open
721,24.034900043459366,4.2590177589037035,Closed,Open
722,24.068235549760978,2.938953698237179,Closed,Open
723,24.101571056062586,2.3439669439825206,Closed,Open
724,24.13490656236419,1.781224765313166,Closed,Open
725,24.1682420686658,1.7823061983327628,Closed,Open
726,24.20157757496741,4.2763147217632875,Closed,Open
727,24.234913081269013,2.7560179294600538,Closed,Open
728,24.26824858757062,3.0899197457715553,Closed,Open
729,24.30158409387223,3.581718286291224,Closed,Open
730,24.334919600173837,4.42300957478391,Closed,Open
731,24.368255106475445,6.331835509661414,Closed,Open
732,24.401590612777053,6.358955714626425,Closed,Open
733,24.43492611907866,12.104530170767548,Closed,Open
734,24.46826162538027,14.750726816189072,Closed,Open
735,24.501597131681876,10.9671225842414,Closed,Open
736,24.534932637983484,11.764393031356375,Closed,Open
737,24.568268144285092,7.916817542421956,Closed,Open
738,24.6016036505867,8.94427190999916,Closed,Open
739,24.634939156888308,14.52640332094022,Closed,Open
740,24.668274663189916,7.786043405357586,Closed,Open
741,24.701610169491524,7.527476066225771,Closed,Open
742,24.73494567579313,6.279828151369929,Closed,Open
743,24.76828118209474,7.203213282171204,Closed,Open
744,24.801616688396347,12.33956501927296,Closed,Open
745,24.834952194697955,5.616578438940222,Closed,Open
746,24.868287700999563,5.63954292868176,Closed,Open
747,24.90162320730117,6.16657018834133,Closed,Open
748,24.934958713602786,7.714686866141941,Closed,Open
749,24.96829421990439,9.655300731451357,Closed,Open
750,25.001629726206,8.406150506422883,Closed,Open
751,25.03496523250761,20.266714731978578,Closed,Closed
752,25.068300738809217,21.7386575199397,Closed,Closed
753,25.10163624511082,25.61249694973139,Closed,Closed
754,25.13497175141243,11.215955838431686,Closed,Open
755,25.168307257714037,8.791188770581599,Closed,Open
756,25.201642764015645,12.092258160640666,Closed,Open
757,25.234978270317253,11.83459006995569,Closed,Open
758,25.26831377661886,34.76127376616331,Closed,Closed
759,25.30164928292047,13.401492454200762,Closed,Open
760,25.334984789222077,22.10139584083339,Closed,Closed
761,25.368320295523684,7.803757437093128,Closed,Open
762,25.401655801825292,5.472524957619171,Closed,Open
763,25.4349913081269,4.55629167354692,Closed,Open
764,25.468326814428508,4.993015426141328,Closed,Open
765,25.501662320730116,4.102640124685651,Closed,Open
766,25.534997827031724,4.642134397527271,Closed,Open
767,25.56833333333333,4.680818216038477,Closed,Open
768,25.60166883963494,5.6366708989907695,Closed,Open
769,25.635004345936547,7.622556709301469,Closed,Open
770,25.668339852238155,12.94764914944446,Closed,Open
771,25.701675358539763,30.75902545690977,Closed,Closed
772,25.73501086484137,11.842069725542718,Closed,Open
773,25.76834637114298,15.263673533253051,Closed,Open
774,25.801681877444587,19.241159586215748,Closed,Closed
775,25.8350173837462,22.16719683190943,Closed,Closed
776,25.86835289004781,22.517343742785677,Closed,Closed
777,25.901688396349417,32.94352534366906,Closed,Closed
778,25.93502390265102,27.75833208245769,Closed,Closed
779,25.96835940895263,47.88527957525152,Closed,Closed
780,26.001694915254237,17.188155581902684,Closed,Closed
781,26.035030421555845,15.153877391611694,Closed,Open
782,26.068365927857453,28.29382513094581,Closed,Closed
783,26.10170143415906,18.12288675653644,Closed,Closed
784,26.13503694046067,5.319845996015279,Closed,Open
785,26.168372446762277,6.70713468909824,Closed,Open
786,26.201707953063885,5.872268346098991,Closed,Open
787,26.235043459365492,6.28602189739736,Closed,Open
788,26.2683789656671,6.01550702653773,Closed,Open
789,26.301714471968708,4.737578258822005,Closed,Open
790,26.335049978270316,9.26503323474022,Closed,Open
791,26.368385484571924,7.607676130797834,Closed,Open
792,26.40172099087353,9.39305202976728,Closed,Open
793,26.43505649717514,8.614805629441552,Closed,Open
794,26.468392003476747,10.198337980326777,Closed,Open
795,26.501727509778355,8.47260691129378,Closed,Open
796,26.535063016079963,24.028285219008826,Closed,Closed
797,26.56839852238157,8.012459126066279,Closed,Open
798,26.60173402868318,22.90752533516294,Closed,Closed
799,26.635069534984787,14.756693396557376,Closed,Open
800,26.668405041286395,9.800510190801294,Closed,Open
801,26.701740547588003,9.11750548395777,Closed,Open
802,26.735076053889617,4.578877384535836,Closed,Open
803,26.768411560191225,4.069200678337693,Closed,Open
804,26.80174706649283,4.2058795842157775,Closed,Open
805,26.83508257279444,5.052115842733994,Closed,Open
806,26.868418079096045,11.58580032758934,Closed,Open
807,26.901753585397653,6.0215366900475695,Closed,Open
808,26.93508909169926,10.569838055053973,Closed,Open
809,26.96842459800087,15.420765220960988,Closed,Open
810,27.001760104302477,7.85483546663915,Closed,Open
811,27.035095610604085,9.084760856433928,Closed,Open
812,27.068431116905693,26.570660511172843,Closed,Closed
813,27.1017666232073,20.187179650021005,Closed,Closed
814,27.13510212950891,52.49249030539072,Closed,Closed
815,27.168437635810516,20.08295297011871,Closed,Closed
816,27.201773142112124,27.642811000330628,Closed,Closed
817,27.235108648413732,26.03891318776573,Closed,Closed
818,27.26844415471534,11.50191799862348,Closed,Open
819,27.301779661016948,8.92096730111419,Closed,Open
820,27.335115167318556,5.279487920312909,Closed,Open
821,27.368450673620163,5.650437575529233,Closed,Open
822,27.40178617992177,4.373103984761678,Closed,Open
823,27.43512168622338,5.305419107866253,Closed,Open
824,27.468457192524987,6.319323235430052,Closed,Open
825,27.501792698826595,7.87266448884024,Closed,Open
826,27.535128205128203,14.732727325172004,Closed,Open
827,27.56846371142981,10.486799939589435,Closed,Open
828,27.60179921773142,10.31726446040548,Closed,Open
829,27.635134724033023,6.140410899744342,Closed,Open
830,27.66847023033464,12.089054066210789,Closed,Open
831,27.70180573663625,20.41353717511985,Closed,Closed
832,27.735141242937853,13.074134376344832,Closed,Open
833,27.76847674923946,26.461200311989245,Closed,Closed
834,27.80181225554107,22.190174540860337,Closed,Closed
835,27.835147761842677,26.420246247238232,Closed,Closed
836,27.868483268144285,14.4945418388877,Closed,Open
837,27.901818774445893,21.54460051429951,Closed,Closed
838,27.9351542807475,14.008925726121902,Closed,Open
839,27.96848978704911,5.835933486437252,Closed,Open
840,28.001825293350716,5.481156531524795,Closed,Open
841,28.035160799652324,4.951354877138518,Closed,Open
842,28.068496305953932,8.768327186176144,Closed,Open
843,28.10183181225554,7.675110916866733,Closed,Open
844,28.135167318557148,7.765819884436456,Closed,Open
845,28.168502824858756,16.18368822938339,Closed,Closed
846,28.201838331160364,17.69180601295413,Closed,Closed
847,28.23517383746197,17.63761520403113,Closed,Closed
848,28.26850934376358,18.023046043309247,Closed,Closed
849,28.301844850065187,14.035036463105826,Closed,Open
850,28.335180356366795,14.230688669210636,Closed,Open
851,28.368515862668403,21.108006661110363,Closed,Closed
852,28.40185136897001,12.385106497086024,Closed,Open
853,28.43518687527162,24.570307283385773,Closed,Closed
854,28.468522381573223,15.074949365110845,Closed,Open
855,28.50185788787483,10.95789923094548,Closed,Open
856,28.53519339417644,6.039971026420573,Closed,Open
857,28.568528900478057,9.53403890792868,Closed,Open
858,28.60186440677966,7.901215949659019,Closed,Open
859,28.63519991308127,10.127177640510576,Closed,Open
860,28.668535419382877,8.656653848938927,Closed,Open
861,28.701870925684485,14.355759744361766,Closed,Open
862,28.735206431986093,27.785337860101684,Closed,Closed
863,28.7685419382877,12.204060238068978,Closed,Open
864,28.80187744458931,11.473902669879855,Closed,Open
865,28.835212950890917,10.070761314966958,Closed,Open
866,28.868548457192524,7.508738079130448,Closed,Open
867,28.901883963494132,5.242361389791481,Closed,Open
868,28.93521946979574,11.127334252531806,Closed,Open
869,28.968554976097348,4.107783003547179,Closed,Open
870,29.001890482398956,4.178289799263599,Closed,Open
871,29.035225988700564,4.933351510367204,Closed,Open
872,29.06856149500217,8.804844792998555,Closed,Open
873,29.10189700130378,7.501734339440948,Closed,Open
874,29.135232507605387,8.346927687122907,Closed,Open
875,29.168568013906995,6.576933248514387,Closed,Open
876,29.201903520208603,7.845231692688139,Closed,Open
877,29.23523902651021,10.457238935486089,Closed,Open
878,29.26857453281182,12.169177823044944,Closed,Open
879,29.301910039113427,8.00200446586342,Closed,Open
880,29.33524554541503,7.785084917315374,Closed,Open
881,29.36858105171664,8.346927687122907,Closed,Open
882,29.40191655801825,18.7180622303308,Closed,Closed
883,29.435252064319855,13.728775981158275,Closed,Open
884,29.46858757062147,14.586306269186604,Closed,Open
885,29.501923076923077,14.640765007334831,Closed,Open
886,29.535258583224685,12.006260409358989,Closed,Open
887,29.568594089526293,7.004653348976367,Closed,Open
888,29.6019295958279,4.389540925130363,Closed,Open
889,29.63526510212951,5.399264282707464,Closed,Open
890,29.668600608431117,5.011348068878834,Closed,Open
891,29.701936114732725,6.226513900868659,Closed,Open
892,29.735271621034332,8.212073741526456,Closed,Open
893,29.76860712733594,7.914113767271196,Closed,Open
894,29.801942633637548,6.8339667778118685,Closed,Open
895,29.835278139939156,8.420611243369898,Closed,Open
896,29.868613646240764,8.210178121903835,Closed,Open
897,29.90194915254237,8.245388125453314,Closed,Open
898,29.93528465884398,16.016577950073145,Closed,Closed
899,29.968620165145587,17.90111728356641,Closed,Closed
900,30.001955671447195,9.577055915050304,Closed,Open
901,30.035291177748803,12.081995666666169,Closed,Open
902,30.06862668405041,11.792370414806344,Closed,Open
903,30.10196219035202,15.981424861196182,Closed,Closed
904,30.135297696653627,9.202885604432767,Closed,Open
905,30.168633202955235,5.831965092402008,Closed,Open
906,30.201968709256843,8.069813111622206,Closed,Open
907,30.23530421555845,5.014113098671667,Closed,Open
908,30.26863972186006,6.875620503152481,Closed,Open
909,30.301975228161663,5.413823884381066,Closed,Open
910,30.33531073446327,5.78178364192391,Closed,Open
911,30.368646240764885,6.684090380910741,Closed,Open
912,30.401981747066493,6.496298716882576,Closed,Open
913,30.4353172533681,6.627183290027631,Closed,Open
914,30.46865275966971,6.863209863834596,Closed,Open
915,30.501988265971317,7.1160945231095445,Closed,Open
916,30.535323772272925,10.85306696284511,Closed,Open
917,30.568659278574533,9.498233433442474,Closed,Open
918,30.60199478487614,7.66674152556578,Closed,Open
919,30.63533029117775,5.833691169638815,Closed,Open
920,30.668665797479356,7.302172369334718,Closed,Open
921,30.702001303780964,7.294266220984961,Closed,Open
922,30.735336810082572,6.260126930757011,Closed,Open
923,30.76867231638418,7.57018443022971,Closed,Open
924,30.802007822685788,7.347704678669646,Closed,Open
925,30.835343328987395,6.49673357694552,Closed,Open
926,30.868678835289003,6.234083180664842,Closed,Open
927,30.90201434159061,10.926137826555092,Closed,Open
928,30.93534984789222,7.836343791824644,Closed,Open
929,30.968685354193827,8.089627505066701,Closed,Open
930,31.002020860495435,5.327423701843985,Closed,Open
931,31.035356366797043,30.405107930005677,Closed,Closed
932,31.06869187309865,6.7222278214494375,Closed,Open
933,31.10202737940026,11.879583899222943,Closed,Open
934,31.135362885701863,11.187431371394204,Closed,Open
935,31.16869839200347,8.580211990806717,Closed,Open
936,31.20203389830508,17.9336383540927,Closed,Closed
937,31.23536940460669,15.702061792183452,Closed,Open
938,31.2687049109083,12.304578613965482,Closed,Open
939,31.30204041720991,8.392061477518547,Closed,Open
940,31.335375923511517,8.479804860051184,Closed,Open
941,31.368711429813125,15.612274634596172,Closed,Open
942,31.402046936114733,13.510915127636872,Closed,Open
943,31.43538244241634,11.605398708696622,Closed,Open
944,31.46871794871795,12.290838290464688,Closed,Open
945,31.502053455019556,7.925668187365417,Closed,Open
946,31.535388961321164,7.2693919557237106,Closed,Open
947,31.568724467622772,5.603176620033864,Closed,Open
948,31.60205997392438,5.045673743853417,Closed,Open
949,31.635395480225988,5.8940550042448345,Closed,Open
950,31.668730986527596,5.919780031423292,Closed,Open
951,31.702066492829204,9.104136099468583,Closed,Open
952,31.73540199913081,6.6133889006830575,Closed,Open
953,31.76873750543242,12.262443531675135,Closed,Open
954,31.802073011734027,9.027454181887892,Closed,Open
955,31.835408518035635,8.326213018147577,Closed,Open
956,31.868744024337243,10.52363773699533,Closed,Open
957,31.90207953063885,11.832340153337103,Closed,Open
958,31.93541503694046,9.98306492846028,Closed,Open
959,31.968750543242063,15.572411502397436,Closed,Open
960,32.00208604954368,10.043299650407125,Closed,Open
961,32.03542155584528,15.467489881788936,Closed,Open
962,32.068757062146894,11.652983969706217,Closed,Open
963,32.1020925684485,9.248928744823868,Closed,Open
964,32.13542807475011,6.41143652257346,Closed,Open
965,32.168763581051714,3.590223653528139,Closed,Open
966,32.202099087353325,3.924190371655369,Closed,Open
967,32.23543459365493,4.690533679091353,Closed,Open
968,32.26877009995654,4.560059905468722,Closed,Open
969,32.302105606258145,7.58093584165531,Closed,Open
970,32.33544111255976,11.446103019643116,Closed,Open
971,32.36877661886136,7.983171956231346,Closed,Open
972,32.40211212516297,9.184500867209673,Closed,Open
973,32.43544763146458,7.74995256152464,Closed,Open
974,32.46878313776619,5.714940984709781,Closed,Open
975,32.50211864406779,7.188430246706488,Closed,Open
976,32.535454150369404,9.97063589982673,Closed,Open
977,32.56878965667101,20.9596952155658,Closed,Closed
978,32.60212516297262,12.672166942906877,Closed,Open
979,32.63546066927423,18.561039710155015,Closed,Closed
980,32.668796175575835,17.344265029448916,Closed,Closed
981,32.70213168187745,6.392695366905424,Closed,Open
982,32.73546718817905,6.212889826803626,Closed,Open
983,32.76880269448066,5.582349399821128,Closed,Open
984,32.80213820078227,3.762824041241227,Closed,Open
985,32.83547370708388,4.564562756784243,Closed,Open
986,32.86880921338548,3.8890183233450193,Closed,Open
987,32.902144719687094,4.018370441659703,Closed,Open
988,32.9354802259887,4.545939568082232,Closed,Open
989,32.96881573229031,3.989959034329047,Closed,Open
990,33.002151238591914,4.661944638308233,Closed,Open
991,33.035486744893525,6.674315340225615,Closed,Open
992,33.06882225119513,4.746330674031956,Closed,Open
993,33.10215775749674,6.52306271794333,Closed,Open
994,33.135493263798345,5.9048336607647,Closed,Open
995,33.16882877009996,6.036770953936869,Closed,Open
996,33.20216427640156,11.386386847787614,Closed,Open
997,33.23549978270317,9.575790338061068,Closed,Open
998,33.26883528900478,13.238202294873728,Closed,Open
999,33.30217079530639,14.420802251340056,Closed,Open
1000,33.33550630160799,6.375888534374975,Closed,Open
1001,33.368841807909604,16.47963932847725,Closed,Closed
1002,33.40217731421121,14.655821486640589,Closed,Open
1003,33.43551282051282,15.16047492659778,Closed,Open
1004,33.468848326814424,15.124005328949163,Closed,Open
1005,33.502183833116035,32.263935569944636,Closed,Closed
1006,33.53551933941765,31.4398081810551,Closed,Closed
1007,33.56885484571925,15.545528667062488,Closed,Open
1008,33.60219035202086,6.338925440212123,Closed,Open
1009,33.63552585832247,4.175981974172467,Closed,Open
1010,33.66886136462408,4.507925686839114,Closed,Open
1011,33.70219687092568,6.581855780549089,Closed,Open
1012,33.735532377227294,5.82141639885766,Closed,Open
1013,33.7688678835289,5.40385092452071,Closed,Open
1014,33.80220338983051,7.41410067971085,Closed,Open
1015,33.835538896132114,6.7650823992972215,Closed,Open
1016,33.868874402433725,7.403775015256359,Closed,Open
1017,33.90220990873533,10.713711147747874,Closed,Open
1018,33.93554541503694,12.039997444415778,Closed,Open
1019,33.968880921338545,9.572015037735817,Closed,Open
1020,34.00221642764016,18.591251044096403,Closed,Closed
1021,34.03555193394176,14.029696003199662,Closed,Open
1022,34.06888744024337,25.369718987592947,Closed,Closed
1023,34.10222294654498,17.338540884399706,Closed,Closed
1024,34.13555845284659,17.57614269625756,Closed,Closed
1025,34.16889395914819,15.700318468107584,Closed,Open
1026,34.202229465449804,12.438286966417827,Closed,Open
1027,34.23556497175141,6.85069890388551,Closed,Open
1028,34.26890047805302,5.979297617613628,Closed,Open
1029,34.302235984354624,5.085725914361636,Closed,Open
1030,34.335571490656235,4.519011331545225,Closed,Open
1031,34.36890699695784,3.395769426801531,Closed,Open
1032,34.40224250325945,3.874985187595126,Closed,Open
1033,34.43557800956106,4.304733639531844,Closed,Open
1034,34.46891351586267,4.85950572778419,Closed,Open
1035,34.50224902216428,5.37037037037037,Closed,Open
1036,34.53558452846588,6.731692950595446,Closed,Open
1037,34.568920034767494,9.661574445257132,Closed,Open
1038,34.6022555410691,6.84885426430785,Closed,Open
1039,34.63559104737071,15.796333053308114,Closed,Closed
1040,34.668926553672314,13.803920578960664,Closed,Open
1041,34.702262059973926,12.225390668242484,Closed,Open
1042,34.73559756627553,31.555185464987044,Closed,Closed
1043,34.76893307257714,12.40826601512812,Closed,Open
1044,34.802268578878746,24.40640108236164,Closed,Closed
1045,34.83560408518036,41.34005321718876,Closed,Closed
1046,34.86893959148196,13.656817730358387,Closed,Open
1047,34.90227509778357,9.083287536428518,Closed,Open
1048,34.93561060408518,25.272104092912773,Closed,Closed
1049,34.96894611038679,13.29196375928082,Closed,Open
1050,35.00228161668839,14.891766378853548,Closed,Open
1051,35.035617122990004,9.444730868398027,Closed,Open
1052,35.06895262929161,7.091148469542883,Closed,Open
1053,35.10228813559322,6.02655491652152,Closed,Open
1054,35.135623641894824,6.150332478441773,Closed,Open
1055,35.168959148196436,7.403737175577579,Closed,Open
1056,35.20229465449804,7.082541433863494,Closed,Open
1057,35.23563016079965,8.197907615843164,Closed,Open
1058,35.268965667101256,7.355676916911381,Closed,Open
1059,35.30230117340287,7.206471213082867,Closed,Open
1060,35.33563667970447,8.911556630811388,Closed,Open
1061,35.36897218600608,9.375788255149825,Closed,Open
1062,35.402307692307694,22.73687571416485,Closed,Closed
1063,35.4356431986093,18.561039710155015,Closed,Closed
1064,35.46897870491091,16.801991866831425,Closed,Closed
1065,35.502314211212514,8.546351470469146,Closed,Open
1066,35.535649717514126,4.61535084415412,Closed,Open
1067,35.56898522381573,4.283529368781194,Closed,Open
1068,35.60232073011734,4.289886027669599,Closed,Open
1069,35.635656236418946,4.491371037122567,Closed,Open
1070,35.66899174272056,4.074741172761774,Closed,Open
1071,35.70232724902216,4.760370013047584,Closed,Open
1072,35.73566275532377,6.129627806231408,Closed,Open
1073,35.76899826162538,5.6861660261052105,Closed,Open
1074,35.80233376792699,6.725830803700015,Closed,Open
1075,35.83566927422859,8.869934439523849,Closed,Open
1076,35.869004780530204,16.9729196074217,Closed,Closed
1077,35.90234028683181,31.524336373408143,Closed,Closed
1078,35.93567579313342,17.04699386988803,Closed,Closed
1079,35.969011299435024,61.818731429523496,Closed,Closed
1080,36.002346805736636,11.249038004697486,Closed,Open
1081,36.03568231203824,17.927911200137064,Closed,Closed
1082,36.06901781833985,22.035482749420307,Closed,Closed
1083,36.102353324641456,17.342216560968346,Closed,Closed
1084,36.13568883094307,17.123667831396403,Closed,Closed
1085,36.16902433724467,56.396414385628766,Closed,Closed
1086,36.20235984354628,13.092883987537318,Closed,Open
1087,36.23569534984789,13.208409024765896,Closed,Open
1088,36.2690308561495,5.267405635621535,Closed,Open
1089,36.30236636245111,4.236235316312399,Closed,Open
1090,36.335701868752714,5.299681519093544,Closed,Open
1091,36.369037375054326,5.083988471221213,Closed,Open
1092,36.40237288135593,5.3277214064377825,Closed,Open
1093,36.43570838765754,7.619954849692834,Closed,Open
1094,36.469043893959146,6.813232631349739,Closed,Open
1095,36.50237940026076,5.55438535484668,Closed,Open
1096,36.53571490656236,6.458282415991566,Closed,Open
1097,36.56905041286397,9.251783915439091,Closed,Open
1098,36.60238591916558,11.187585484165794,Closed,Open
1099,36.63572142546719,9.450496346124831,Closed,Open
1100,36.66905693176879,12.617062474551108,Closed,Open
1101,36.702392438070405,11.40226614106823,Closed,Open
1102,36.73572794437201,10.155123987912534,Closed,Open
1103,36.76906345067362,13.04502161103949,Closed,Open
1104,36.802398956975225,11.78794110757072,Closed,Open
1105,36.83573446327683,9.96872030981834,Closed,Open
1106,36.86906996957844,7.879368276990513,Closed,Open
1107,36.90240547588005,6.3610737132926305,Closed,Open
1108,36.935740982181656,4.6877430792634485,Closed,Open
1109,36.96907648848327,4.229718262096838,Closed,Open
1110,37.00241199478487,3.476027393434824,Closed,Open
1111,37.03574750108648,3.692574387626784,Closed,Open
1112,37.06908300738809,3.918001288235704,Closed,Open
1113,37.1024185136897,4.35318220529534,Closed,Open
1114,37.1357540199913,5.566758482276737,Closed,Open
1115,37.169089526292915,5.076934856647707,Closed,Open
1116,37.202425032594526,6.392120149058526,Closed,Open
1117,37.23576053889613,7.306057228233449,Closed,Open
1118,37.26909604519774,13.417353714896985,Closed,Open
1119,37.302431551499346,9.575790338061068,Closed,Open
1120,37.33576705780096,15.598423343748903,Closed,Open
1121,37.36910256410256,13.213206745045262,Closed,Open
1122,37.40243807040417,20.614330386504204,Closed,Closed
1123,37.43577357670578,22.2981048399198,Closed,Closed
1124,37.46910908300739,25.79457307264456,Closed,Closed
1125,37.50244458930899,14.524826616359112,Closed,Open
1126,37.535780095610605,17.667936022715054,Closed,Closed
1127,37.56911560191221,24.50567897216465,Closed,Closed
1128,37.60245110821382,19.804532617436895,Closed,Closed
1129,37.635786614515425,22.142295499789537,Closed,Closed
1130,37.66912212081704,18.775766609241437,Closed,Closed
1131,37.70245762711864,8.662030318047222,Closed,Open
1132,37.73579313342025,6.201975253209264,Closed,Open
1133,37.769128639721856,4.827088278662407,Closed,Open
1134,37.80246414602347,4.188687632941029,Closed,Open
1135,37.83579965232507,3.694286245684261,Closed,Open
1136,37.86913515862668,4.282585185215322,Closed,Open
1137,37.90247066492829,4.834044204181771,Closed,Open
1138,37.9358061712299,6.144523774369589,Closed,Open
1139,37.9691416775315,6.371407033474387,Closed,Open
1140,38.002477183833115,6.350807714038401,Closed,Open
1141,38.03581269013472,6.202369527454975,Closed,Open
1142,38.06914819643633,6.859213990542017,Closed,Open
1143,38.10248370273794,8.85338087631931,Closed,Open
1144,38.135819209039546,10.016203089211215,Closed,Open
1145,38.16915471534116,8.258942506888069,Closed,Open
1146,38.20249022164276,12.861025733042558,Closed,Open
1147,38.23582572794437,11.793567538879728,Closed,Open
1148,38.26916123424598,10.303474431756197,Closed,Open
1149,38.30249674054759,12.053012452092863,Closed,Open
1150,38.33583224684919,8.649608681153076,Closed,Open
1151,38.369167753150805,10.405535439622264,Closed,Open
1152,38.40250325945241,13.246156958050262,Closed,Open
1153,38.43583876575402,8.672109285061783,Closed,Open
1154,38.469174272055625,13.44252167150527,Closed,Open
1155,38.50250977835723,6.635604719993498,Closed,Open
1156,38.53584528465884,5.42384109801643,Closed,Open
1157,38.56918079096045,4.918567646409643,Closed,Open
1158,38.602516297262056,4.75523565265341,Closed,Open
1159,38.63585180356367,3.905618776159721,Closed,Open
1160,38.66918730986527,3.62952558593751,Closed,Open
1161,38.70252281616688,4.132862603010422,Closed,Open
1162,38.73585832246849,3.766180495338175,Closed,Open
1163,38.7691938287701,4.684140953321989,Closed,Open
1164,38.8025293350717,6.2270267438774916,Closed,Open
1165,38.835864841373315,7.591449896045127,Closed,Open
1166,38.86920034767492,8.322282972423213,Closed,Open
1167,38.90253585397653,6.909129776647491,Closed,Open
1168,38.935871360278135,10.033751332533054,Closed,Open
1169,38.969206866579746,10.58652438562039,Closed,Open
1170,39.00254237288136,14.519961029310064,Closed,Open
1171,39.03587787918296,9.88107771558932,Closed,Open
1172,39.069213385484574,11.876933041048032,Closed,Open
1173,39.10254889178618,17.308290587950133,Closed,Closed
1174,39.13588439808779,11.742681381938958,Closed,Open
1175,39.169219904389394,22.244285090289644,Closed,Closed
1176,39.202555410691005,13.96630958658042,Closed,Open
1177,39.23589091699261,16.135426861412746,Closed,Closed
1178,39.26922642329422,10.892944964517172,Closed,Open
1179,39.302561929595825,9.828738248785545,Closed,Open
1180,39.33589743589744,9.195073828743812,Closed,Open
1181,39.36923294219904,6.616303476875378,Closed,Open
1182,39.40256844850065,4.339214168403237,Closed,Open
1183,39.43590395480226,4.04581047201657,Closed,Open
1184,39.46923946110387,3.8561291213814783,Closed,Open
1185,39.50257496740547,5.154530713449245,Closed,Open
1186,39.53591047370709,6.295622477985883,Closed,Open
1187,39.56924598000869,5.513421434339706,Closed,Open
1188,39.6025814863103,8.701230338059851,Closed,Open
1189,39.635916992611904,8.071616325062156,Closed,Open
1190,39.669252498913515,9.30823523785488,Closed,Open
1191,39.70258800521512,9.672625377714818,Closed,Open
1192,39.73592351151673,13.689946462508225,Closed,Open
1193,39.769259017818335,23.373090721233545,Closed,Closed
1194,39.80259452411995,15.012903890886475,Closed,Open
1195,39.83593003042155,29.732137494637012,Closed,Closed
1196,39.86926553672316,19.229721220491516,Closed,Closed
1197,39.902601043024774,26.289032077031095,Closed,Closed
1198,39.93593654932638,27.29981684920249,Closed,Closed
1199,39.96927205562799,34.349622293762394,Closed,Closed
1200,40.002607561929594,19.17872595903504,Closed,Closed
1201,40.035943068231205,28.25080721161978,Closed,Closed
1202,40.06927857453281,15.561121902082933,Closed,Open
1203,40.10261408083442,5.373684449292689,Closed,Open
1204,40.135949587136025,5.400420429589397,Closed,Open
1205,40.16928509343764,4.5084212390775456,Closed,Open
1206,40.20262059973924,5.002139620023627,Closed,Open
1207,40.23595610604085,8.070476856114691,Closed,Open
1208,40.26929161234246,5.139237755337104,Closed,Open
1209,40.30262711864407,7.523595841219973,Closed,Open
1210,40.33596262494567,7.738613481358362,Closed,Open
1211,40.36929813124728,13.17259432986951,Closed,Open
1212,40.40263363754889,10.560079727104087,Closed,Open
1213,40.4359691438505,11.57912527490655,Closed,Open
1214,40.469304650152104,10.805603266218071,Closed,Open
1215,40.502640156453715,11.878638003421374,Closed,Open
1216,40.53597566275532,11.777333473938196,Closed,Open
1217,40.56931116905693,10.604023410951148,Closed,Open
1218,40.602646675358535,5.716376441413956,Closed,Open
1219,40.63598218166015,6.1063631756452805,Closed,Open
1220,40.66931768796175,4.1294437367123775,Closed,Open
1221,40.70265319426336,5.249348827915188,Closed,Open
1222,40.73598870056497,6.129677340373001,Closed,Open
1223,40.76932420686658,7.14534510564048,Closed,Open
1224,40.80265971316819,13.038404810405297,Closed,Open
1225,40.835995219469794,12.48491773027389,Closed,Open
1226,40.869330725771405,11.122050170719426,Closed,Open
1227,40.90266623207301,12.116972050522842,Closed,Open
1228,40.93600173837462,14.873980439601468,Closed,Open
1229,40.969337244676225,19.293781381574735,Closed,Closed
1230,41.00267275097784,53.81521088945878,Closed,Closed
1231,41.03600825727944,52.68337936710649,Closed,Closed
1232,41.06934376358105,20.711179135347905,Closed,Closed
1233,41.10267926988266,30.705664588766645,Closed,Closed
1234,41.13601477618427,36.62964331290669,Closed,Closed
1235,41.16935028248587,19.871811414385174,Closed,Closed
1236,41.20268578878749,24.673719882299643,Closed,Closed
1237,41.23602129508909,22.190334808292317,Closed,Closed
1238,41.2693568013907,35.84850603045244,Closed,Closed
1239,41.302692307692304,21.51074914472119,Closed,Closed
1240,41.336027813993915,19.459644852303384,Closed,Closed
1241,41.36936332029552,17.91539947814557,Closed,Closed
1242,41.40269882659713,19.816808076805433,Closed,Closed
1243,41.436034332898735,8.912977979922772,Closed,Open
1244,41.46936983920035,8.757726747151786,Closed,Open
1245,41.50270534550195,12.662146312477148,Closed,Open
1246,41.53604085180356,8.39790967311676,Closed,Open
1247,41.56937635810517,11.84172348496365,Closed,Open
1248,41.60271186440678,8.498789704064643,Closed,Open
1249,41.63604737070838,6.729635948548776,Closed,Open
1250,41.669382877009994,5.117246026580285,Closed,Open
1251,41.702718383311606,4.398273197706313,Closed,Open
1252,41.73605388961321,3.905109030899122,Closed,Open
1253,41.76938939591482,4.052225693379977,Closed,Open
1254,41.802724902216426,3.956667389515834,Closed,Open
1255,41.83606040851804,2.8153961180365545,Closed,Open
1256,41.86939591481964,2.250127084283205,Closed,Open
1257,41.90273142112125,2.3727420691120513,Closed,Open
1258,41.93606692742286,4.01083195647916,Closed,Open
1259,41.96940243372447,4.104355834496515,Closed,Open
1260,42.00273794002607,6.69532652379807,Closed,Open
1261,42.03607344632768,9.297788866471764,Closed,Open
1262,42.06940895262929,22.231403332170625,Closed,Closed
1263,42.1027444589309,41.02011701592281,Closed,Closed
1264,42.136079965232504,42.601056324931655,Closed,Closed
1265,42.16941547153411,31.50583512714468,Closed,Closed
1266,42.20275097783572,27.44246506582251,Closed,Closed
1267,42.23608648413733,26.803813990632836,Closed,Closed
1268,42.269421990438936,33.75877919021648,Closed,Closed
1269,42.30275749674055,25.121591104518867,Closed,Closed
1270,42.33609300304215,14.76528067845354,Closed,Open
1271,42.36942850934376,30.1859104416148,Closed,Closed
1272,42.40276401564537,17.605997666879148,Closed,Closed
1273,42.43609952194698,25.38198737330999,Closed,Closed
1274,42.46943502824858,28.75978094492376,Closed,Closed
1275,42.502770534550194,29.546573405388312,Closed,Closed
1276,42.5361060408518,13.897436034164702,Closed,Open
1277,42.56944154715341,26.69569253643741,Closed,Closed
1278,42.60277705345502,36.45281460062711,Closed,Closed
1279,42.636112559756626,20.98809186181536,Closed,Closed
1280,42.66944806605824,28.183525526646083,Closed,Closed
1281,42.70278357235984,11.0333036029969,Closed,Open
1282,42.73611907866145,15.939973607904424,Closed,Closed
1283,42.76945458496306,14.596636521911783,Closed,Open
1284,42.80279009126467,17.088007490635064,Closed,Closed
1285,42.83612559756627,23.39714663347296,Closed,Closed
1286,42.86946110386789,18.02188840101008,Closed,Closed
1287,42.90279661016949,18.3698121928342,Closed,Closed
1288,42.9361321164711,12.133536476377396,Closed,Open
1289,42.969467622772704,14.90429236946467,Closed,Open
1290,43.00280312907432,13.276686640998395,Closed,Open
1291,43.03613863537592,6.802296147383788,Closed,Open
1292,43.06947414167753,11.09705056535294,Closed,Open
1293,43.102809647979136,13.829055447371452,Closed,Open
1294,43.13614515428075,15.901850598562936,Closed,Closed
1295,43.16948066058235,9.35377329168522,Closed,Open
1296,43.20281616688396,7.148933872998458,Closed,Open
1297,43.23615167318557,4.246560600268656,Closed,Open
1298,43.26948717948718,3.9254386387579063,Closed,Open
1299,43.30282268578878,3.5927741412964944,Closed,Open
1300,43.336158192090394,3.03934644389632,Closed,Open
1301,43.369493698392,3.3182914081673327,Closed,Open
1302,43.40282920469361,3.7666011703577222,Closed,Open
1303,43.436164710995214,4.186408735365851,Closed,Open
1304,43.469500217296826,8.444604206603502,Closed,Open
1305,43.50283572359844,13.540876262237925,Closed,Open
1306,43.53617122990004,18.605760181368712,Closed,Closed
1307,43.56950673620165,11.892143495731831,Closed,Open
1308,43.60284224250326,11.06496484851968,Closed,Open
1309,43.63617774880487,14.526446470449116,Closed,Open
1310,43.66951325510647,23.807561823924765,Closed,Closed
1311,43.70284876140808,34.738431465592335,Closed,Closed
1312,43.73618426770969,32.25313482256186,Closed,Closed
1313,43.7695197740113,16.99708288049102,Closed,Closed
1314,43.802855280312905,30.591025004252643,Closed,Closed
1315,43.83619078661451,56.859475903318,Closed,Closed
1316,43.86952629291612,25.56912200291594,Closed,Closed
1317,43.90286179921773,19.626449777384536,Closed,Closed
1318,43.936197305519336,28.13049946232736,Closed,Closed
1319,43.96953281182095,19.375241933973363,Closed,Closed
1320,44.00286831812255,17.871765441612084,Closed,Closed
1321,44.03620382442416,19.25005729556026,Closed,Closed
1322,44.06953933072577,14.193112570695847,Closed,Open
1323,44.10287483702738,13.639665040892526,Closed,Open
1324,44.13621034332898,6.636897441072304,Closed,Open
1325,44.169545849630595,14.212670403551895,Closed,Open
1326,44.2028813559322,8.677828595983804,Closed,Open
1327,44.23621686223381,4.471088330117755,Closed,Open
1328,44.269552368535415,7.572425566440122,Closed,Open
1329,44.302887874837026,5.669691760926972,Closed,Open
1330,44.33622338113863,4.252510570691877,Closed,Open
1331,44.36955888744024,4.474701871760694,Closed,Open
1332,44.402894393741846,4.328478478404367,Closed,Open
1333,44.43622990004346,5.544605221187846,Closed,Open
1334,44.46956540634507,8.35525851351029,Closed,Open
1335,44.50290091264667,5.158724186575652,Closed,Open
1336,44.536236418948285,6.038236010429458,Closed,Open
1337,44.56957192524989,5.655502928634745,Closed,Open
1338,44.6029074315515,6.3721895765898235,Closed,Open
1339,44.636242937853105,5.536504344304732,Closed,Open
1340,44.66957844415472,7.052550002549543,Closed,Open
1341,44.70291395045632,5.34234221891927,Closed,Open
1342,44.73624945675793,4.996453690670343,Closed,Open
1343,44.769584963059536,4.9165627050295315,Closed,Open
1344,44.80292046936115,4.358137541640741,Closed,Open
1345,44.83625597566275,6.0674149841727445,Closed,Open
1346,44.86959148196436,4.960805281513869,Closed,Open
1347,44.90292698826597,5.254969636672789,Closed,Open
1348,44.93626249456758,8.036465335363873,Closed,Open
1349,44.96959800086918,5.416362829553599,Closed,Open
1350,45.002933507170795,6.086308566773561,Closed,Open
1351,45.0362690134724,5.317579312637743,Closed,Open
1352,45.06960451977401,10.91146186356347,Closed,Open
1353,45.102940026075615,5.1794777361600035,Closed,Open
1354,45.136275532377226,6.3263701427970105,Closed,Open
1355,45.16961103867883,7.874400648113501,Closed,Open
1356,45.20294654498044,10.040226782605757,Closed,Open
1357,45.236282051282046,9.789473684210526,Closed,Open
1358,45.26961755758366,9.833559631569043,Closed,Open
1359,45.30295306388526,9.783801524828052,Closed,Open
1360,45.33628857018687,12.03005495507906,Closed,Open
1361,45.369624076488485,11.36289508071709,Closed,Open
1362,45.40295958279009,8.863533280933863,Closed,Open
1363,45.4362950890917,7.783701647812242,Closed,Open
1364,45.469630595393305,8.591592480246803,Closed,Open
1365,45.50296610169491,9.3698730273118,Closed,Open
1366,45.53630160799652,10.202160755647997,Closed,Open
1367,45.56963711429813,9.892376661960434,Closed,Open
1368,45.602972620599736,14.67330509302322,Closed,Open
1369,45.63630812690135,17.151093259614676,Closed,Closed
1370,45.66964363320295,17.56696788451945,Closed,Closed
1371,45.70297913950456,38.48526191434047,Closed,Closed
1372,45.73631464580617,14.394326285501624,Closed,Open
1373,45.76965015210778,12.283455071049444,Closed,Open
1374,45.80298565840938,23.14405018192644,Closed,Closed
1375,45.836321164710995,22.360679774997894,Closed,Closed
1376,45.8696566710126,26.0049995193232,Closed,Closed
1377,45.90299217731421,7.967490124023028,Closed,Open
1378,45.936327683615815,6.0044520299959565,Closed,Open
1379,45.969663189917426,11.403669064045603,Closed,Open
1380,46.00299869621903,9.7137380712614,Closed,Open
1381,46.03633420252064,8.812682130692885,Closed,Open
1382,46.069669708822246,6.5026012894388465,Closed,Open
1383,46.10300521512386,8.44566207711344,Closed,Open
1384,46.13634072142546,6.705226610470639,Closed,Open
1385,46.169676227727074,6.060115510450275,Closed,Open
1386,46.20301173402868,7.595057704305391,Closed,Open
1387,46.23634724033029,4.36940992804132,Closed,Open
1388,46.2696827466319,11.233725170066302,Closed,Open
1389,46.303018252933505,5.490197834507114,Closed,Open
1390,46.33635375923512,4.474418486471645,Closed,Open
1391,46.36968926553672,5.385266948816094,Closed,Open
1392,46.40302477183833,13.829257608891083,Closed,Open
1393,46.43636027813994,9.282433961354831,Closed,Open
1394,46.46969578444155,8.259327747786791,Closed,Open
1395,46.50303129074315,7.887353474238758,Closed,Open
1396,46.53636679704477,9.339283817414598,Closed,Open
1397,46.56970230334637,12.364912073430103,Closed,Open
1398,46.60303780964798,14.520168529243971,Closed,Open
1399,46.636373315949584,21.537262094718205,Closed,Closed
1400,46.669708822251195,85.88480657252478,Open,Closed
1401,46.7030443285528,13.461797799699708,Closed,Open
1402,46.73637983485441,6.652016423102467,Closed,Open
1403,46.769715341156015,8.181447455935094,Closed,Open
1404,46.80305084745763,10.689441095931828,Closed,Open
1405,46.83638635375923,17.683969358637437,Closed,Closed
1406,46.86972186006084,6.520601826149369,Closed,Open
1407,46.90305736636245,5.83691503111799,Closed,Open
1408,46.93639287266406,7.415364378503553,Closed,Open
1409,46.96972837896566,8.947883290735044,Closed,Open
1410,47.003063885267274,14.070829232640044,Closed,Open
1411,47.03639939156888,6.188806782764106,Closed,Open
1412,47.06973489787049,6.439372426050485,Closed,Open
1413,47.103070404172094,9.548332234697524,Closed,Open
1414,47.136405910473705,12.659388437319414,Closed,Open
1415,47.16974141677532,16.584915011557765,Closed,Closed
1416,47.20307692307692,9.240712593234855,Closed,Open
1417,47.23641242937853,7.622459366402214,Closed,Open
1418,47.26974793568014,6.43873627669004,Closed,Open
1419,47.30308344198175,5.147854585633228,Closed,Open
1420,47.33641894828335,6.063920680600839,Closed,Open
1421,47.36975445458496,5.262758707511028,Closed,Open
1422,47.40308996088657,4.2046002472380835,Closed,Open
1423,47.43642546718818,6.162523230286276,Closed,Open
1424,47.469760973489784,4.41004868587238,Closed,Open
1425,47.503096479791395,2.7546295416105093,Closed,Open
1426,47.536431986093,2.427982747615219,Closed,Open
1427,47.56976749239461,3.086069644138716,Closed,Open
1428,47.603102998696215,5.183922154834902,Closed,Open
1429,47.63643850499783,14.178741031830238,Closed,Open
1430,47.66977401129943,6.654290781053723,Closed,Open
1431,47.70310951760104,8.539673728969994,Closed,Open
1432,47.73644502390265,12.084945939777594,Closed,Open
1433,47.76978053020426,12.15449329742187,Closed,Open
1434,47.80311603650586,7.651475803216862,Closed,Open
1435,47.836451542807474,6.394549290685104,Closed,Open
1436,47.86978704910908,6.618115615294728,Closed,Open
1437,47.90312255541069,7.361066737530437,Closed,Open
1438,47.936458061712294,7.084320173386762,Closed,Open
1439,47.969793568013905,6.994535682356957,Closed,Open
1440,48.00312907431551,8.864781558405125,Closed,Open
1441,48.03646458061712,16.040333777459484,Closed,Closed
1442,48.06980008691873,12.282874078699487,Closed,Open
1443,48.10313559322034,21.51074914472119,Closed,Closed
1444,48.13647109952195,6.476808209757893,Closed,Open
1445,48.16980660582355,10.850509850409834,Closed,Open
1446,48.20314211212517,12.780511077990354,Closed,Open
1447,48.23647761842677,22.05774507167627,Closed,Closed
1448,48.26981312472838,22.66138701709279,Closed,Closed
1449,48.303148631029984,10.409642440434972,Closed,Open
1450,48.336484137331595,17.69906440278539,Closed,Closed
1451,48.3698196436332,28.547350481475423,Closed,Closed
1452,48.40315514993481,10.79798831839236,Closed,Open
1453,48.436490656236415,15.174881450180324,Closed,Open
1454,48.46982616253803,25.108444043073455,Closed,Closed
1455,48.50316166883963,16.786899654194638,Closed,Closed
1456,48.53649717514124,16.293934690316757,Closed,Closed
1457,48.56983268144285,10.960067377670493,Closed,Open
1458,48.60316818774446,15.936003400462804,Closed,Closed
1459,48.63650369404606,8.386894538504702,Closed,Open
1460,48.669839200347674,6.28653703919777,Closed,Open
1461,48.70317470664928,7.364618580592402,Closed,Open
1462,48.73651021295089,5.167726578215145,Closed,Open
1463,48.769845719252494,3.992031999110379,Closed,Open
1464,48.803181225554106,3.2803256543318127,Closed,Open
1465,48.83651673185571,3.517672153131034,Closed,Open
1466,48.86985223815732,3.807619539978896,Closed,Open
1467,48.903187744458926,3.950459729635488,Closed,Open
1468,48.93652325076054,4.09833994428578,Closed,Open
1469,48.96985875706215,4.536917466336848,Closed,Open
1470,49.00319426336375,5.447038962871021,Closed,Open
1471,49.03652976966536,7.267424400243129,Closed,Open
1472,49.06986527596697,9.284685184383214,Closed,Open
1473,49.10320078226858,15.331974577478412,Closed,Open
1474,49.136536288570184,16.883838426139953,Closed,Closed
1475,49.16987179487179,20.603255025530764,Closed,Closed
1476,49.2032073011734,16.971536696812095,Closed,Closed
1477,49.23654280747501,9.856007506992908,Closed,Open
1478,49.269878313776616,26.812683565805195,Closed,Closed
1479,49.30321382007823,8.562844974048447,Closed,Open
1480,49.33654932637983,31.114483944155506,Closed,Closed
1481,49.36988483268144,13.94316193357455,Closed,Open
1482,49.40322033898305,10.464370443580815,Closed,Open
1483,49.43655584528466,11.580304325701553,Closed,Open
1484,49.46989135158626,10.955230022524235,Closed,Open
1485,49.503226857887874,9.654958935396822,Closed,Open
1486,49.53656236418948,10.193404132323902,Closed,Open
1487,49.56989787049109,7.093397911418227,Closed,Open
1488,49.603233376792694,11.19512122755314,Closed,Open
1489,49.636568883094306,10.692919217911363,Closed,Open
1490,49.66990438939591,10.255205057395523,Closed,Open
1491,49.70323989569752,8.396036767182027,Closed,Open
1492,49.736575401999126,13.934208343575252,Closed,Open
1493,49.76991090830074,7.505781247595226,Closed,Open
1494,49.80324641460234,7.162213156371241,Closed,Open
1495,49.83658192090395,9.342868359834103,Closed,Open
1496,49.86991742720557,7.313079520658292,Closed,Open
1497,49.90325293350717,8.724247818580121,Closed,Open
1498,49.93658843980878,6.936286395868991,Closed,Open
1499,49.969923946110384,8.176460615493802,Closed,Open
1500,50.003259452412,8.319688282306862,Closed,Open
1501,50.0365949587136,7.767008117308725,Closed,Open
1502,50.06993046501521,8.562394918571146,Closed,Open
1503,50.103265971316816,11.45877401581536,Closed,Open
1504,50.13660147761843,12.270780431649271,Closed,Open
1505,50.16993698392003,8.049284664276534,Closed,Open
1506,50.20327249022164,10.074491779508516,Closed,Open
1507,50.23660799652325,7.842313867249438,Closed,Open
1508,50.26994350282486,7.755703926545057,Closed,Open
1509,50.30327900912646,8.532421826317673,Closed,Open
1510,50.336614515428074,7.609687788786837,Closed,Open
1511,50.36995002172968,7.931246138810824,Closed,Open
1512,50.40328552803129,9.878530551334975,Closed,Open
1513,50.436621034332894,7.171879046428752,Closed,Open
1514,50.469956540634506,14.111447408996662,Closed,Open
1515,50.50329204693611,11.468085329821864,Closed,Open
1516,50.53662755323772,6.234139767841787,Closed,Open
1517,50.569963059539326,8.970089185732771,Closed,Open
1518,50.60329856584094,6.742933581511206,Closed,Open
1519,50.63663407214254,8.404231738303693,Closed,Open
1520,50.66996957844415,8.809887493439335,Closed,Open
1521,50.70330508474576,9.721997808028467,Closed,Open
1522,50.73664059104737,11.1873681105153,Closed,Open
1523,50.76997609734898,11.126026313938931,Closed,Open
1524,50.803311603650585,7.9531932770468865,Closed,Open
1525,50.83664710995219,6.99716329076627,Closed,Open
1526,50.8699826162538,8.68243142124459,Closed,Open
1527,50.90331812255541,8.19806363860884,Closed,Open
1528,50.936653628857016,7.593937707688737,Closed,Open
1529,50.96998913515863,13.017811437954784,Closed,Open
1530,51.00332464146023,8.671108280484173,Closed,Open
1531,51.03666014776184,10.24028716534204,Closed,Open
1532,51.06999565406345,14.408377818177566,Closed,Open
1533,51.10333116036506,6.355587394117113,Closed,Open
