frame,timestamp,aspect_ratio_nose_to_lips_lips_to_chin,lips_label,teeth_label
0,0.0,0.3854303034422019,Closed,Closed
1,0.0333355063016079,0.3245004169286126,Closed,Closed
2,0.0666710126032159,0.3840780737903659,Closed,Closed
3,0.1000065189048239,0.4352871945735959,Closed,Closed
4,0.1333420252064319,0.4339127446801012,Closed,Closed
5,0.16667753150804,0.3690165654263099,Closed,Closed
6,0.2000130378096479,0.4173362763121698,Closed,Closed
7,0.2333485441112559,0.4553980780570971,Closed,Open
8,0.2666840504128639,0.4199779052465899,Closed,Closed
9,0.3000195567144719,0.4568164200576267,Closed,Open
10,0.33335506301608,0.4445217091612165,Closed,Open
11,0.3666905693176879,0.4623913720357062,Closed,Open
12,0.4000260756192959,0.4546691901070154,Closed,Open
13,0.4333615819209039,0.4869357395419652,Closed,Open
14,0.4666970882225119,0.4444932929155822,Closed,Open
15,0.50003259452412,0.4834946185485364,Closed,Open
16,0.5333681008257279,0.4100229110443687,Closed,Closed
17,0.5667036071273359,0.4405699452704453,Closed,Closed
18,0.6000391134289439,0.3834134585994725,Closed,Closed
19,0.6333746197305519,0.4669177899583689,Closed,Open
20,0.66671012603216,0.4195891720854316,Closed,Closed
21,0.7000456323337679,0.4323763271862234,Closed,Closed
22,0.7333811386353759,0.4117089462042049,Closed,Closed
23,0.7667166449369839,0.3773544719396469,Closed,Closed
24,0.8000521512385919,0.4086337412937617,Closed,Closed
25,0.8333876575401998,0.3553916810318984,Closed,Closed
26,0.8667231638418079,0.4685195871987712,Closed,Open
27,0.9000586701434159,0.4749787373137547,Closed,Open
28,0.933394176445024,0.4577408247821673,Closed,Open
29,0.9667296827466318,0.5158224355615585,Closed,Open
30,1.00006518904824,0.5245936845821554,Closed,Open
31,1.0334006953498478,0.4799678912983762,Closed,Open
32,1.066736201651456,0.5129747795119577,Closed,Open
33,1.1000717079530635,0.509475773682821,Closed,Open
34,1.1334072142546718,0.5090071573257948,Closed,Open
35,1.16674272055628,0.5592253182706646,Closed,Open
36,1.2000782268578878,0.4509665026549688,Closed,Open
37,1.233413733159496,0.3362732521080292,Closed,Closed
38,1.2667492394611035,0.4969632552455163,Closed,Open
39,1.3000847457627118,0.3707461546977973,Closed,Closed
40,1.33342025206432,0.3177918931106005,Closed,Closed
41,1.3667557583659278,0.3681348598112566,Closed,Closed
42,1.400091264667536,0.3550113489048479,Closed,Closed
43,1.4334267709691435,0.4138893912808675,Closed,Closed
44,1.4667622772707518,0.3873243933817213,Closed,Closed
45,1.5000977835723597,0.3847798482288291,Closed,Closed
46,1.5334332898739678,0.4390661651587075,Closed,Closed
47,1.566768796175576,0.4584611638493138,Closed,Open
48,1.6001043024771835,0.3542961659344852,Closed,Closed
49,1.6334398087787918,0.3989036068917412,Closed,Closed
50,1.6667753150803997,0.3127244138374245,Closed,Closed
51,1.7001108213820078,0.4167419709292408,Closed,Closed
52,1.7334463276836158,0.4876507238019492,Closed,Open
53,1.7667818339852237,0.5173713158688732,Closed,Open
54,1.8001173402868318,0.5206769034354265,Closed,Open
55,1.8334528465884397,0.5788134331443182,Closed,Open
56,1.8667883528900475,0.5870239378440465,Closed,Open
57,1.900123859191656,0.3690691822235606,Closed,Closed
58,1.9334593654932637,0.5339310159662617,Closed,Open
59,1.966794871794872,0.4445105453273401,Closed,Open
60,2.00013037809648,0.3900611122124796,Closed,Closed
61,2.0334658843980877,0.4032219339978269,Closed,Closed
62,2.0668013906996956,0.4381943604679076,Closed,Closed
63,2.100136897001304,0.390374333268783,Closed,Closed
64,2.133472403302912,0.4130295520790312,Closed,Closed
65,2.1668079096045196,0.3374167957310042,Closed,Closed
66,2.2001434159061275,0.4084403478565683,Closed,Closed
67,2.233478922207736,0.3872343553794328,Closed,Closed
68,2.2668144285093437,0.4585163066845392,Closed,Open
69,2.3001499348109515,0.4541270347813981,Closed,Open
70,2.33348544111256,0.5482515833048521,Closed,Open
71,2.3668209474141677,0.4813869043685562,Closed,Open
72,2.4001564537157756,0.5204792764487368,Closed,Open
73,2.433491960017383,0.412926638211801,Closed,Closed
74,2.4668274663189917,0.3028531601230592,Closed,Closed
75,2.5001629726205996,0.3549885916838543,Closed,Closed
76,2.5334984789222075,0.3563525001141873,Closed,Closed
77,2.566833985223816,0.4254947139906522,Closed,Closed
78,2.6001694915254236,0.3676923790774425,Closed,Closed
79,2.6335049978270315,0.4297117186980793,Closed,Closed
80,2.66684050412864,0.3036703809360256,Closed,Closed
81,2.7001760104302477,0.332405143512203,Closed,Closed
82,2.7335115167318556,0.3510539607530356,Closed,Closed
83,2.7668470230334634,0.3731539204500448,Closed,Closed
84,2.8001825293350717,0.3402860870310376,Closed,Closed
85,2.8335180356366796,0.3479751072865323,Closed,Closed
86,2.8668535419382875,0.3445307276602774,Closed,Closed
87,2.900189048239896,0.2993661121074819,Closed,Closed
88,2.9335245545415036,0.2923116776080317,Closed,Closed
89,2.9668600608431115,0.4865042554105199,Closed,Open
90,3.0001955671447194,0.4817242860765821,Closed,Open
91,3.0335310734463277,0.4540866550180557,Closed,Open
92,3.0668665797479355,0.6569134415655866,Open,Open
93,3.1002020860495434,0.6029962994742727,Closed,Open
94,3.1335375923511517,0.5176652979858268,Closed,Open
95,3.1668730986527596,0.4532455625431144,Closed,Open
96,3.200208604954367,0.4105854389246138,Closed,Closed
97,3.2335441112559757,0.3973382620813543,Closed,Closed
98,3.2668796175575836,0.4454205674564439,Closed,Open
99,3.3002151238591915,0.2862656684877033,Closed,Closed
100,3.3335506301607993,0.3990414472111146,Closed,Closed
101,3.3668861364624076,0.4545686450484948,Closed,Open
102,3.4002216427640155,0.3896637497097181,Closed,Closed
103,3.4335571490656234,0.3195472700412948,Closed,Closed
104,3.4668926553672317,0.3686669547852607,Closed,Closed
105,3.5002281616688395,0.3283641912638528,Closed,Closed
106,3.5335636679704474,0.4034963912375292,Closed,Closed
107,3.5668991742720553,0.4962320487899248,Closed,Open
108,3.6002346805736636,0.5590585760415219,Closed,Open
109,3.633570186875271,0.5643285061938237,Closed,Open
110,3.6669056931768793,0.5923919605870215,Closed,Open
111,3.700241199478488,0.549096769489344,Closed,Open
112,3.733576705780095,0.3984192659718014,Closed,Closed
113,3.7669122120817033,0.3612485473067915,Closed,Closed
114,3.800247718383312,0.3816355940042102,Closed,Closed
115,3.833583224684919,0.3668471581142221,Closed,Closed
116,3.8669187309865274,0.3864163674278312,Closed,Closed
117,3.9002542372881353,0.3178672741261611,Closed,Closed
118,3.933589743589744,0.2971416116204213,Closed,Closed
119,3.966925249891351,0.3354464171904169,Closed,Closed
120,4.00026075619296,0.3006334811824913,Closed,Closed
121,4.033596262494568,0.3439761559355052,Closed,Closed
122,4.0669317687961755,0.3659058954959063,Closed,Closed
123,4.100267275097783,0.4199440797765269,Closed,Closed
124,4.133602781399391,0.4033567022047398,Closed,Closed
125,4.166938287700999,0.377503821438902,Closed,Closed
126,4.200273794002608,0.4230371654362536,Closed,Closed
127,4.233609300304216,0.497253997934193,Closed,Open
128,4.2669448066058235,0.5781299000271878,Closed,Open
129,4.300280312907431,0.6049976028444358,Closed,Open
130,4.333615819209039,0.6130898811971015,Open,Open
131,4.366951325510647,0.5683711573324439,Closed,Open
132,4.400286831812255,0.5035706055155281,Closed,Open
133,4.433622338113864,0.4355583953536324,Closed,Closed
134,4.466957844415472,0.4816008329085749,Closed,Open
135,4.5002933507170795,0.4649050035076684,Closed,Open
136,4.533628857018687,0.4700982067095091,Closed,Open
137,4.566964363320295,0.4820068626973863,Closed,Open
138,4.600299869621903,0.4729393548848855,Closed,Open
139,4.633635375923511,0.3499844370467619,Closed,Closed
140,4.66697088222512,0.3925728223937088,Closed,Closed
141,4.700306388526728,0.3843129934893818,Closed,Closed
142,4.733641894828335,0.3699224464979874,Closed,Closed
143,4.766977401129943,0.3575458468077671,Closed,Closed
144,4.800312907431551,0.319360665636984,Closed,Closed
145,4.833648413733159,0.3184810715922416,Closed,Closed
146,4.866983920034767,0.4219902067138586,Closed,Closed
147,4.900319426336376,0.4867458887038142,Closed,Open
148,4.9336549326379835,0.5853257581804675,Closed,Open
149,4.966990438939591,0.6243961742189754,Open,Open
150,5.000325945241199,0.5012060068255028,Closed,Open
151,5.033661451542807,0.4200355517516684,Closed,Closed
152,5.066996957844415,0.4852876058739133,Closed,Open
153,5.100332464146024,0.3474361677158705,Closed,Closed
154,5.133667970447632,0.4799179139007102,Closed,Open
155,5.167003476749239,0.3819176080725646,Closed,Closed
156,5.200338983050847,0.3502441821847503,Closed,Closed
157,5.233674489352455,0.4054537161409492,Closed,Closed
158,5.267009995654063,0.3870939804858458,Closed,Closed
159,5.300345501955671,0.3133517879160269,Closed,Closed
160,5.33368100825728,0.3424626202378278,Closed,Closed
161,5.3670165145588875,0.3839993523851813,Closed,Closed
162,5.400352020860495,0.314931662645372,Closed,Closed
163,5.433687527162103,0.3113454487846568,Closed,Closed
164,5.467023033463711,0.4517403247979867,Closed,Open
165,5.500358539765319,0.524990419706379,Closed,Open
166,5.533694046066927,0.5658016014531275,Closed,Open
167,5.567029552368536,0.6108875670292027,Closed,Open
168,5.6003650586701434,0.5970274364726968,Closed,Open
169,5.633700564971751,0.5116533371142923,Closed,Open
170,5.667036071273359,0.5059869569487736,Closed,Open
171,5.700371577574967,0.4855716389100186,Closed,Open
172,5.733707083876575,0.3702040514331826,Closed,Closed
173,5.767042590178183,0.3613989142649541,Closed,Closed
174,5.8003780964797915,0.3234507271165064,Closed,Closed
175,5.833713602781399,0.4369972058399328,Closed,Closed
176,5.867049109083007,0.3606757426011208,Closed,Closed
177,5.900384615384615,0.3891579007011089,Closed,Closed
178,5.933720121686223,0.3462592608712426,Closed,Closed
179,5.967055627987831,0.3666958744099776,Closed,Closed
180,6.000391134289439,0.4096987688138693,Closed,Closed
181,6.0337266405910475,0.4854619553286946,Closed,Open
182,6.067062146892655,0.4579414496959163,Closed,Open
183,6.100397653194263,0.6135347735507983,Open,Open
184,6.133733159495871,0.5386592353594397,Closed,Open
185,6.167068665797479,0.5979265650584428,Closed,Open
186,6.200404172099087,0.4600743409150298,Closed,Open
187,6.2337396784006955,0.4857018955178444,Closed,Open
188,6.267075184702303,0.3738833859459577,Closed,Closed
189,6.300410691003911,0.3495027270631415,Closed,Closed
190,6.333746197305519,0.3798333473148298,Closed,Closed
191,6.367081703607127,0.2707810993288587,Closed,Closed
192,6.400417209908735,0.4220776595245908,Closed,Closed
193,6.433752716210343,0.4766725456518284,Closed,Open
194,6.4670882225119515,0.4626360052032525,Closed,Open
195,6.500423728813559,0.4499847560290553,Closed,Open
196,6.533759235115167,0.3723154368682377,Closed,Closed
197,6.567094741416775,0.3872884950990089,Closed,Closed
198,6.600430247718383,0.3617455799698542,Closed,Closed
199,6.633765754019991,0.3522131684483615,Closed,Closed
200,6.667101260321599,0.3517665894286338,Closed,Closed
201,6.700436766623207,0.4504198170103669,Closed,Open
202,6.733772272924815,0.4365621455760197,Closed,Closed
203,6.767107779226423,0.5342609117593566,Closed,Open
204,6.800443285528031,0.6057752521982771,Closed,Open
205,6.833778791829639,0.4460550091091437,Closed,Open
206,6.867114298131247,0.4402903834564056,Closed,Closed
207,6.900449804432855,0.433125347773345,Closed,Closed
208,6.933785310734463,0.2985157493939688,Closed,Closed
209,6.967120817036071,0.4706284088645335,Closed,Open
210,7.000456323337679,0.412304208607511,Closed,Closed
211,7.033791829639287,0.4756076757242033,Closed,Open
212,7.067127335940895,0.4589407360015354,Closed,Open
213,7.100462842242503,0.4443959366933285,Closed,Closed
214,7.1337983485441105,0.3831217582633836,Closed,Closed
215,7.167133854845719,0.3473070365277327,Closed,Closed
216,7.200469361147327,0.3343317102151181,Closed,Closed
217,7.233804867448935,0.3860026472366006,Closed,Closed
218,7.267140373750543,0.397392712963042,Closed,Closed
219,7.300475880052151,0.5929247928114032,Closed,Open
220,7.333811386353759,0.5884488919063889,Closed,Open
221,7.367146892655367,0.6340626561395676,Open,Open
222,7.400482398956975,0.5202845659610117,Closed,Open
223,7.433817905258583,0.6341837132277308,Open,Open
224,7.467153411560191,0.5763048452530364,Closed,Open
225,7.500488917861799,0.5462372970038839,Closed,Open
226,7.533824424163407,0.5383419116406113,Closed,Open
227,7.567159930465015,0.5141805181603454,Closed,Open
228,7.600495436766623,0.528111324247985,Closed,Open
229,7.633830943068231,0.3868750073374672,Closed,Closed
230,7.667166449369839,0.3893287362756913,Closed,Closed
231,7.700501955671447,0.4626571875610625,Closed,Open
232,7.733837461973055,0.4485116811239653,Closed,Open
233,7.767172968274663,0.4055175020198813,Closed,Closed
234,7.8005084745762705,0.4612909003266179,Closed,Open
235,7.833843980877879,0.4092962877467662,Closed,Closed
236,7.867179487179487,0.4114078047363737,Closed,Closed
237,7.900514993481095,0.3443032455434483,Closed,Closed
238,7.933850499782703,0.3508641872786823,Closed,Closed
239,7.967186006084311,0.3574499525472832,Closed,Closed
240,8.00052151238592,0.4196367982783774,Closed,Closed
241,8.033857018687527,0.5139041525801329,Closed,Open
242,8.067192524989135,0.52275793831272,Closed,Open
243,8.100528031290743,0.4933531348131488,Closed,Open
244,8.133863537592351,0.5741839625471363,Closed,Open
245,8.167199043893959,0.5873182932668953,Closed,Open
246,8.200534550195567,0.4792964282624838,Closed,Open
247,8.233870056497175,0.4833557658341715,Closed,Open
248,8.267205562798782,0.3701946003803541,Closed,Closed
249,8.30054106910039,0.4870122278751212,Closed,Open
250,8.333876575401998,0.359406057375741,Closed,Closed
251,8.367212081703606,0.4557490481611759,Closed,Open
252,8.400547588005216,0.464351300627938,Closed,Open
253,8.433883094306823,0.4742390997539202,Closed,Open
254,8.467218600608431,0.4530578055651074,Closed,Open
255,8.50055410691004,0.4594913849884252,Closed,Open
256,8.533889613211647,0.4461284532383603,Closed,Open
257,8.567225119513255,0.4052366446873048,Closed,Closed
258,8.600560625814863,0.4419667739430729,Closed,Closed
259,8.63389613211647,0.4231594693273495,Closed,Closed
260,8.667231638418079,0.447734654950366,Closed,Open
261,8.700567144719686,0.4969270999548971,Closed,Open
262,8.733902651021294,0.60025705915355,Closed,Open
263,8.767238157322902,0.5864833182388527,Closed,Open
264,8.80057366362451,0.62257807186486,Open,Open
265,8.833909169926118,0.6028390473940667,Closed,Open
266,8.867244676227727,0.5847944713246619,Closed,Open
267,8.900580182529335,0.5338398759117997,Closed,Open
268,8.933915688830943,0.5157847065586123,Closed,Open
269,8.967251195132551,0.4996438927156736,Closed,Open
270,9.000586701434159,0.488877349341587,Closed,Open
271,9.033922207735769,0.4624122862959098,Closed,Open
272,9.067257714037376,0.4780980555628473,Closed,Open
273,9.100593220338984,0.4660207094457964,Closed,Open
274,9.13392872664059,0.4253045707496599,Closed,Closed
275,9.167264232942198,0.4542478119718779,Closed,Open
276,9.200599739243806,0.4450447428489909,Closed,Open
277,9.233935245545414,0.4247319323302467,Closed,Closed
278,9.267270751847022,0.3896416469559996,Closed,Closed
279,9.300606258148632,0.3220391369084769,Closed,Closed
280,9.33394176445024,0.3269190835343854,Closed,Closed
281,9.367277270751847,0.3590339064555404,Closed,Closed
282,9.400612777053457,0.4122564484348943,Closed,Closed
283,9.433948283355065,0.4641951358889994,Closed,Open
284,9.46728378965667,0.5117722423358635,Closed,Open
285,9.50061929595828,0.5518913802151604,Closed,Open
286,9.533954802259888,0.6190402356668238,Open,Open
287,9.567290308561494,0.575792442027241,Closed,Open
288,9.600625814863102,0.5548545191147378,Closed,Open
289,9.63396132116471,0.5293800645582256,Closed,Open
290,9.667296827466318,0.5020583369124998,Closed,Open
291,9.700632333767926,0.4614812987100138,Closed,Open
292,9.733967840069534,0.484147290027911,Closed,Open
293,9.767303346371143,0.4771240506884486,Closed,Open
294,9.800638852672751,0.496490363730946,Closed,Open
295,9.83397435897436,0.4883733192166334,Closed,Open
296,9.867309865275969,0.4348648215372105,Closed,Closed
297,9.900645371577577,0.4614341854579148,Closed,Open
298,9.933980877879184,0.4188694556612111,Closed,Closed
299,9.96731638418079,0.4569043169010104,Closed,Open
300,10.000651890482398,0.4271320367796154,Closed,Closed
301,10.033987396784006,0.4237135986070358,Closed,Closed
302,10.067322903085614,0.4278245788889744,Closed,Closed
303,10.100658409387222,0.46727500004066,Closed,Open
304,10.13399391568883,0.5347756139033446,Closed,Open
305,10.167329421990438,0.5765646124934959,Closed,Open
306,10.200664928292047,0.5916562831351503,Closed,Open
307,10.234000434593655,0.6833316535624048,Open,Open
308,10.267335940895263,0.6245020608941172,Open,Open
309,10.300671447196873,0.5491975661587697,Closed,Open
310,10.33400695349848,0.5242790957595864,Closed,Open
311,10.367342459800089,0.5131845370806806,Closed,Open
312,10.400677966101696,0.4813107256396577,Closed,Open
313,10.434013472403302,0.454944434055906,Closed,Open
314,10.46734897870491,0.5,Closed,Open
315,10.500684485006518,0.4700696940256618,Closed,Open
316,10.534019991308126,0.4783218307572008,Closed,Open
317,10.567355497609734,0.4748027345766745,Closed,Open
318,10.600691003911342,0.4652625372267391,Closed,Open
319,10.63402651021295,0.4580021083306285,Closed,Open
320,10.66736201651456,0.4267562727671365,Closed,Closed
321,10.700697522816167,0.4330442844532104,Closed,Closed
322,10.734033029117777,0.4176403981400463,Closed,Closed
323,10.767368535419385,0.3613920168727111,Closed,Closed
324,10.80070404172099,0.3939712298724109,Closed,Closed
325,10.8340395480226,0.4716670247209376,Closed,Open
326,10.867375054324206,0.5089258539923851,Closed,Open
327,10.900710560625814,0.53222686487177,Closed,Open
328,10.934046066927422,0.5669083184706735,Closed,Open
329,10.96738157322903,0.6431447535650198,Open,Open
330,11.000717079530638,0.5814983424544381,Closed,Open
331,11.034052585832246,0.4695603584878967,Closed,Open
332,11.067388092133854,0.50701976933913,Closed,Open
333,11.100723598435462,0.4824106055767868,Closed,Open
334,11.134059104737071,0.4821466311831067,Closed,Open
335,11.16739461103868,0.487150322017353,Closed,Open
336,11.200730117340289,0.4641916963967411,Closed,Open
337,11.234065623641897,0.4815104145129966,Closed,Open
338,11.267401129943504,0.4833617096655446,Closed,Open
339,11.30073663624511,0.4508822437043415,Closed,Open
340,11.334072142546718,0.4886832232839264,Closed,Open
341,11.367407648848326,0.4332809042727765,Closed,Closed
342,11.400743155149934,0.4407246613780699,Closed,Closed
343,11.434078661451542,0.4155328419113999,Closed,Closed
344,11.46741416775315,0.3616392764754721,Closed,Closed
345,11.500749674054758,0.4018709128168181,Closed,Closed
346,11.534085180356366,0.4620409747252401,Closed,Open
347,11.567420686657975,0.5653669112485176,Closed,Open
348,11.600756192959585,0.6031022698472832,Closed,Open
349,11.634091699261193,0.5794846582402354,Closed,Open
350,11.6674272055628,0.5837924403421916,Closed,Open
351,11.700762711864408,0.5627720042496102,Closed,Open
352,11.734098218166016,0.5306388001235476,Closed,Open
353,11.767433724467622,0.5246693480926357,Closed,Open
354,11.80076923076923,0.4900210005510893,Closed,Open
355,11.834104737070838,0.5042802681813265,Closed,Open
356,11.867440243372446,0.3925612866130968,Closed,Closed
357,11.900775749674054,0.3355994571596676,Closed,Closed
358,11.934111255975662,0.3492491018988916,Closed,Closed
359,11.96744676227727,0.3837533881255592,Closed,Closed
360,12.000782268578876,0.4127500941606013,Closed,Closed
361,12.034117774880489,0.3683135697403581,Closed,Closed
362,12.067453281182097,0.3835069452378876,Closed,Closed
363,12.100788787483705,0.4612398442777903,Closed,Open
364,12.13412429378531,0.4872284348424295,Closed,Open
365,12.16745980008692,0.502979795316516,Closed,Open
366,12.200795306388526,0.5957335431752787,Closed,Open
367,12.234130812690134,0.5279938702231578,Closed,Open
368,12.267466318991742,0.5309243901765475,Closed,Open
369,12.30080182529335,0.5275986572992626,Closed,Open
370,12.334137331594958,0.574430342336901,Closed,Open
371,12.367472837896566,0.5188762198256659,Closed,Open
372,12.400808344198174,0.4530222868355869,Closed,Open
373,12.43414385049978,0.4974636204757283,Closed,Open
374,12.467479356801393,0.4733849007400898,Closed,Open
375,12.500814863103,0.484337380093156,Closed,Open
376,12.534150369404609,0.4648073205880113,Closed,Open
377,12.567485875706216,0.4604364542710914,Closed,Open
378,12.600821382007824,0.4582092323704504,Closed,Open
379,12.63415688830943,0.4614738060976217,Closed,Open
380,12.667492394611038,0.4576562674712509,Closed,Open
381,12.700827900912646,0.4556044702814784,Closed,Open
382,12.734163407214254,0.4271838317219438,Closed,Closed
383,12.767498913515862,0.4126892618079131,Closed,Closed
384,12.80083441981747,0.4071395933357629,Closed,Closed
385,12.834169926119078,0.4390143652895513,Closed,Closed
386,12.867505432420684,0.4939301338630988,Closed,Open
387,12.900840938722292,0.5875547717744362,Closed,Open
388,12.934176445023905,0.6316807581470569,Open,Open
389,12.96751195132551,0.6103174551480596,Closed,Open
390,13.00084745762712,0.6071482342977383,Closed,Open
391,13.034182963928728,0.637803161681741,Open,Open
392,13.067518470230334,0.6196792691745444,Open,Open
393,13.100853976531942,0.5245743749795831,Closed,Open
394,13.13418948283355,0.4926323548277851,Closed,Open
395,13.167524989135158,0.4620766466924841,Closed,Open
396,13.200860495436766,0.4911217218802199,Closed,Open
397,13.234196001738374,0.4871059925055867,Closed,Open
398,13.267531508039982,0.4687273061057622,Closed,Open
399,13.30086701434159,0.4713574371754852,Closed,Open
400,13.334202520643196,0.462961279200236,Closed,Open
401,13.367538026944809,0.4915347750327022,Closed,Open
402,13.400873533246417,0.4585474800453434,Closed,Open
403,13.434209039548024,0.4263675128093274,Closed,Closed
404,13.46754454584963,0.404618785282972,Closed,Closed
405,13.500880052151238,0.3524668097644934,Closed,Closed
406,13.534215558452846,0.3176635010337388,Closed,Closed
407,13.567551064754454,0.3283443750714278,Closed,Closed
408,13.600886571056062,0.3501749714482404,Closed,Closed
409,13.63422207735767,0.4392213479063567,Closed,Closed
410,13.667557583659278,0.4481417464717473,Closed,Open
411,13.700893089960886,0.5269503832633583,Closed,Open
412,13.734228596262492,0.5756057319578938,Closed,Open
413,13.7675641025641,0.5823161130223842,Closed,Open
414,13.80089960886571,0.595940435117601,Closed,Open
415,13.83423511516732,0.6404925386577338,Open,Open
416,13.867570621468928,0.65075309498795,Open,Open
417,13.900906127770536,0.605171927910262,Closed,Open
418,13.934241634072142,0.531267407085581,Closed,Open
419,13.96757714037375,0.4755772655846145,Closed,Open
420,14.000912646675358,0.4849076203917316,Closed,Open
421,14.034248152976966,0.4838446486910285,Closed,Open
422,14.067583659278574,0.4990412263469519,Closed,Open
423,14.100919165580182,0.4927219040121909,Closed,Open
424,14.13425467188179,0.4740698978433846,Closed,Open
425,14.167590178183396,0.4731874687768174,Closed,Open
426,14.200925684485004,0.4614089895678152,Closed,Open
427,14.234261190786611,0.4633864174421052,Closed,Open
428,14.26759669708822,0.4913571364000338,Closed,Open
429,14.30093220338983,0.4331271495490063,Closed,Closed
430,14.33426770969144,0.4312900693703184,Closed,Closed
431,14.367603215993046,0.384843961255882,Closed,Closed
432,14.400938722294654,0.4213077747956814,Closed,Closed
433,14.434274228596262,0.4102643436653596,Closed,Closed
434,14.46760973489787,0.4525371614503357,Closed,Open
435,14.500945241199478,0.5353567657994875,Closed,Open
436,14.534280747501086,0.5313565380241214,Closed,Open
437,14.567616253802694,0.6109935795439383,Closed,Open
438,14.600951760104302,0.6062725926210438,Closed,Open
439,14.63428726640591,0.6155681423945154,Open,Open
440,14.667622772707515,0.567530190599037,Closed,Open
441,14.700958279009123,0.4825561719819514,Closed,Open
442,14.734293785310737,0.4446479182197053,Closed,Open
443,14.767629291612344,0.4470084516380171,Closed,Open
444,14.80096479791395,0.4531244975999662,Closed,Open
445,14.834300304215558,0.3840283294395839,Closed,Closed
446,14.867635810517166,0.4125861168112175,Closed,Closed
447,14.900971316818774,0.4226371880719922,Closed,Closed
448,14.934306823120382,0.4463614887960239,Closed,Open
449,14.96764232942199,0.4500951023940601,Closed,Open
450,15.000977835723598,0.4437165586096425,Closed,Closed
451,15.034313342025206,0.4576486192882085,Closed,Open
452,15.067648848326812,0.4788735733409524,Closed,Open
453,15.10098435462842,0.4711897509113212,Closed,Open
454,15.13431986093003,0.4498966572316178,Closed,Open
455,15.167655367231635,0.4647325374459451,Closed,Open
456,15.200990873533248,0.4550760498243376,Closed,Open
457,15.234326379834854,0.4517235071447034,Closed,Open
458,15.267661886136462,0.4430493479739806,Closed,Closed
459,15.30099739243807,0.3959693725420053,Closed,Closed
460,15.334332898739678,0.352540899456652,Closed,Closed
461,15.367668405041286,0.3194848795096477,Closed,Closed
462,15.401003911342894,0.3240186094933081,Closed,Closed
463,15.434339417644502,0.3089795659940254,Closed,Closed
464,15.46767492394611,0.3982948551944169,Closed,Closed
465,15.501010430247716,0.4169626698162613,Closed,Closed
466,15.534345936549323,0.4821062855722121,Closed,Open
467,15.567681442850931,0.4721935801917433,Closed,Open
468,15.60101694915254,0.5583019627518662,Closed,Open
469,15.63435245545415,0.6190716326272058,Open,Open
470,15.66768796175576,0.6476985726646791,Open,Open
471,15.701023468057366,0.5476252797213415,Closed,Open
472,15.734358974358974,0.5577931990653824,Closed,Open
473,15.767694480660582,0.4823950660636926,Closed,Open
474,15.80102998696219,0.4824234083128162,Closed,Open
475,15.834365493263798,0.4781607077204032,Closed,Open
476,15.867700999565406,0.4378001260819474,Closed,Closed
477,15.901036505867014,0.4496309838970362,Closed,Open
478,15.93437201216862,0.3943765857425463,Closed,Closed
479,15.96770751847023,0.4333864720972393,Closed,Closed
480,16.00104302477184,0.4187366170785692,Closed,Closed
481,16.034378531073447,0.3888633117951442,Closed,Closed
482,16.067714037375055,0.3800364037930885,Closed,Closed
483,16.101049543676663,0.3187592394510465,Closed,Closed
484,16.13438504997827,0.3186964456426659,Closed,Closed
485,16.16772055627988,0.3490743195456485,Closed,Closed
486,16.201056062581486,0.3889429734427869,Closed,Closed
487,16.234391568883094,0.4685112191089336,Closed,Open
488,16.267727075184702,0.5202178927970448,Closed,Open
489,16.30106258148631,0.5829189872331305,Closed,Open
490,16.334398087787918,0.6294970412521361,Open,Open
491,16.367733594089525,0.6009252125773316,Closed,Open
492,16.401069100391133,0.6120380278189341,Closed,Open
493,16.43440460669274,0.572032261085064,Closed,Open
494,16.46774011299435,0.5724657801952325,Closed,Open
495,16.501075619295957,0.5294691389631374,Closed,Open
496,16.534411125597565,0.5029098208801884,Closed,Open
497,16.567746631899173,0.4661617028103899,Closed,Open
498,16.60108213820078,0.4855467443290308,Closed,Open
499,16.63441764450239,0.4664921003081302,Closed,Open
500,16.667753150803996,0.4743355048227603,Closed,Open
501,16.701088657105604,0.4420121674790169,Closed,Closed
502,16.734424163407212,0.4705819772584242,Closed,Open
503,16.767759669708823,0.451692063110469,Closed,Open
504,16.80109517601043,0.4375089577104478,Closed,Closed
505,16.83443068231204,0.4272757256727356,Closed,Closed
506,16.867766188613647,0.3930340645889715,Closed,Closed
507,16.901101694915255,0.4124524884619606,Closed,Closed
508,16.934437201216863,0.4106927135104757,Closed,Closed
509,16.96777270751847,0.3997358907986825,Closed,Closed
510,17.00110821382008,0.4550346070815488,Closed,Open
511,17.034443720121686,0.4990579360449163,Closed,Open
512,17.067779226423294,0.5972931386140603,Closed,Open
513,17.101114732724902,0.5825841272462814,Closed,Open
514,17.13445023902651,0.6063315443909352,Closed,Open
515,17.167785745328118,0.6241847704468009,Open,Open
516,17.201121251629726,0.5628113214176113,Closed,Open
517,17.234456757931333,0.5334463553458824,Closed,Open
518,17.26779226423294,0.5029453729184152,Closed,Open
519,17.30112777053455,0.4761738894917567,Closed,Open
520,17.334463276836157,0.455591758801257,Closed,Open
521,17.367798783137765,0.4684741696876554,Closed,Open
522,17.401134289439373,0.4590568577724377,Closed,Open
523,17.43446979574098,0.4748881646701777,Closed,Open
524,17.46780530204259,0.4570004984144705,Closed,Open
525,17.501140808344196,0.4656089461229798,Closed,Open
526,17.534476314645804,0.4690170680299966,Closed,Open
527,17.567811820947412,0.4700982067095091,Closed,Open
528,17.60114732724902,0.4366042902137613,Closed,Closed
529,17.634482833550628,0.4004900711419847,Closed,Closed
530,17.667818339852236,0.3719496340514236,Closed,Closed
531,17.701153846153847,0.4065503559566228,Closed,Closed
532,17.734489352455455,0.3818711637707125,Closed,Closed
533,17.767824858757063,0.4532000016094126,Closed,Open
534,17.80116036505867,0.4707147932653708,Closed,Open
535,17.83449587136028,0.5632722636889892,Closed,Open
536,17.867831377661886,0.6263854715554539,Open,Open
537,17.901166883963494,0.6122405242633578,Open,Open
538,17.934502390265102,0.5874843665893906,Closed,Open
539,17.96783789656671,0.5910149611926873,Closed,Open
540,18.001173402868318,0.6372822692828238,Open,Open
541,18.03450890916993,0.5913942328721801,Closed,Open
542,18.067844415471537,0.4993462517710856,Closed,Open
543,18.10117992177314,0.4828788641111962,Closed,Open
544,18.13451542807475,0.4908670550230764,Closed,Open
545,18.167850934376357,0.4925982999552866,Closed,Open
546,18.201186440677965,0.4546815001782051,Closed,Open
547,18.234521946979573,0.4637905773490683,Closed,Open
548,18.26785745328118,0.4559223273095165,Closed,Open
549,18.30119295958279,0.4532775778741099,Closed,Open
550,18.334528465884397,0.449196296868922,Closed,Open
551,18.367863972186004,0.4370357169756256,Closed,Closed
552,18.401199478487612,0.4613703076278783,Closed,Open
553,18.43453498478922,0.4318411452652784,Closed,Closed
554,18.467870491090828,0.3960026213981014,Closed,Closed
555,18.501205997392436,0.3327342777225033,Closed,Closed
556,18.534541503694044,0.3461372378956738,Closed,Closed
557,18.56787700999565,0.3627122544839036,Closed,Closed
558,18.601212516297263,0.383147750562385,Closed,Closed
559,18.63454802259887,0.414255052322871,Closed,Closed
560,18.66788352890048,0.4868202257091979,Closed,Open
561,18.701219035202087,0.5437021328244679,Closed,Open
562,18.734554541503694,0.5738044424191016,Closed,Open
563,18.767890047805302,0.5639433187556735,Closed,Open
564,18.80122555410691,0.5724784028097551,Closed,Open
565,18.83456106040852,0.4915391523114242,Closed,Open
566,18.86789656671013,0.4650211106099257,Closed,Open
567,18.901232073011737,0.471188319843689,Closed,Open
568,18.93456757931334,0.4774423729752054,Closed,Open
569,18.96790308561495,0.4709851804408332,Closed,Open
570,19.001238591916557,0.4252761101844447,Closed,Closed
571,19.034574098218165,0.4025544574659958,Closed,Closed
572,19.067909604519773,0.4366033461500955,Closed,Closed
573,19.10124511082138,0.439808524560153,Closed,Closed
574,19.13458061712299,0.3992995280132788,Closed,Closed
575,19.167916123424597,0.4202038950996166,Closed,Closed
576,19.201251629726205,0.4135711271090636,Closed,Closed
577,19.234587136027812,0.3719205198647242,Closed,Closed
578,19.26792264232942,0.4090505691344406,Closed,Closed
579,19.301258148631028,0.3722957387835351,Closed,Closed
580,19.334593654932636,0.3599408853602347,Closed,Closed
581,19.367929161234244,0.3715126263841039,Closed,Closed
582,19.40126466753585,0.4119060500031533,Closed,Closed
583,19.43460017383746,0.4212715833932992,Closed,Closed
584,19.467935680139068,0.4124039375427568,Closed,Closed
585,19.50127118644068,0.4729807116930703,Closed,Open
586,19.534606692742287,0.3804202678488966,Closed,Closed
587,19.567942199043895,0.4107244528893776,Closed,Closed
588,19.601277705345503,0.375730592365968,Closed,Closed
589,19.63461321164711,0.4426900460476417,Closed,Closed
590,19.66794871794872,0.4228592959602479,Closed,Closed
591,19.70128422425033,0.3860560857052297,Closed,Closed
592,19.734619730551938,0.3681682387630361,Closed,Closed
593,19.767955236853545,0.3896006744400302,Closed,Closed
594,19.80129074315515,0.4267304811679649,Closed,Closed
595,19.83462624945676,0.4066386565959579,Closed,Closed
596,19.867961755758365,0.4478300602187172,Closed,Open
597,19.901297262059973,0.4899297116421267,Closed,Open
598,19.93463276836158,0.4750412144563845,Closed,Open
599,19.96796827466319,0.4692726037452268,Closed,Open
600,20.001303780964797,0.4876072848387746,Closed,Open
601,20.034639287266405,0.4280186911806539,Closed,Closed
602,20.067974793568013,0.4326622798954,Closed,Closed
603,20.10131029986962,0.4652474475593898,Closed,Open
604,20.13464580617123,0.4327899996319249,Closed,Closed
605,20.167981312472836,0.4225664393559767,Closed,Closed
606,20.201316818774444,0.4182378612518265,Closed,Closed
607,20.234652325076052,0.4068464035508638,Closed,Closed
608,20.26798783137766,0.380133570563325,Closed,Closed
609,20.301323337679268,0.4234993410871255,Closed,Closed
610,20.334658843980876,0.4014888152121283,Closed,Closed
611,20.367994350282483,0.4171856363490126,Closed,Closed
612,20.401329856584095,0.3864939758404984,Closed,Closed
613,20.434665362885703,0.4220572279059797,Closed,Closed
614,20.46800086918731,0.4234941225095124,Closed,Closed
615,20.50133637548892,0.4419692156301916,Closed,Closed
616,20.534671881790526,0.4226204103134898,Closed,Closed
617,20.568007388092138,0.4151971102287995,Closed,Closed
618,20.601342894393746,0.414955161185069,Closed,Closed
619,20.63467840069535,0.4230782471736253,Closed,Closed
620,20.66801390699696,0.4033173627944148,Closed,Closed
621,20.70134941329857,0.4205227440202752,Closed,Closed
622,20.734684919600173,0.4533698815440071,Closed,Open
623,20.76802042590178,0.4506532144374665,Closed,Open
624,20.80135593220339,0.4199119912757031,Closed,Closed
625,20.834691438504997,0.4697060405730861,Closed,Open
626,20.868026944806605,0.4335825739559257,Closed,Closed
627,20.901362451108213,0.4457050819753316,Closed,Open
628,20.93469795740982,0.4491371037122567,Closed,Open
629,20.96803346371143,0.4243517278719715,Closed,Closed
630,21.001368970013036,0.4457050819753316,Closed,Open
631,21.034704476314644,0.4569267094109636,Closed,Open
632,21.068039982616252,0.444382121210336,Closed,Closed
633,21.10137548891786,0.4449462223502347,Closed,Open
634,21.134710995219468,0.4947891260871136,Closed,Open
635,21.168046501521076,0.4836204889724431,Closed,Open
636,21.201382007822684,0.4836361336223605,Closed,Open
637,21.23471751412429,0.5217071551959286,Closed,Open
638,21.2680530204259,0.5038310202606585,Closed,Open
639,21.30138852672751,0.5064258615875294,Closed,Open
640,21.33472403302912,0.5366432565232844,Closed,Open
641,21.368059539330726,0.5161837108454461,Closed,Open
642,21.401395045632334,0.5406090629415884,Closed,Open
643,21.434730551933946,0.5548654946558446,Closed,Open
644,21.46806605823555,0.5476001664395524,Closed,Open
645,21.50140156453716,0.4871654576290388,Closed,Open
646,21.53473707083877,0.5008985215181418,Closed,Open
647,21.568072577140377,0.4787824590752553,Closed,Open
648,21.60140808344198,0.4547812734560353,Closed,Open
649,21.63474358974359,0.452887183395456,Closed,Open
650,21.668079096045197,0.4313486744318665,Closed,Closed
651,21.701414602346805,0.4529839050508192,Closed,Open
652,21.734750108648413,0.4458817046124789,Closed,Open
653,21.76808561495002,0.4230519377962601,Closed,Closed
654,21.80142112125163,0.4038283865962158,Closed,Closed
655,21.834756627553237,0.4064783112176412,Closed,Closed
656,21.868092133854844,0.4143204802650287,Closed,Closed
657,21.901427640156452,0.4087258253004331,Closed,Closed
658,21.93476314645806,0.4265563067611574,Closed,Closed
659,21.968098652759668,0.4230288874265154,Closed,Closed
660,22.001434159061276,0.4367724407091871,Closed,Closed
661,22.034769665362884,0.4371692479804171,Closed,Closed
662,22.06810517166449,0.4363019991973742,Closed,Closed
663,22.1014406779661,0.4230885202497788,Closed,Closed
664,22.134776184267707,0.4190273780513357,Closed,Closed
665,22.168111690569315,0.4451600528342008,Closed,Open
666,22.201447196870923,0.4249272202084172,Closed,Closed
667,22.234782703172534,0.4145446530933006,Closed,Closed
668,22.268118209474142,0.4283211423015528,Closed,Closed
669,22.30145371577575,0.3947491664451428,Closed,Closed
670,22.33478922207736,0.4246324208789893,Closed,Closed
671,22.36812472837897,0.4248503487523593,Closed,Closed
672,22.401460234680577,0.4480192156425678,Closed,Open
673,22.43479574098218,0.4288500957296035,Closed,Closed
674,22.46813124728379,0.4044813731271713,Closed,Closed
675,22.501466753585397,0.4089951725015927,Closed,Closed
676,22.534802259887005,0.4336407712319264,Closed,Closed
677,22.568137766188613,0.4410257605158788,Closed,Closed
678,22.60147327249022,0.410100280365011,Closed,Closed
679,22.63480877879183,0.4196837923088652,Closed,Closed
680,22.668144285093437,0.4262135979624334,Closed,Closed
681,22.701479791395045,0.4200906502511849,Closed,Closed
682,22.734815297696652,0.4428816708223282,Closed,Closed
683,22.76815080399826,0.4417447452845315,Closed,Closed
684,22.801486310299868,0.4285772286597835,Closed,Closed
685,22.834821816601476,0.428627071646338,Closed,Closed
686,22.868157322903084,0.421311682440695,Closed,Closed
687,22.90149282920469,0.4323964888265029,Closed,Closed
688,22.9348283355063,0.4304360128176912,Closed,Closed
689,22.968163841807907,0.4630428648801893,Closed,Open
690,23.001499348109515,0.4400372924647201,Closed,Closed
691,23.034834854411123,0.4403514757281392,Closed,Closed
692,23.06817036071273,0.441275070522324,Closed,Closed
693,23.10150586701434,0.4349854351206754,Closed,Closed
694,23.13484137331595,0.4417730781908406,Closed,Closed
695,23.16817687961756,0.4327494045445225,Closed,Closed
696,23.20151238591917,0.4237783127058691,Closed,Closed
697,23.234847892220778,0.4655201956311315,Closed,Open
698,23.268183398522385,0.42817629627128,Closed,Closed
699,23.30151890482399,0.4529278154237083,Closed,Open
700,23.3348544111256,0.4519679570736547,Closed,Open
701,23.368189917427205,0.4163225133505385,Closed,Closed
702,23.401525423728813,0.4566970483218476,Closed,Open
703,23.43486093003042,0.4607101359007234,Closed,Open
704,23.46819643633203,0.4421315201839602,Closed,Closed
705,23.501531942633637,0.4420727598225067,Closed,Closed
706,23.534867448935245,0.4600932772327686,Closed,Open
707,23.568202955236853,0.4483939165099661,Closed,Open
708,23.60153846153846,0.4042326683293273,Closed,Closed
709,23.63487396784007,0.4594748487778585,Closed,Open
710,23.668209474141676,0.4192674980240286,Closed,Closed
711,23.701544980443284,0.4340111184860695,Closed,Closed
712,23.734880486744892,0.451938453788867,Closed,Open
713,23.7682159930465,0.4748516691741702,Closed,Open
714,23.801551499348108,0.4347197821370555,Closed,Closed
715,23.834887005649716,0.4410960720569674,Closed,Closed
716,23.868222511951323,0.4717949926009656,Closed,Open
717,23.90155801825293,0.4681502910286688,Closed,Open
718,23.93489352455454,0.4507368663055878,Closed,Open
719,23.968229030856147,0.5127315355744433,Closed,Open
720,24.001564537157755,0.5089111280740504,Closed,Open
721,24.034900043459366,0.5243652988840917,Closed,Open
722,24.068235549760978,0.5577519076860687,Closed,Open
723,24.101571056062586,0.5034451155294072,Closed,Open
724,24.13490656236419,0.613075907996324,Open,Open
725,24.1682420686658,0.6073657977515906,Closed,Open
726,24.20157757496741,0.2641601647222811,Closed,Closed
727,24.234913081269013,0.4758453167893642,Closed,Open
728,24.26824858757062,0.5988494716163423,Closed,Open
729,24.30158409387223,0.5005938334791737,Closed,Open
730,24.334919600173837,0.4684730379390301,Closed,Open
731,24.368255106475445,0.4646230708058597,Closed,Open
732,24.401590612777053,0.4685596855089844,Closed,Open
733,24.43492611907866,0.5156143517862878,Closed,Open
734,24.46826162538027,0.5168496060431691,Closed,Open
735,24.501597131681876,0.5015270797920148,Closed,Open
736,24.534932637983484,0.4793390443730038,Closed,Open
737,24.568268144285092,0.4700018447879181,Closed,Open
738,24.6016036505867,0.3851744237852034,Closed,Closed
739,24.634939156888308,0.3998291619583118,Closed,Closed
740,24.668274663189916,0.4628730613339847,Closed,Open
741,24.701610169491524,0.4785999255774801,Closed,Open
742,24.73494567579313,0.468296916418407,Closed,Open
743,24.76828118209474,0.2835435768800809,Closed,Closed
744,24.801616688396347,0.1929396928954163,Closed,Closed
745,24.834952194697955,0.5849015400931918,Closed,Open
746,24.868287700999563,0.3827797246571376,Closed,Closed
747,24.90162320730117,0.4860062324684006,Closed,Open
748,24.934958713602786,0.468074789715978,Closed,Open
749,24.96829421990439,0.462815736661789,Closed,Open
750,25.001629726206,0.4448100078557446,Closed,Open
751,25.03496523250761,0.444653528223269,Closed,Open
752,25.068300738809217,0.4355199981365736,Closed,Closed
753,25.10163624511082,0.4275587358733442,Closed,Closed
754,25.13497175141243,0.4763664957213017,Closed,Open
755,25.168307257714037,0.4564710071825642,Closed,Open
756,25.201642764015645,0.4281217792075852,Closed,Closed
757,25.234978270317253,0.4257440314878493,Closed,Closed
758,25.26831377661886,0.3859858825007088,Closed,Closed
759,25.30164928292047,0.3463547491865372,Closed,Closed
760,25.334984789222077,0.3696891799122097,Closed,Closed
761,25.368320295523684,0.4542779820511897,Closed,Open
762,25.401655801825292,0.5149832906031824,Closed,Open
763,25.4349913081269,0.5526530500943432,Closed,Open
764,25.468326814428508,0.5717026502886714,Closed,Open
765,25.501662320730116,0.5643091048573443,Closed,Open
766,25.534997827031724,0.586406017494346,Closed,Open
767,25.56833333333333,0.5850646600231885,Closed,Open
768,25.60166883963494,0.5336665625650533,Closed,Open
769,25.635004345936547,0.5071260064834768,Closed,Open
770,25.668339852238155,0.4839074957575839,Closed,Open
771,25.701675358539763,0.4221494009607469,Closed,Closed
772,25.73501086484137,0.4512220871712947,Closed,Open
773,25.76834637114298,0.4230371654362536,Closed,Closed
774,25.801681877444587,0.4365429470249742,Closed,Closed
775,25.8350173837462,0.4152254303352096,Closed,Closed
776,25.86835289004781,0.4086313099550081,Closed,Closed
777,25.901688396349417,0.3864391707223351,Closed,Closed
778,25.93502390265102,0.3673701478485814,Closed,Closed
779,25.96835940895263,0.3892843745217265,Closed,Closed
780,26.001694915254237,0.4123922720903322,Closed,Closed
781,26.035030421555845,0.390264986056046,Closed,Closed
782,26.068365927857453,0.35922350014893,Closed,Closed
783,26.10170143415906,0.4052976443211231,Closed,Closed
784,26.13503694046067,0.4798910628953318,Closed,Open
785,26.168372446762277,0.536395095707378,Closed,Open
786,26.201707953063885,0.577736962261936,Closed,Open
787,26.235043459365492,0.5311294393668762,Closed,Open
788,26.2683789656671,0.5508406433485468,Closed,Open
789,26.301714471968708,0.5057608045472771,Closed,Open
790,26.335049978270316,0.466635974154173,Closed,Open
791,26.368385484571924,0.407799320471594,Closed,Closed
792,26.40172099087353,0.3642268295139106,Closed,Closed
793,26.43505649717514,0.3699720412784545,Closed,Closed
794,26.468392003476747,0.3633277232927316,Closed,Closed
795,26.501727509778355,0.375746365375922,Closed,Closed
796,26.535063016079963,0.4636210138080935,Closed,Open
797,26.56839852238157,0.3668031648556173,Closed,Closed
798,26.60173402868318,0.3781134441007408,Closed,Closed
799,26.635069534984787,0.3296399579005182,Closed,Closed
800,26.668405041286395,0.2847714513843832,Closed,Closed
801,26.701740547588003,0.3058402166840324,Closed,Closed
802,26.735076053889617,0.5071783045165659,Closed,Open
803,26.768411560191225,0.5568274411324652,Closed,Open
804,26.80174706649283,0.6233758367073042,Open,Open
805,26.83508257279444,0.6183582230164117,Open,Open
806,26.868418079096045,0.3559434725522001,Closed,Closed
807,26.901753585397653,0.5198867895834811,Closed,Open
808,26.93508909169926,0.479335988605751,Closed,Open
809,26.96842459800087,0.4715461475092011,Closed,Open
810,27.001760104302477,0.33352391844515,Closed,Closed
811,27.035095610604085,0.3522606864821505,Closed,Closed
812,27.068431116905693,0.4503261460837642,Closed,Open
813,27.1017666232073,0.4316375549579035,Closed,Closed
814,27.13510212950891,0.4689195721523689,Closed,Open
815,27.168437635810516,0.4314317865690019,Closed,Closed
816,27.201773142112124,0.3860814987454177,Closed,Closed
817,27.235108648413732,0.365019441702804,Closed,Closed
818,27.26844415471534,0.4105712555045537,Closed,Closed
819,27.301779661016948,0.5163909624969094,Closed,Open
820,27.335115167318556,0.593419039074318,Closed,Open
821,27.368450673620163,0.571585769148567,Closed,Open
822,27.40178617992177,0.60670168258849,Closed,Open
823,27.43512168622338,0.6282683845399136,Open,Open
824,27.468457192524987,0.5575565810151552,Closed,Open
825,27.501792698826595,0.504057014974201,Closed,Open
826,27.535128205128203,0.4794999468032824,Closed,Open
827,27.56846371142981,0.3950631154375618,Closed,Closed
828,27.60179921773142,0.4568294709960041,Closed,Open
829,27.635134724033023,0.3836933630391038,Closed,Closed
830,27.66847023033464,0.413655196291703,Closed,Closed
831,27.70180573663625,0.3912754102937055,Closed,Closed
832,27.735141242937853,0.3902307136291326,Closed,Closed
833,27.76847674923946,0.3621541861430781,Closed,Closed
834,27.80181225554107,0.3725386208667421,Closed,Closed
835,27.835147761842677,0.3826967887860047,Closed,Closed
836,27.868483268144285,0.3578653714294681,Closed,Closed
837,27.901818774445893,0.3828207467443882,Closed,Closed
838,27.9351542807475,0.5236308776912522,Closed,Open
839,27.96848978704911,0.603544396335962,Closed,Open
840,28.001825293350716,0.589396295002629,Closed,Open
841,28.035160799652324,0.6243429546720652,Open,Open
842,28.068496305953932,0.526433167312551,Closed,Open
843,28.10183181225554,0.4946312762887909,Closed,Open
844,28.135167318557148,0.4639423393335943,Closed,Open
845,28.168502824858756,0.4378468277372642,Closed,Closed
846,28.201838331160364,0.4454609232154304,Closed,Open
847,28.23517383746197,0.4439060537667028,Closed,Closed
848,28.26850934376358,0.4448643485900277,Closed,Open
849,28.301844850065187,0.4392072654305135,Closed,Closed
850,28.335180356366795,0.4438162956881757,Closed,Closed
851,28.368515862668403,0.4280137926938903,Closed,Closed
852,28.40185136897001,0.4226197033889072,Closed,Closed
853,28.43518687527162,0.4059599490051536,Closed,Closed
854,28.468522381573223,0.4178122653745544,Closed,Closed
855,28.50185788787483,0.4406567982681018,Closed,Closed
856,28.53519339417644,0.3961769004678758,Closed,Closed
857,28.568528900478057,0.3622554043872388,Closed,Closed
858,28.60186440677966,0.4616758138278425,Closed,Open
859,28.63519991308127,0.4738895102472796,Closed,Open
860,28.668535419382877,0.4313295510212754,Closed,Closed
861,28.701870925684485,0.4304140269378052,Closed,Closed
862,28.735206431986093,0.4437328220287495,Closed,Closed
863,28.7685419382877,0.4335983911425687,Closed,Closed
864,28.80187744458931,0.4085743488230154,Closed,Closed
865,28.835212950890917,0.4371692479804171,Closed,Closed
866,28.868548457192524,0.3732469448955149,Closed,Closed
867,28.901883963494132,0.365947711019919,Closed,Closed
868,28.93521946979574,0.4452990083473942,Closed,Open
869,28.968554976097348,0.5317097213531787,Closed,Open
870,29.001890482398956,0.5782532713576245,Closed,Open
871,29.035225988700564,0.6026129361841379,Closed,Open
872,29.06856149500217,0.6485175238048194,Open,Open
873,29.10189700130378,0.5989949115315423,Closed,Open
874,29.135232507605387,0.4899478541186819,Closed,Open
875,29.168568013906995,0.503848205016779,Closed,Open
876,29.201903520208603,0.4846121616383684,Closed,Open
877,29.23523902651021,0.450319114293556,Closed,Open
878,29.26857453281182,0.4509073101040983,Closed,Open
879,29.301910039113427,0.4398118720073626,Closed,Closed
880,29.33524554541503,0.4321005581578993,Closed,Closed
881,29.36858105171664,0.4111476145761914,Closed,Closed
882,29.40191655801825,0.4138280716308834,Closed,Closed
883,29.435252064319855,0.3556713181864991,Closed,Closed
884,29.46858757062147,0.3899073034454013,Closed,Closed
885,29.501923076923077,0.3407215085024034,Closed,Closed
886,29.535258583224685,0.3660132202622432,Closed,Closed
887,29.568594089526293,0.4237878883152255,Closed,Closed
888,29.6019295958279,0.5353287489799518,Closed,Open
889,29.63526510212951,0.6091344927832142,Closed,Open
890,29.668600608431117,0.6112623683166121,Closed,Open
891,29.701936114732725,0.6026702192426041,Closed,Open
892,29.735271621034332,0.4120211555323507,Closed,Closed
893,29.76860712733594,0.3705750595216813,Closed,Closed
894,29.801942633637548,0.4461406469216745,Closed,Open
895,29.835278139939156,0.4603667174896133,Closed,Open
896,29.868613646240764,0.4290630287454242,Closed,Closed
897,29.90194915254237,0.42305741296254,Closed,Closed
898,29.93528465884398,0.4447767143320703,Closed,Open
899,29.968620165145587,0.4197276314882792,Closed,Closed
900,30.001955671447195,0.412707027581377,Closed,Closed
901,30.035291177748803,0.3888216955137684,Closed,Closed
902,30.06862668405041,0.3875059370828233,Closed,Closed
903,30.10196219035202,0.3496860736015866,Closed,Closed
904,30.135297696653627,0.3596724890570199,Closed,Closed
905,30.168633202955235,0.4341907813569798,Closed,Closed
906,30.201968709256843,0.4785366129910017,Closed,Open
907,30.23530421555845,0.5560677624776291,Closed,Open
908,30.26863972186006,0.4575108892640291,Closed,Open
909,30.301975228161663,0.6461353497227762,Open,Open
910,30.33531073446327,0.6480290761763546,Open,Open
911,30.368646240764885,0.6058238748497988,Closed,Open
912,30.401981747066493,0.5541035252762335,Closed,Open
913,30.4353172533681,0.4523223743908399,Closed,Open
914,30.46865275966971,0.3612154029914079,Closed,Closed
915,30.501988265971317,0.3847369576194887,Closed,Closed
916,30.535323772272925,0.4554177699778318,Closed,Open
917,30.568659278574533,0.455971129916244,Closed,Open
918,30.60199478487614,0.446919161235506,Closed,Open
919,30.63533029117775,0.4695582864404155,Closed,Open
920,30.668665797479356,0.4324094445701884,Closed,Closed
921,30.702001303780964,0.4256613317737113,Closed,Closed
922,30.735336810082572,0.3508353753533615,Closed,Closed
923,30.76867231638418,0.3427172867865238,Closed,Closed
924,30.802007822685788,0.4031128874149274,Closed,Closed
925,30.835343328987395,0.5119435690875231,Closed,Open
926,30.868678835289003,0.4922789754858974,Closed,Open
927,30.90201434159061,0.4612317412210548,Closed,Open
928,30.93534984789222,0.4749700298799544,Closed,Open
929,30.968685354193827,0.4148860894977002,Closed,Closed
930,31.002020860495435,0.3588378783175721,Closed,Closed
931,31.035356366797043,0.2938638796903027,Closed,Closed
932,31.06869187309865,0.2481391418294686,Closed,Closed
933,31.10202737940026,0.4747360915020442,Closed,Open
934,31.135362885701863,0.4954060061399183,Closed,Open
935,31.16869839200347,0.3803391422733901,Closed,Closed
936,31.20203389830508,0.451681218553534,Closed,Open
937,31.23536940460669,0.4566625429814118,Closed,Open
938,31.2687049109083,0.3719442719500652,Closed,Closed
939,31.30204041720991,0.4274258326830549,Closed,Closed
940,31.335375923511517,0.4061872295337942,Closed,Closed
941,31.368711429813125,0.3892797721214473,Closed,Closed
942,31.402046936114733,0.3918153713770435,Closed,Closed
943,31.43538244241634,0.3702241758678168,Closed,Closed
944,31.46871794871795,0.3276846390855595,Closed,Closed
945,31.502053455019556,0.3691418672412996,Closed,Closed
946,31.535388961321164,0.4266087346372879,Closed,Closed
947,31.568724467622772,0.5236246990782277,Closed,Open
948,31.60205997392438,0.5953140866383554,Closed,Open
949,31.635395480225988,0.6283400350041417,Open,Open
950,31.668730986527596,0.545350993649004,Closed,Open
951,31.702066492829204,0.5700232339300618,Closed,Open
952,31.73540199913081,0.514330893416225,Closed,Open
953,31.76873750543242,0.4865042554105199,Closed,Open
954,31.802073011734027,0.4718607063694151,Closed,Open
955,31.835408518035635,0.4787630264744321,Closed,Open
956,31.868744024337243,0.3832704930866787,Closed,Closed
957,31.90207953063885,0.3317120526448477,Closed,Closed
958,31.93541503694046,0.3259663836486685,Closed,Closed
959,31.968750543242063,0.4522242560624734,Closed,Open
960,32.00208604954368,0.4693212494167555,Closed,Open
961,32.03542155584528,0.3845773431291707,Closed,Closed
962,32.068757062146894,0.4036318217238898,Closed,Closed
963,32.1020925684485,0.4448570671788614,Closed,Open
964,32.13542807475011,0.4992616568925885,Closed,Open
965,32.168763581051714,0.5799484513175004,Closed,Open
966,32.202099087353325,0.6239749964095734,Open,Open
967,32.23543459365493,0.5720860129168863,Closed,Open
968,32.26877009995654,0.5419471384008454,Closed,Open
969,32.302105606258145,0.5313976097886771,Closed,Open
970,32.33544111255976,0.4754712713773268,Closed,Open
971,32.36877661886136,0.4951651441463647,Closed,Open
972,32.40211212516297,0.4898266615323054,Closed,Open
973,32.43544763146458,0.3680238633743641,Closed,Closed
974,32.46878313776619,0.4022970077656266,Closed,Closed
975,32.50211864406779,0.4580676783543204,Closed,Open
976,32.535454150369404,0.4339627857569877,Closed,Closed
977,32.56878965667101,0.4177821776077956,Closed,Closed
978,32.60212516297262,0.4202206156933029,Closed,Closed
979,32.63546066927423,0.339055132504327,Closed,Closed
980,32.668796175575835,0.3277231073214862,Closed,Closed
981,32.70213168187745,0.336713225428322,Closed,Closed
982,32.73546718817905,0.3707054251490126,Closed,Closed
983,32.76880269448066,0.4000395608743921,Closed,Closed
984,32.80213820078227,0.503294181720341,Closed,Open
985,32.83547370708388,0.5709538053671661,Closed,Open
986,32.86880921338548,0.5561320269673505,Closed,Open
987,32.902144719687094,0.6674391100184377,Open,Open
988,32.9354802259887,0.6871897334286432,Open,Open
989,32.96881573229031,0.6566418140869674,Open,Open
990,33.002151238591914,0.6866087774820188,Open,Open
991,33.035486744893525,0.6635281613684464,Open,Open
992,33.06882225119513,0.6579050068848505,Open,Open
993,33.10215775749674,0.6526650154982068,Open,Open
994,33.135493263798345,0.517176674324676,Closed,Open
995,33.16882877009996,0.5402074657187648,Closed,Open
996,33.20216427640156,0.3069632606504445,Closed,Closed
997,33.23549978270317,0.4838604275679055,Closed,Open
998,33.26883528900478,0.4605476135321439,Closed,Open
999,33.30217079530639,0.458467224226724,Closed,Open
1000,33.33550630160799,0.3544205917432484,Closed,Closed
1001,33.368841807909604,0.3894414919278195,Closed,Closed
1002,33.40217731421121,0.3579693605081584,Closed,Closed
1003,33.43551282051282,0.3652777833290586,Closed,Closed
1004,33.468848326814424,0.3225523619280362,Closed,Closed
1005,33.502183833116035,0.2958049868799057,Closed,Closed
1006,33.53551933941765,0.2690508170681266,Closed,Closed
1007,33.56885484571925,0.3508906672384285,Closed,Closed
1008,33.60219035202086,0.4201940677970538,Closed,Closed
1009,33.63552585832247,0.5724490911086557,Closed,Open
1010,33.66886136462408,0.6067560187110123,Closed,Open
1011,33.70219687092568,0.6069482709222535,Closed,Open
1012,33.735532377227294,0.6959199753451369,Open,Open
1013,33.7688678835289,0.564503582929536,Closed,Open
1014,33.80220338983051,0.5681890947433541,Closed,Open
1015,33.835538896132114,0.5230088026917912,Closed,Open
1016,33.868874402433725,0.4780133313204796,Closed,Open
1017,33.90220990873533,0.4749562141489321,Closed,Open
1018,33.93554541503694,0.4900374724524892,Closed,Open
1019,33.968880921338545,0.4412279240085054,Closed,Closed
1020,34.00221642764016,0.4429506567687278,Closed,Closed
1021,34.03555193394176,0.4814049143729772,Closed,Open
1022,34.06888744024337,0.4644111961175265,Closed,Open
1023,34.10222294654498,0.4630472549772418,Closed,Open
1024,34.13555845284659,0.4195219344693405,Closed,Closed
1025,34.16889395914819,0.4089673678794759,Closed,Closed
1026,34.202229465449804,0.3902106304573034,Closed,Closed
1027,34.23556497175141,0.3886056416702434,Closed,Closed
1028,34.26890047805302,0.4054918830088934,Closed,Closed
1029,34.302235984354624,0.4375925680696538,Closed,Closed
1030,34.335571490656235,0.5442924365877907,Closed,Open
1031,34.36890699695784,0.6020228882601135,Closed,Open
1032,34.40224250325945,0.6352326552151385,Open,Open
1033,34.43557800956106,0.6471201194608661,Open,Open
1034,34.46891351586267,0.627573049282691,Open,Open
1035,34.50224902216428,0.6342234593080264,Open,Open
1036,34.53558452846588,0.5908925327963301,Closed,Open
1037,34.568920034767494,0.4861340808625916,Closed,Open
1038,34.6022555410691,0.4883678490609236,Closed,Open
1039,34.63559104737071,0.4911114568194333,Closed,Open
1040,34.668926553672314,0.4494509203919616,Closed,Open
1041,34.702262059973926,0.4526236341136143,Closed,Open
1042,34.73559756627553,0.4637641894351298,Closed,Open
1043,34.76893307257714,0.4576666170688115,Closed,Open
1044,34.802268578878746,0.439107032381149,Closed,Closed
1045,34.83560408518036,0.4338916509170422,Closed,Closed
1046,34.86893959148196,0.4376822943284606,Closed,Closed
1047,34.90227509778357,0.4350993197099484,Closed,Closed
1048,34.93561060408518,0.4411264861599322,Closed,Closed
1049,34.96894611038679,0.4243517278719715,Closed,Closed
1050,35.00228161668839,0.425631211621694,Closed,Closed
1051,35.035617122990004,0.438694045979869,Closed,Closed
1052,35.06895262929161,0.480223844223335,Closed,Open
1053,35.10228813559322,0.4801354082111993,Closed,Open
1054,35.135623641894824,0.5226688095286773,Closed,Open
1055,35.168959148196436,0.5050459703858244,Closed,Open
1056,35.20229465449804,0.4699613371525827,Closed,Open
1057,35.23563016079965,0.4617557987989794,Closed,Open
1058,35.268965667101256,0.5034642145858345,Closed,Open
1059,35.30230117340287,0.4992695595543149,Closed,Open
1060,35.33563667970447,0.4951764568504516,Closed,Open
1061,35.36897218600608,0.4583840218482473,Closed,Open
1062,35.402307692307694,0.4267326682580925,Closed,Closed
1063,35.4356431986093,0.3859701710922399,Closed,Closed
1064,35.46897870491091,0.3739209221593372,Closed,Closed
1065,35.502314211212514,0.4111301217917222,Closed,Closed
1066,35.535649717514126,0.4929172925077508,Closed,Open
1067,35.56898522381573,0.5794044693099669,Closed,Open
1068,35.60232073011734,0.6288692494311636,Open,Open
1069,35.635656236418946,0.6695884893322428,Open,Open
1070,35.66899174272056,0.6258581656079502,Open,Open
1071,35.70232724902216,0.6638905034795646,Open,Open
1072,35.73566275532377,0.6115551340787885,Closed,Open
1073,35.76899826162538,0.5205479452054794,Closed,Open
1074,35.80233376792699,0.4926323548277851,Closed,Open
1075,35.83566927422859,0.4698938633397873,Closed,Open
1076,35.869004780530204,0.4422388735049623,Closed,Closed
1077,35.90234028683181,0.4469511811840022,Closed,Open
1078,35.93567579313342,0.4207472284417923,Closed,Closed
1079,35.969011299435024,0.4271252327523365,Closed,Closed
1080,36.002346805736636,0.4217434702880154,Closed,Closed
1081,36.03568231203824,0.3746388080228517,Closed,Closed
1082,36.06901781833985,0.3723166741350019,Closed,Closed
1083,36.102353324641456,0.3849171457184131,Closed,Closed
1084,36.13568883094307,0.3418808445632058,Closed,Closed
1085,36.16902433724467,0.3372688428991018,Closed,Closed
1086,36.20235984354628,0.3375997635723889,Closed,Closed
1087,36.23569534984789,0.3842589905562456,Closed,Closed
1088,36.2690308561495,0.4297923747708195,Closed,Closed
1089,36.30236636245111,0.5837857624328183,Closed,Open
1090,36.335701868752714,0.5879511776596136,Closed,Open
1091,36.369037375054326,0.6384458149311949,Open,Open
1092,36.40237288135593,0.5989460503758525,Closed,Open
1093,36.43570838765754,0.6003838400761562,Closed,Open
1094,36.469043893959146,0.5252009323480324,Closed,Open
1095,36.50237940026076,0.4424605508697462,Closed,Closed
1096,36.53571490656236,0.4657688825932861,Closed,Open
1097,36.56905041286397,0.4766740536674811,Closed,Open
1098,36.60238591916558,0.456240700164104,Closed,Open
1099,36.63572142546719,0.4449941594899848,Closed,Open
1100,36.66905693176879,0.4618588449082796,Closed,Open
1101,36.702392438070405,0.4691971711353979,Closed,Open
1102,36.73572794437201,0.4794322800353204,Closed,Open
1103,36.76906345067362,0.474622336445161,Closed,Open
1104,36.802398956975225,0.4633254656351377,Closed,Open
1105,36.83573446327683,0.4607796117858544,Closed,Open
1106,36.86906996957844,0.4238582221073263,Closed,Closed
1107,36.90240547588005,0.4315013550132778,Closed,Closed
1108,36.935740982181656,0.4809363104902879,Closed,Open
1109,36.96907648848327,0.4947432973752778,Closed,Open
1110,37.00241199478487,0.5745901549398895,Closed,Open
1111,37.03574750108648,0.5763161828740992,Closed,Open
1112,37.06908300738809,0.5933000381132381,Closed,Open
1113,37.1024185136897,0.6324968730496388,Open,Open
1114,37.1357540199913,0.6241436026499333,Open,Open
1115,37.169089526292915,0.589653723856011,Closed,Open
1116,37.202425032594526,0.5569613580159772,Closed,Open
1117,37.23576053889613,0.5207097213048612,Closed,Open
1118,37.26909604519774,0.4863623995541964,Closed,Open
1119,37.302431551499346,0.4392429406800495,Closed,Closed
1120,37.33576705780096,0.4578788194550005,Closed,Open
1121,37.36910256410256,0.4440384540147584,Closed,Closed
1122,37.40243807040417,0.3997213579363127,Closed,Closed
1123,37.43577357670578,0.4511123500040641,Closed,Open
1124,37.46910908300739,0.422772137970525,Closed,Closed
1125,37.50244458930899,0.4066863449140666,Closed,Closed
1126,37.535780095610605,0.425298036767363,Closed,Closed
1127,37.56911560191221,0.4468310594030111,Closed,Open
1128,37.60245110821382,0.4114975016668536,Closed,Closed
1129,37.635786614515425,0.4192341706003933,Closed,Closed
1130,37.66912212081704,0.4031989451542663,Closed,Closed
1131,37.70245762711864,0.4035401330099297,Closed,Closed
1132,37.73579313342025,0.4412966197979049,Closed,Closed
1133,37.769128639721856,0.4949077174600974,Closed,Open
1134,37.80246414602347,0.5616559563017304,Closed,Open
1135,37.83579965232507,0.6592844134717859,Open,Open
1136,37.86913515862668,0.6325034725705675,Open,Open
1137,37.90247066492829,0.6570254401993797,Open,Open
1138,37.9358061712299,0.6018819135602689,Closed,Open
1139,37.9691416775315,0.594270916376498,Closed,Open
1140,38.002477183833115,0.5485277785432051,Closed,Open
1141,38.03581269013472,0.5322101536860111,Closed,Open
1142,38.06914819643633,0.4985868914949271,Closed,Open
1143,38.10248370273794,0.4602742780774675,Closed,Open
1144,38.135819209039546,0.4774057399240835,Closed,Open
1145,38.16915471534116,0.4451857378879003,Closed,Open
1146,38.20249022164276,0.4832633201040205,Closed,Open
1147,38.23582572794437,0.4677978640705398,Closed,Open
1148,38.26916123424598,0.445313549703166,Closed,Open
1149,38.30249674054759,0.4491806142092067,Closed,Open
1150,38.33583224684919,0.4325069250212452,Closed,Closed
1151,38.369167753150805,0.4428266530883912,Closed,Closed
1152,38.40250325945241,0.4161518398918423,Closed,Closed
1153,38.43583876575402,0.3868689911769655,Closed,Closed
1154,38.469174272055625,0.3992488901625676,Closed,Closed
1155,38.50250977835723,0.4352384006714479,Closed,Closed
1156,38.53584528465884,0.4553278416443638,Closed,Open
1157,38.56918079096045,0.4769548497556565,Closed,Open
1158,38.602516297262056,0.5172802162558362,Closed,Open
1159,38.63585180356367,0.625249358440265,Open,Open
1160,38.66918730986527,0.6275604506921427,Open,Open
1161,38.70252281616688,0.6335953725344599,Open,Open
1162,38.73585832246849,0.650346012510372,Open,Open
1163,38.7691938287701,0.6447551949618135,Open,Open
1164,38.8025293350717,0.6152590517343807,Open,Open
1165,38.835864841373315,0.5299579696790915,Closed,Open
1166,38.86920034767492,0.4649503447923089,Closed,Open
1167,38.90253585397653,0.4685200524148672,Closed,Open
1168,38.935871360278135,0.5042905167051774,Closed,Open
1169,38.969206866579746,0.4597369381147693,Closed,Open
1170,39.00254237288136,0.4697199638346839,Closed,Open
1171,39.03587787918296,0.490466902471198,Closed,Open
1172,39.069213385484574,0.4779339090673684,Closed,Open
1173,39.10254889178618,0.4499067763243296,Closed,Open
1174,39.13588439808779,0.4476583875603367,Closed,Open
1175,39.169219904389394,0.420749597017366,Closed,Closed
1176,39.202555410691005,0.4424872953772822,Closed,Closed
1177,39.23589091699261,0.4132186255882859,Closed,Closed
1178,39.26922642329422,0.3792455147972448,Closed,Closed
1179,39.302561929595825,0.3694898561426263,Closed,Closed
1180,39.33589743589744,0.401765317997957,Closed,Closed
1181,39.36923294219904,0.5058307357383742,Closed,Open
1182,39.40256844850065,0.5673627392866407,Closed,Open
1183,39.43590395480226,0.573385733209244,Closed,Open
1184,39.46923946110387,0.6169696052265363,Open,Open
1185,39.50257496740547,0.5737422456691569,Closed,Open
1186,39.53591047370709,0.6165766251504997,Open,Open
1187,39.56924598000869,0.6036720049022999,Closed,Open
1188,39.6025814863103,0.5497788044318144,Closed,Open
1189,39.635916992611904,0.4741032881514054,Closed,Open
1190,39.669252498913515,0.4494698903120818,Closed,Open
1191,39.70258800521512,0.462668060756197,Closed,Open
1192,39.73592351151673,0.4856100329987286,Closed,Open
1193,39.769259017818335,0.4735699065352854,Closed,Open
1194,39.80259452411995,0.437950068857272,Closed,Closed
1195,39.83593003042155,0.4293855950658312,Closed,Closed
1196,39.86926553672316,0.4448109367720554,Closed,Open
1197,39.902601043024774,0.4453095194954297,Closed,Open
1198,39.93593654932638,0.4321999708419556,Closed,Closed
1199,39.96927205562799,0.4258516502906386,Closed,Closed
1200,40.002607561929594,0.3925863598244852,Closed,Closed
1201,40.035943068231205,0.3762374437897063,Closed,Closed
1202,40.06927857453281,0.3895280498457436,Closed,Closed
1203,40.10261408083442,0.3934507509838832,Closed,Closed
1204,40.135949587136025,0.4628244130249591,Closed,Open
1205,40.16928509343764,0.426731701195649,Closed,Closed
1206,40.20262059973924,0.411267217760066,Closed,Closed
1207,40.23595610604085,0.4034544710423737,Closed,Closed
1208,40.26929161234246,0.3874640443369404,Closed,Closed
1209,40.30262711864407,0.4291230608125326,Closed,Closed
1210,40.33596262494567,0.4023622252596451,Closed,Closed
1211,40.36929813124728,0.4084323556928114,Closed,Closed
1212,40.40263363754889,0.3928051719807775,Closed,Closed
1213,40.4359691438505,0.4015013107603805,Closed,Closed
1214,40.469304650152104,0.3900733810503197,Closed,Closed
1215,40.502640156453715,0.4130250387140871,Closed,Closed
1216,40.53597566275532,0.3846718406378666,Closed,Closed
1217,40.56931116905693,0.4131004031560661,Closed,Closed
1218,40.602646675358535,0.4481437749003549,Closed,Open
1219,40.63598218166015,0.4350613655092392,Closed,Closed
1220,40.66931768796175,0.4971371278644332,Closed,Open
1221,40.70265319426336,0.4744760805566579,Closed,Open
1222,40.73598870056497,0.4530043673542296,Closed,Open
1223,40.76932420686658,0.4939286970845126,Closed,Open
1224,40.80265971316819,0.5089567949388678,Closed,Open
1225,40.835995219469794,0.4895879005494571,Closed,Open
1226,40.869330725771405,0.4671213699058572,Closed,Open
1227,40.90266623207301,0.4264301665423088,Closed,Closed
1228,40.93600173837462,0.4452328140689454,Closed,Open
1229,40.969337244676225,0.4234974935120722,Closed,Closed
1230,41.00267275097784,0.3704854809528105,Closed,Closed
1231,41.03600825727944,0.3782210652549561,Closed,Closed
1232,41.06934376358105,0.3638235390509629,Closed,Closed
1233,41.10267926988266,0.3831678394254093,Closed,Closed
1234,41.13601477618427,0.3744255459569418,Closed,Closed
1235,41.16935028248587,0.3781383570845082,Closed,Closed
1236,41.20268578878749,0.392379802284134,Closed,Closed
1237,41.23602129508909,0.4058869543702117,Closed,Closed
1238,41.2693568013907,0.4113911743969142,Closed,Closed
1239,41.302692307692304,0.4526846734391829,Closed,Open
1240,41.336027813993915,0.4418262666789188,Closed,Closed
1241,41.36936332029552,0.4397178647201141,Closed,Closed
1242,41.40269882659713,0.4123676109053482,Closed,Closed
1243,41.436034332898735,0.4430879090719946,Closed,Closed
1244,41.46936983920035,0.4250063205328089,Closed,Closed
1245,41.50270534550195,0.4504341605417124,Closed,Open
1246,41.53604085180356,0.4351658232615636,Closed,Closed
1247,41.56937635810517,0.443406421745928,Closed,Closed
1248,41.60271186440678,0.5030441882134208,Closed,Open
1249,41.63604737070838,0.5417053971346502,Closed,Open
1250,41.669382877009994,0.5386178648802643,Closed,Open
1251,41.702718383311606,0.4730269515503907,Closed,Open
1252,41.73605388961321,0.5316429371701987,Closed,Open
1253,41.76938939591482,0.5379804989066986,Closed,Open
1254,41.802724902216426,0.6137390351095148,Open,Open
1255,41.83606040851804,0.6080045713614182,Closed,Open
1256,41.86939591481964,0.6373576850518091,Open,Open
1257,41.90273142112125,0.640705844190484,Open,Open
1258,41.93606692742286,0.5708761380943089,Closed,Open
1259,41.96940243372447,0.5852931223573838,Closed,Open
1260,42.00273794002607,0.5315629770241763,Closed,Open
1261,42.03607344632768,0.5587832644653378,Closed,Open
1262,42.06940895262929,0.5417473148737025,Closed,Open
1263,42.1027444589309,0.5253576253222343,Closed,Open
1264,42.136079965232504,0.478027118325999,Closed,Open
1265,42.16941547153411,0.4901150973730122,Closed,Open
1266,42.20275097783572,0.470837645319676,Closed,Open
1267,42.23608648413733,0.4456985191797312,Closed,Open
1268,42.269421990438936,0.4051139916457598,Closed,Closed
1269,42.30275749674055,0.3724450106201065,Closed,Closed
1270,42.33609300304215,0.3844979665845518,Closed,Closed
1271,42.36942850934376,0.3826705342783502,Closed,Closed
1272,42.40276401564537,0.4037639072355814,Closed,Closed
1273,42.43609952194698,0.3810284870101504,Closed,Closed
1274,42.46943502824858,0.4168304852022383,Closed,Closed
1275,42.502770534550194,0.4204287283541304,Closed,Closed
1276,42.5361060408518,0.3874608942646765,Closed,Closed
1277,42.56944154715341,0.4103060277439405,Closed,Closed
1278,42.60277705345502,0.4098122354205206,Closed,Closed
1279,42.636112559756626,0.4173446551477406,Closed,Closed
1280,42.66944806605824,0.4126160774714763,Closed,Closed
1281,42.70278357235984,0.4184864584635917,Closed,Closed
1282,42.73611907866145,0.4433684148257691,Closed,Closed
1283,42.76945458496306,0.4252857407256192,Closed,Closed
1284,42.80279009126467,0.3707834277925905,Closed,Closed
1285,42.83612559756627,0.4060762972443397,Closed,Closed
1286,42.86946110386789,0.3959857746533462,Closed,Closed
1287,42.90279661016949,0.3915900972360053,Closed,Closed
1288,42.9361321164711,0.3922278912911965,Closed,Closed
1289,42.969467622772704,0.4006478587711788,Closed,Closed
1290,43.00280312907432,0.3853499772188507,Closed,Closed
1291,43.03613863537592,0.3470910345819851,Closed,Closed
1292,43.06947414167753,0.4157696643264512,Closed,Closed
1293,43.102809647979136,0.4131775210712833,Closed,Closed
1294,43.13614515428075,0.4196753983521677,Closed,Closed
1295,43.16948066058235,0.451429641055466,Closed,Open
1296,43.20281616688396,0.4665020637172402,Closed,Open
1297,43.23615167318557,0.4371548100145901,Closed,Closed
1298,43.26948717948718,0.4293564727161823,Closed,Closed
1299,43.30282268578878,0.4428317834429518,Closed,Closed
1300,43.336158192090394,0.4321346219544468,Closed,Closed
1301,43.369493698392,0.4963040675954972,Closed,Open
1302,43.40282920469361,0.5399608973058511,Closed,Open
1303,43.436164710995214,0.4984299026653659,Closed,Open
1304,43.469500217296826,0.5041895754256213,Closed,Open
1305,43.50283572359844,0.4650356865443414,Closed,Open
1306,43.53617122990004,0.4483163372088101,Closed,Open
1307,43.56950673620165,0.4411180713124638,Closed,Closed
1308,43.60284224250326,0.4613092389077127,Closed,Open
1309,43.63617774880487,0.4621593281450663,Closed,Open
1310,43.66951325510647,0.402824395185983,Closed,Closed
1311,43.70284876140808,0.4346356469280784,Closed,Closed
1312,43.73618426770969,0.4299974473103464,Closed,Closed
1313,43.7695197740113,0.4007113446278121,Closed,Closed
1314,43.802855280312905,0.4103145940133204,Closed,Closed
1315,43.83619078661451,0.3851381367331543,Closed,Closed
1316,43.86952629291612,0.3829700414915657,Closed,Closed
1317,43.90286179921773,0.3957106026535544,Closed,Closed
1318,43.936197305519336,0.3958172464975482,Closed,Closed
1319,43.96953281182095,0.4171984798214661,Closed,Closed
1320,44.00286831812255,0.4172983717131936,Closed,Closed
1321,44.03620382442416,0.4340541067548892,Closed,Closed
1322,44.06953933072577,0.4410155271129862,Closed,Closed
1323,44.10287483702738,0.4186351533262036,Closed,Closed
1324,44.13621034332898,0.3530061222337396,Closed,Closed
1325,44.169545849630595,0.4409555795740626,Closed,Closed
1326,44.2028813559322,0.352420412090846,Closed,Closed
1327,44.23621686223381,0.3918935141907312,Closed,Closed
1328,44.269552368535415,0.4364483887932731,Closed,Closed
1329,44.302887874837026,0.528838227112503,Closed,Open
1330,44.33622338113863,0.516045674543447,Closed,Open
1331,44.36955888744024,0.5733392704221199,Closed,Open
1332,44.402894393741846,0.5848864516382233,Closed,Open
1333,44.43622990004346,0.5991129408630811,Closed,Open
1334,44.46956540634507,0.584451541179428,Closed,Open
1335,44.50290091264667,0.5728749872827048,Closed,Open
1336,44.536236418948285,0.5477370711333602,Closed,Open
1337,44.56957192524989,0.523996701082865,Closed,Open
1338,44.6029074315515,0.4908058790997762,Closed,Open
1339,44.636242937853105,0.36312875620977,Closed,Closed
1340,44.66957844415472,0.3826718672321337,Closed,Closed
1341,44.70291395045632,0.3420922624659643,Closed,Closed
1342,44.73624945675793,0.3206914655384849,Closed,Closed
1343,44.769584963059536,0.3281595501219387,Closed,Closed
1344,44.80292046936115,0.3054256574691513,Closed,Closed
1345,44.83625597566275,0.3251434205409692,Closed,Closed
1346,44.86959148196436,0.3052947082594504,Closed,Closed
1347,44.90292698826597,0.3095050075503269,Closed,Closed
1348,44.93626249456758,0.317416037995043,Closed,Closed
1349,44.96959800086918,0.3297040857051797,Closed,Closed
1350,45.002933507170795,0.357174901193467,Closed,Closed
1351,45.0362690134724,0.3538309575216236,Closed,Closed
1352,45.06960451977401,0.2618222285477116,Closed,Closed
1353,45.102940026075615,0.4041585820941391,Closed,Closed
1354,45.136275532377226,0.4570360737487632,Closed,Open
1355,45.16961103867883,0.3653206377668709,Closed,Closed
1356,45.20294654498044,0.3821528531146566,Closed,Closed
1357,45.236282051282046,0.4568839015344635,Closed,Open
1358,45.26961755758366,0.2777155134201168,Closed,Closed
1359,45.30295306388526,0.3261029044286327,Closed,Closed
1360,45.33628857018687,0.3304730028784556,Closed,Closed
1361,45.369624076488485,0.2658741434651926,Closed,Closed
1362,45.40295958279009,0.2977533032740894,Closed,Closed
1363,45.4362950890917,0.3972776537791543,Closed,Closed
1364,45.469630595393305,0.4082881681968484,Closed,Closed
1365,45.50296610169491,0.2509732572309875,Closed,Closed
1366,45.53630160799652,0.2355315544086863,Closed,Closed
1367,45.56963711429813,0.4423451967894051,Closed,Closed
1368,45.602972620599736,0.451709393296511,Closed,Open
1369,45.63630812690135,0.4530267727802362,Closed,Open
1370,45.66964363320295,0.451327772953498,Closed,Open
1371,45.70297913950456,0.4646339578766994,Closed,Open
1372,45.73631464580617,0.4594233156192089,Closed,Open
1373,45.76965015210778,0.4311173344012123,Closed,Closed
1374,45.80298565840938,0.414252648002668,Closed,Closed
1375,45.836321164710995,0.4463337821204712,Closed,Open
1376,45.8696566710126,0.4648239321540355,Closed,Open
1377,45.90299217731421,0.3778089342008374,Closed,Closed
1378,45.936327683615815,0.4550266584370377,Closed,Open
1379,45.969663189917426,0.3717718482208943,Closed,Closed
1380,46.00299869621903,0.4327195524101407,Closed,Closed
1381,46.03633420252064,0.4451637133766825,Closed,Open
1382,46.069669708822246,0.4138263523939915,Closed,Closed
1383,46.10300521512386,0.4210106887004177,Closed,Closed
1384,46.13634072142546,0.3794865632776834,Closed,Closed
1385,46.169676227727074,0.408297676333573,Closed,Closed
1386,46.20301173402868,0.3986429480837987,Closed,Closed
1387,46.23634724033029,0.4827889940275548,Closed,Open
1388,46.2696827466319,0.439811916287447,Closed,Closed
1389,46.303018252933505,0.4713915564050498,Closed,Open
1390,46.33635375923512,0.4572419304982106,Closed,Open
1391,46.36968926553672,0.506544373187116,Closed,Open
1392,46.40302477183833,0.398498366875441,Closed,Closed
1393,46.43636027813994,0.3653765909421002,Closed,Closed
1394,46.46969578444155,0.4573448288738224,Closed,Open
1395,46.50303129074315,0.4705070760919099,Closed,Open
1396,46.53636679704477,0.4763227620005413,Closed,Open
1397,46.56970230334637,0.4825343496185303,Closed,Open
1398,46.60303780964798,0.3706093989957225,Closed,Closed
1399,46.636373315949584,0.4401377106414832,Closed,Closed
1400,46.669708822251195,0.4110892189222155,Closed,Closed
1401,46.7030443285528,0.3889018435932314,Closed,Closed
1402,46.73637983485441,0.3928599792649991,Closed,Closed
1403,46.769715341156015,0.3835323532287774,Closed,Closed
1404,46.80305084745763,0.3582957702043929,Closed,Closed
1405,46.83638635375923,0.4223284252307667,Closed,Closed
1406,46.86972186006084,0.3910925310916173,Closed,Closed
1407,46.90305736636245,0.3502705904762306,Closed,Closed
1408,46.93639287266406,0.4138762637851426,Closed,Closed
1409,46.96972837896566,0.4028025432386,Closed,Closed
1410,47.003063885267274,0.2347062376431282,Closed,Closed
1411,47.03639939156888,0.3674188956891202,Closed,Closed
1412,47.06973489787049,0.3926516953866966,Closed,Closed
1413,47.103070404172094,0.4231842373366381,Closed,Closed
1414,47.136405910473705,0.4616030456986513,Closed,Open
1415,47.16974141677532,0.5292579739705395,Closed,Open
1416,47.20307692307692,0.502202624783091,Closed,Open
1417,47.23641242937853,0.5026102348736056,Closed,Open
1418,47.26974793568014,0.5030037444919421,Closed,Open
1419,47.30308344198175,0.48960072027167,Closed,Open
1420,47.33641894828335,0.5133862241088817,Closed,Open
1421,47.36975445458496,0.4440777745769914,Closed,Closed
1422,47.40308996088657,0.5023603593033282,Closed,Open
1423,47.43642546718818,0.5049042365323897,Closed,Open
1424,47.469760973489784,0.5064537213290756,Closed,Open
1425,47.503096479791395,0.5864107357649655,Closed,Open
1426,47.536431986093,0.5742063703753852,Closed,Open
1427,47.56976749239461,0.4646488418600445,Closed,Open
1428,47.603102998696215,0.4711726216620874,Closed,Open
1429,47.63643850499783,0.4269783007531875,Closed,Closed
1430,47.66977401129943,0.3953112940921439,Closed,Closed
1431,47.70310951760104,0.4854572996762096,Closed,Open
1432,47.73644502390265,0.4564249110444842,Closed,Open
1433,47.76978053020426,0.4284230946046062,Closed,Closed
1434,47.80311603650586,0.4049949360444421,Closed,Closed
1435,47.836451542807474,0.4243901662215481,Closed,Closed
1436,47.86978704910908,0.4242615582959338,Closed,Closed
1437,47.90312255541069,0.4028179327989763,Closed,Closed
1438,47.936458061712294,0.3963620855778152,Closed,Closed
1439,47.969793568013905,0.4426578203826811,Closed,Closed
1440,48.00312907431551,0.3932532108913062,Closed,Closed
1441,48.03646458061712,0.4604888706581299,Closed,Open
1442,48.06980008691873,0.4480946683485275,Closed,Open
1443,48.10313559322034,0.4215931507745634,Closed,Closed
1444,48.13647109952195,0.4153952922869235,Closed,Closed
1445,48.16980660582355,0.4302358232888827,Closed,Closed
1446,48.20314211212517,0.4112780769424428,Closed,Closed
1447,48.23647761842677,0.3851236102801219,Closed,Closed
1448,48.26981312472838,0.4194403446499169,Closed,Closed
1449,48.303148631029984,0.4279555521635217,Closed,Closed
1450,48.336484137331595,0.438040078902119,Closed,Closed
1451,48.3698196436332,0.4426117626247556,Closed,Closed
1452,48.40315514993481,0.4557810764882782,Closed,Open
1453,48.436490656236415,0.4678861553756394,Closed,Open
1454,48.46982616253803,0.4483706830626326,Closed,Open
1455,48.50316166883963,0.4581282722794215,Closed,Open
1456,48.53649717514124,0.4409675586264118,Closed,Closed
1457,48.56983268144285,0.4705697707490271,Closed,Open
1458,48.60316818774446,0.4724213636484165,Closed,Open
1459,48.63650369404606,0.3935677602495664,Closed,Closed
1460,48.669839200347674,0.3833944754655709,Closed,Closed
1461,48.70317470664928,0.3946327349751932,Closed,Closed
1462,48.73651021295089,0.4392269959625671,Closed,Closed
1463,48.769845719252494,0.4705949487810865,Closed,Open
1464,48.803181225554106,0.4569296186000958,Closed,Open
1465,48.83651673185571,0.4721100245502338,Closed,Open
1466,48.86985223815732,0.456859740852809,Closed,Open
1467,48.903187744458926,0.4619520104632456,Closed,Open
1468,48.93652325076054,0.4895269581790493,Closed,Open
1469,48.96985875706215,0.4821993127354998,Closed,Open
1470,49.00319426336375,0.4642569913809291,Closed,Open
1471,49.03652976966536,0.4693936331221198,Closed,Open
1472,49.06986527596697,0.4797580526319233,Closed,Open
1473,49.10320078226858,0.4630741818074734,Closed,Open
1474,49.136536288570184,0.4764638365199932,Closed,Open
1475,49.16987179487179,0.4526476533498408,Closed,Open
1476,49.2032073011734,0.4179977875856125,Closed,Closed
1477,49.23654280747501,0.3729238531186519,Closed,Closed
1478,49.269878313776616,0.4245660953750974,Closed,Closed
1479,49.30321382007823,0.3548271175223806,Closed,Closed
1480,49.33654932637983,0.3924308521489888,Closed,Closed
1481,49.36988483268144,0.3720870201773316,Closed,Closed
1482,49.40322033898305,0.316915409017291,Closed,Closed
1483,49.43655584528466,0.2923526731023431,Closed,Closed
1484,49.46989135158626,0.3667312199276228,Closed,Closed
1485,49.503226857887874,0.4392159177076866,Closed,Closed
1486,49.53656236418948,0.4499786698364021,Closed,Open
1487,49.56989787049109,0.3975049660463912,Closed,Closed
1488,49.603233376792694,0.402540804432126,Closed,Closed
1489,49.636568883094306,0.4354874744457562,Closed,Closed
1490,49.66990438939591,0.4195180374282373,Closed,Closed
1491,49.70323989569752,0.2737849295040481,Closed,Closed
1492,49.736575401999126,0.2752119853148295,Closed,Closed
1493,49.76991090830074,0.3494214830295733,Closed,Closed
1494,49.80324641460234,0.3502535168817911,Closed,Closed
1495,49.83658192090395,0.4003940240653291,Closed,Closed
1496,49.86991742720557,0.4178860787557577,Closed,Closed
1497,49.90325293350717,0.3880164853109352,Closed,Closed
1498,49.93658843980878,0.3871556570197973,Closed,Closed
1499,49.969923946110384,0.3326548155839939,Closed,Closed
1500,50.003259452412,0.3909188128603881,Closed,Closed
1501,50.0365949587136,0.3808765073511838,Closed,Closed
1502,50.06993046501521,0.3693065466678267,Closed,Closed
1503,50.103265971316816,0.3762685343165421,Closed,Closed
1504,50.13660147761843,0.4114975016668536,Closed,Closed
1505,50.16993698392003,0.383873544707604,Closed,Closed
1506,50.20327249022164,0.3367591010168447,Closed,Closed
1507,50.23660799652325,0.3703462639604072,Closed,Closed
1508,50.26994350282486,0.3629606369145607,Closed,Closed
1509,50.30327900912646,0.3237527822624276,Closed,Closed
1510,50.336614515428074,0.3208636904869656,Closed,Closed
1511,50.36995002172968,0.3920474403101522,Closed,Closed
1512,50.40328552803129,0.3458205267688629,Closed,Closed
1513,50.436621034332894,0.3992995124050644,Closed,Closed
1514,50.469956540634506,0.393073346625868,Closed,Closed
1515,50.50329204693611,0.3617227694531203,Closed,Closed
1516,50.53662755323772,0.4304333244665291,Closed,Closed
1517,50.569963059539326,0.3311139399061456,Closed,Closed
1518,50.60329856584094,0.4441051468327056,Closed,Closed
1519,50.63663407214254,0.396792300431964,Closed,Closed
1520,50.66996957844415,0.4241676104888845,Closed,Closed
1521,50.70330508474576,0.3641431275987583,Closed,Closed
1522,50.73664059104737,0.3309701840194378,Closed,Closed
1523,50.76997609734898,0.4055417475216852,Closed,Closed
1524,50.803311603650585,0.437908097339998,Closed,Closed
1525,50.83664710995219,0.4570395971075443,Closed,Open
1526,50.8699826162538,0.4482444388088679,Closed,Open
1527,50.90331812255541,0.437721258165256,Closed,Closed
1528,50.936653628857016,0.4569076090965656,Closed,Open
1529,50.96998913515863,0.3462444546583174,Closed,Closed
1530,51.00332464146023,0.3127673953272088,Closed,Closed
1531,51.03666014776184,0.3789275469156051,Closed,Closed
1532,51.06999565406345,0.3154726553759789,Closed,Closed
1533,51.10333116036506,0.3926512175282146,Closed,Closed
