frame,timestamp,aspect_ratio_bottom_lip_heigh_to_mouth_width,lips_label,teeth_label
0,0.0,0.1337907427632185,Closed,Closed
1,0.0333355063016079,0.1274346917662431,Closed,Closed
2,0.0666710126032159,0.1579881463022434,Closed,Closed
3,0.1000065189048239,0.1597866593031185,Closed,Closed
4,0.1333420252064319,0.1643389061601301,Closed,Open
5,0.16667753150804,0.1345850565371437,Closed,Closed
6,0.2000130378096479,0.1551650830212666,Closed,Closed
7,0.2333485441112559,0.1695406681472114,Closed,Open
8,0.2666840504128639,0.1718799626786432,Closed,Open
9,0.3000195567144719,0.169576437375547,Closed,Open
10,0.33335506301608,0.1764233243305875,Closed,Open
11,0.3666905693176879,0.1838997740279248,Closed,Open
12,0.4000260756192959,0.1714706932976836,Closed,Open
13,0.4333615819209039,0.1781756266615715,Closed,Open
14,0.4666970882225119,0.1851768247690171,Closed,Open
15,0.50003259452412,0.184752999393536,Closed,Open
16,0.5333681008257279,0.1579024591508301,Closed,Closed
17,0.5667036071273359,0.1583905039297375,Closed,Closed
18,0.6000391134289439,0.156082527469535,Closed,Closed
19,0.6333746197305519,0.1629303150500947,Closed,Open
20,0.66671012603216,0.1572028439353135,Closed,Closed
21,0.7000456323337679,0.1588441818772789,Closed,Closed
22,0.7333811386353759,0.1667147021431267,Closed,Open
23,0.7667166449369839,0.1477768764916821,Closed,Closed
24,0.8000521512385919,0.1429130629308622,Closed,Closed
25,0.8333876575401998,0.141937779196303,Closed,Closed
26,0.8667231638418079,0.1839633312444627,Closed,Open
27,0.9000586701434159,0.1852476671301108,Closed,Open
28,0.933394176445024,0.1716420286067517,Closed,Open
29,0.9667296827466318,0.1784343955500258,Closed,Open
30,1.00006518904824,0.1914969092266401,Closed,Open
31,1.0334006953498478,0.2623133112878095,Open,Open
32,1.066736201651456,0.2046393322841177,Closed,Open
33,1.1000717079530635,0.2682271219772191,Open,Open
34,1.1334072142546718,0.2809793877536436,Open,Open
35,1.16674272055628,0.2179857392204434,Closed,Open
36,1.2000782268578878,0.2024684684725589,Closed,Open
37,1.233413733159496,0.1570154328524625,Closed,Closed
38,1.2667492394611035,0.2216093848102734,Open,Open
39,1.3000847457627118,0.2376395290288876,Open,Open
40,1.33342025206432,0.2301718734724987,Open,Open
41,1.3667557583659278,0.231851448388683,Open,Open
42,1.400091264667536,0.1957230584251437,Closed,Open
43,1.4334267709691435,0.2056593387309193,Closed,Open
44,1.4667622772707518,0.2017605327624452,Closed,Open
45,1.5000977835723597,0.2009566670400842,Closed,Open
46,1.5334332898739678,0.1590160245807317,Closed,Closed
47,1.566768796175576,0.1901763379675405,Closed,Open
48,1.6001043024771835,0.1884148707281363,Closed,Open
49,1.6334398087787918,0.1930111046751509,Closed,Open
50,1.6667753150803997,0.1077134814138234,Closed,Closed
51,1.7001108213820078,0.2123490260889977,Closed,Open
52,1.7334463276836158,0.2327166159131273,Open,Open
53,1.7667818339852237,0.1567394672287316,Closed,Closed
54,1.8001173402868318,0.1501820616982452,Closed,Closed
55,1.8334528465884397,0.1582331447055684,Closed,Closed
56,1.8667883528900475,0.1670034844717162,Closed,Open
57,1.900123859191656,0.1349462513172004,Closed,Closed
58,1.9334593654932637,0.1134302980723296,Closed,Closed
59,1.966794871794872,0.1216610759141485,Closed,Closed
60,2.00013037809648,0.1513500063015507,Closed,Closed
61,2.0334658843980877,0.141696820297549,Closed,Closed
62,2.0668013906996956,0.1678154176836116,Closed,Open
63,2.100136897001304,0.1530858919520678,Closed,Closed
64,2.133472403302912,0.1665130143184629,Closed,Open
65,2.1668079096045196,0.1716715889039847,Closed,Open
66,2.2001434159061275,0.1985137598585885,Closed,Open
67,2.233478922207736,0.1418276554619502,Closed,Closed
68,2.2668144285093437,0.2008953889825934,Closed,Open
69,2.3001499348109515,0.1680150702119566,Closed,Open
70,2.33348544111256,0.173606925037808,Closed,Open
71,2.3668209474141677,0.1881697006566643,Closed,Open
72,2.4001564537157756,0.1753298132673152,Closed,Open
73,2.433491960017383,0.1938704048637392,Closed,Open
74,2.4668274663189917,0.13080316630419,Closed,Closed
75,2.5001629726205996,0.181995220011846,Closed,Open
76,2.5334984789222075,0.1551101073402572,Closed,Closed
77,2.566833985223816,0.1492426038670586,Closed,Closed
78,2.6001694915254236,0.1584793653114267,Closed,Closed
79,2.6335049978270315,0.1630317041958345,Closed,Open
80,2.66684050412864,0.1913672647508703,Closed,Open
81,2.7001760104302477,0.1597866593031185,Closed,Closed
82,2.7335115167318556,0.1668521610665,Closed,Open
83,2.7668470230334634,0.1678556511723242,Closed,Open
84,2.8001825293350717,0.1751283087065359,Closed,Open
85,2.8335180356366796,0.1609396815514618,Closed,Open
86,2.8668535419382875,0.1625495992845862,Closed,Open
87,2.900189048239896,0.1826565789536936,Closed,Open
88,2.9335245545415036,0.1913206635276439,Closed,Open
89,2.9668600608431115,0.1781034993006159,Closed,Open
90,3.0001955671447194,0.1710754381800571,Closed,Open
91,3.0335310734463277,0.1585567235225199,Closed,Closed
92,3.0668665797479355,0.1647552350077353,Closed,Open
93,3.1002020860495434,0.1831357660679281,Closed,Open
94,3.1335375923511517,0.211401343375619,Closed,Open
95,3.1668730986527596,0.1549414283852752,Closed,Closed
96,3.200208604954367,0.1847295045948998,Closed,Open
97,3.2335441112559757,0.1313235545748637,Closed,Closed
98,3.2668796175575836,0.1545403061846566,Closed,Closed
99,3.3002151238591915,0.1799128163237193,Closed,Open
100,3.3335506301607993,0.169076835308634,Closed,Open
101,3.3668861364624076,0.1684768155368719,Closed,Open
102,3.4002216427640155,0.1673021325929634,Closed,Open
103,3.4335571490656234,0.1855397018420435,Closed,Open
104,3.4668926553672317,0.1741412863402459,Closed,Open
105,3.5002281616688395,0.1700737855101695,Closed,Open
106,3.5335636679704474,0.1896648474640437,Closed,Open
107,3.5668991742720553,0.1984637435433847,Closed,Open
108,3.6002346805736636,0.1874072619667227,Closed,Open
109,3.633570186875271,0.164487357710325,Closed,Open
110,3.6669056931768793,0.1588419630663422,Closed,Closed
111,3.700241199478488,0.1795150885063453,Closed,Open
112,3.733576705780095,0.1806250547825376,Closed,Open
113,3.7669122120817033,0.1720052290384453,Closed,Open
114,3.800247718383312,0.1375414906599803,Closed,Closed
115,3.833583224684919,0.1547411339147073,Closed,Closed
116,3.8669187309865274,0.1688575498505224,Closed,Open
117,3.9002542372881353,0.1793518418767338,Closed,Open
118,3.933589743589744,0.1549652562841202,Closed,Closed
119,3.966925249891351,0.1656440725039077,Closed,Open
120,4.00026075619296,0.1673863216817136,Closed,Open
121,4.033596262494568,0.1684128872841656,Closed,Open
122,4.0669317687961755,0.1610844080862496,Closed,Open
123,4.100267275097783,0.1842687203376166,Closed,Open
124,4.133602781399391,0.1995372209593151,Closed,Open
125,4.166938287700999,0.2115605522667101,Closed,Open
126,4.200273794002608,0.2013288592115237,Closed,Open
127,4.233609300304216,0.202533591277269,Closed,Open
128,4.2669448066058235,0.1915840978752333,Closed,Open
129,4.300280312907431,0.1882329550668428,Closed,Open
130,4.333615819209039,0.2179826271875461,Closed,Open
131,4.366951325510647,0.1970918992544148,Closed,Open
132,4.400286831812255,0.1677573322847953,Closed,Open
133,4.433622338113864,0.1658869454652223,Closed,Open
134,4.466957844415472,0.1372256397290975,Closed,Closed
135,4.5002933507170795,0.1531108048898075,Closed,Closed
136,4.533628857018687,0.1539934186988321,Closed,Closed
137,4.566964363320295,0.162058745828311,Closed,Open
138,4.600299869621903,0.1425411126529666,Closed,Closed
139,4.633635375923511,0.1617758970406254,Closed,Open
140,4.66697088222512,0.1593132469692915,Closed,Closed
141,4.700306388526728,0.1648405708346809,Closed,Open
142,4.733641894828335,0.161769049192628,Closed,Open
143,4.766977401129943,0.1777491117184497,Closed,Open
144,4.800312907431551,0.1971879021147857,Closed,Open
145,4.833648413733159,0.1761283038999984,Closed,Open
146,4.866983920034767,0.1861414037975664,Closed,Open
147,4.900319426336376,0.1840080927978415,Closed,Open
148,4.9336549326379835,0.1772422441639062,Closed,Open
149,4.966990438939591,0.1718817513288952,Closed,Open
150,5.000325945241199,0.158649667317439,Closed,Closed
151,5.033661451542807,0.1421387618350305,Closed,Closed
152,5.066996957844415,0.1536112621311975,Closed,Closed
153,5.100332464146024,0.1286471017112577,Closed,Closed
154,5.133667970447632,0.1533668340106677,Closed,Closed
155,5.167003476749239,0.156173761888606,Closed,Closed
156,5.200338983050847,0.1588823232128549,Closed,Closed
157,5.233674489352455,0.1630433555656522,Closed,Open
158,5.267009995654063,0.1639240609653637,Closed,Open
159,5.300345501955671,0.1589310901479741,Closed,Closed
160,5.33368100825728,0.1626648518107047,Closed,Open
161,5.3670165145588875,0.1899657245636361,Closed,Open
162,5.400352020860495,0.2068711903275948,Closed,Open
163,5.433687527162103,0.2027780676874267,Closed,Open
164,5.467023033463711,0.1719526092761254,Closed,Open
165,5.500358539765319,0.1892109383556603,Closed,Open
166,5.533694046066927,0.1706980357102212,Closed,Open
167,5.567029552368536,0.190449719436755,Closed,Open
168,5.6003650586701434,0.2025975114210116,Closed,Open
169,5.633700564971751,0.1632731945639775,Closed,Open
170,5.667036071273359,0.1309739491717817,Closed,Closed
171,5.700371577574967,0.1505481175530568,Closed,Closed
172,5.733707083876575,0.1314154922656242,Closed,Closed
173,5.767042590178183,0.1226434104139524,Closed,Closed
174,5.8003780964797915,0.1244201360397684,Closed,Closed
175,5.833713602781399,0.1300659902954167,Closed,Closed
176,5.867049109083007,0.1532975480433633,Closed,Closed
177,5.900384615384615,0.1584154401599214,Closed,Closed
178,5.933720121686223,0.1625119923744003,Closed,Open
179,5.967055627987831,0.1617150327246296,Closed,Open
180,6.000391134289439,0.1313384809664992,Closed,Closed
181,6.0337266405910475,0.1999289267923541,Closed,Open
182,6.067062146892655,0.1825353856676137,Closed,Open
183,6.100397653194263,0.1765941899130024,Closed,Open
184,6.133733159495871,0.1623034579156028,Closed,Open
185,6.167068665797479,0.1711787143331577,Closed,Open
186,6.200404172099087,0.1658395317016648,Closed,Open
187,6.2337396784006955,0.1539685940993952,Closed,Closed
188,6.267075184702303,0.1552591199853165,Closed,Closed
189,6.300410691003911,0.1586423082731997,Closed,Closed
190,6.333746197305519,0.1730214543851448,Closed,Open
191,6.367081703607127,0.1677283807553676,Closed,Open
192,6.400417209908735,0.1561885116620827,Closed,Closed
193,6.433752716210343,0.1531189183406912,Closed,Closed
194,6.4670882225119515,0.1436417277809172,Closed,Closed
195,6.500423728813559,0.1675031767716376,Closed,Open
196,6.533759235115167,0.1865060192784015,Closed,Open
197,6.567094741416775,0.1848623662171153,Closed,Open
198,6.600430247718383,0.1869591220377611,Closed,Open
199,6.633765754019991,0.1592324388246205,Closed,Closed
200,6.667101260321599,0.2011926865338203,Closed,Open
201,6.700436766623207,0.2011643627258578,Closed,Open
202,6.733772272924815,0.1854965707874308,Closed,Open
203,6.767107779226423,0.2002468810180286,Closed,Open
204,6.800443285528031,0.1795419007297379,Closed,Open
205,6.833778791829639,0.144558098468483,Closed,Closed
206,6.867114298131247,0.1453592998310009,Closed,Closed
207,6.900449804432855,0.1454719894098937,Closed,Closed
208,6.933785310734463,0.171052467237479,Closed,Open
209,6.967120817036071,0.1414895355059333,Closed,Closed
210,7.000456323337679,0.1446745886495713,Closed,Closed
211,7.033791829639287,0.171052467237479,Closed,Open
212,7.067127335940895,0.1517859198297632,Closed,Closed
213,7.100462842242503,0.1614376680678609,Closed,Open
214,7.1337983485441105,0.1499285887638851,Closed,Closed
215,7.167133854845719,0.1753209791041699,Closed,Open
216,7.200469361147327,0.178096752555568,Closed,Open
217,7.233804867448935,0.1916870447380495,Closed,Open
218,7.267140373750543,0.2153811977599518,Closed,Open
219,7.300475880052151,0.2179041988266326,Closed,Open
220,7.333811386353759,0.2188324100989032,Closed,Open
221,7.367146892655367,0.2028649439387378,Closed,Open
222,7.400482398956975,0.187111200727424,Closed,Open
223,7.433817905258583,0.1734824309437524,Closed,Open
224,7.467153411560191,0.1739647840469771,Closed,Open
225,7.500488917861799,0.1644898728683837,Closed,Open
226,7.533824424163407,0.1403659582323409,Closed,Closed
227,7.567159930465015,0.1303555853470412,Closed,Closed
228,7.600495436766623,0.1487635737032803,Closed,Closed
229,7.633830943068231,0.1352254213816199,Closed,Closed
230,7.667166449369839,0.1458331165676605,Closed,Closed
231,7.700501955671447,0.1540658234985066,Closed,Closed
232,7.733837461973055,0.1649001484421224,Closed,Open
233,7.767172968274663,0.1698077437915043,Closed,Open
234,7.8005084745762705,0.1558616221457466,Closed,Closed
235,7.833843980877879,0.1853932188910254,Closed,Open
236,7.867179487179487,0.1543413510339553,Closed,Closed
237,7.900514993481095,0.1848333036049207,Closed,Open
238,7.933850499782703,0.2044327231030795,Closed,Open
239,7.967186006084311,0.1907860352755322,Closed,Open
240,8.00052151238592,0.1893885047696425,Closed,Open
241,8.033857018687527,0.1748258235581575,Closed,Open
242,8.067192524989135,0.1518181057858232,Closed,Closed
243,8.100528031290743,0.1731635739157618,Closed,Open
244,8.133863537592351,0.1644537003403375,Closed,Open
245,8.167199043893959,0.1612250345322807,Closed,Open
246,8.200534550195567,0.1420069969647763,Closed,Closed
247,8.233870056497175,0.1473445448689054,Closed,Closed
248,8.267205562798782,0.1289373613886097,Closed,Closed
249,8.30054106910039,0.1500561863756638,Closed,Closed
250,8.333876575401998,0.1404093206800704,Closed,Closed
251,8.367212081703606,0.146577127371028,Closed,Closed
252,8.400547588005216,0.1412753567155091,Closed,Closed
253,8.433883094306823,0.1590285893619573,Closed,Closed
254,8.467218600608431,0.1608595542028634,Closed,Open
255,8.50055410691004,0.1522369031194726,Closed,Closed
256,8.533889613211647,0.1696485871066737,Closed,Open
257,8.567225119513255,0.1637212616093647,Closed,Open
258,8.600560625814863,0.161498219630211,Closed,Open
259,8.63389613211647,0.1779320029590871,Closed,Open
260,8.667231638418079,0.1994908184918727,Closed,Open
261,8.700567144719686,0.1868180090405524,Closed,Open
262,8.733902651021294,0.1947652657173987,Closed,Open
263,8.767238157322902,0.1823553120336405,Closed,Open
264,8.80057366362451,0.1762044044981412,Closed,Open
265,8.833909169926118,0.1817347598446148,Closed,Open
266,8.867244676227727,0.1466341917241243,Closed,Closed
267,8.900580182529335,0.1645240763282623,Closed,Open
268,8.933915688830943,0.1355153826630284,Closed,Closed
269,8.967251195132551,0.1407072170644574,Closed,Closed
270,9.000586701434159,0.1560117325234452,Closed,Closed
271,9.033922207735769,0.1428851428703348,Closed,Closed
272,9.067257714037376,0.1355357734220349,Closed,Closed
273,9.100593220338984,0.1478661628178743,Closed,Closed
274,9.13392872664059,0.1531189183406912,Closed,Closed
275,9.167264232942198,0.1625851495983989,Closed,Open
276,9.200599739243806,0.1559697026167852,Closed,Closed
277,9.233935245545414,0.165860827398471,Closed,Open
278,9.267270751847022,0.180219782326561,Closed,Open
279,9.300606258148632,0.1787542769948741,Closed,Open
280,9.33394176445024,0.1873282978019791,Closed,Open
281,9.367277270751847,0.1753966796597485,Closed,Open
282,9.400612777053457,0.1599785152771173,Closed,Closed
283,9.433948283355065,0.1841114716945257,Closed,Open
284,9.46728378965667,0.1862433602050697,Closed,Open
285,9.50061929595828,0.1899946332664835,Closed,Open
286,9.533954802259888,0.1804393050369087,Closed,Open
287,9.567290308561494,0.1603986899136879,Closed,Closed
288,9.600625814863102,0.1488722495673675,Closed,Closed
289,9.63396132116471,0.1456078429991098,Closed,Closed
290,9.667296827466318,0.1458627491287525,Closed,Closed
291,9.700632333767926,0.1522632360781934,Closed,Closed
292,9.733967840069534,0.1521741668647177,Closed,Closed
293,9.767303346371143,0.1494673411934608,Closed,Closed
294,9.800638852672751,0.1608397622109909,Closed,Open
295,9.83397435897436,0.1689065178277791,Closed,Open
296,9.867309865275969,0.1694452505930078,Closed,Open
297,9.900645371577577,0.1645066295109594,Closed,Open
298,9.933980877879184,0.1520059979701803,Closed,Closed
299,9.96731638418079,0.1708392963547949,Closed,Open
300,10.000651890482398,0.1664909968769634,Closed,Open
301,10.033987396784006,0.1747944670389945,Closed,Open
302,10.067322903085614,0.2046303819019246,Closed,Open
303,10.100658409387222,0.196116135138184,Closed,Open
304,10.13399391568883,0.1839831207551258,Closed,Open
305,10.167329421990438,0.1997770231912012,Closed,Open
306,10.200664928292047,0.1828747418303792,Closed,Open
307,10.234000434593655,0.1687816040404743,Closed,Open
308,10.267335940895263,0.1452676932518125,Closed,Closed
309,10.300671447196873,0.1422916497207299,Closed,Closed
310,10.33400695349848,0.153778865748285,Closed,Closed
311,10.367342459800089,0.125286807260409,Closed,Closed
312,10.400677966101696,0.1471184151033878,Closed,Closed
313,10.434013472403302,0.1543076979438323,Closed,Closed
314,10.46734897870491,0.1594870788061965,Closed,Closed
315,10.500684485006518,0.1687649946670323,Closed,Open
316,10.534019991308126,0.1626291879889363,Closed,Open
317,10.567355497609734,0.1676198987087675,Closed,Open
318,10.600691003911342,0.1649008500635099,Closed,Open
319,10.63402651021295,0.1546284037924424,Closed,Closed
320,10.66736201651456,0.1736037533179255,Closed,Open
321,10.700697522816167,0.1600528924882773,Closed,Closed
322,10.734033029117777,0.1490107846379303,Closed,Closed
323,10.767368535419385,0.1714736507740807,Closed,Open
324,10.80070404172099,0.1756371873581912,Closed,Open
325,10.8340395480226,0.1941637731798871,Closed,Open
326,10.867375054324206,0.181043424352277,Closed,Open
327,10.900710560625814,0.1791909715115765,Closed,Open
328,10.934046066927422,0.1698470355610229,Closed,Open
329,10.96738157322903,0.1615050817609589,Closed,Open
330,11.000717079530638,0.194291040261009,Closed,Open
331,11.034052585832246,0.1378674312205668,Closed,Closed
332,11.067388092133854,0.1317018374927915,Closed,Closed
333,11.100723598435462,0.1445589918734396,Closed,Closed
334,11.134059104737071,0.1406534517948459,Closed,Closed
335,11.16739461103868,0.1371359966332308,Closed,Closed
336,11.200730117340289,0.1597186930155804,Closed,Closed
337,11.234065623641897,0.1516514850135608,Closed,Closed
338,11.267401129943504,0.153716929515336,Closed,Closed
339,11.30073663624511,0.1619526110967072,Closed,Open
340,11.334072142546718,0.1637750165501452,Closed,Open
341,11.367407648848326,0.1671590360308371,Closed,Open
342,11.400743155149934,0.1591587882939345,Closed,Closed
343,11.434078661451542,0.1735014754018302,Closed,Open
344,11.46741416775315,0.1975519831629324,Closed,Open
345,11.500749674054758,0.1821605026107379,Closed,Open
346,11.534085180356366,0.1875502526691568,Closed,Open
347,11.567420686657975,0.1789067725289113,Closed,Open
348,11.600756192959585,0.1857647894513556,Closed,Open
349,11.634091699261193,0.1792471471629381,Closed,Open
350,11.6674272055628,0.1706008963223151,Closed,Open
351,11.700762711864408,0.1612395155266882,Closed,Open
352,11.734098218166016,0.1452583149391052,Closed,Closed
353,11.767433724467622,0.1507509789939757,Closed,Closed
354,11.80076923076923,0.1484028296979332,Closed,Closed
355,11.834104737070838,0.1372019314802953,Closed,Closed
356,11.867440243372446,0.1487284548808781,Closed,Closed
357,11.900775749674054,0.1660401492357742,Closed,Open
358,11.934111255975662,0.1614975764744579,Closed,Open
359,11.96744676227727,0.1487635737032803,Closed,Closed
360,12.000782268578876,0.1513291937095509,Closed,Closed
361,12.034117774880489,0.1760841415751411,Closed,Open
362,12.067453281182097,0.1938053234258278,Closed,Open
363,12.100788787483705,0.1665487208945275,Closed,Open
364,12.13412429378531,0.1803711498634623,Closed,Open
365,12.16745980008692,0.1772066862126223,Closed,Open
366,12.200795306388526,0.174859461584892,Closed,Open
367,12.234130812690134,0.1099204240130423,Closed,Closed
368,12.267466318991742,0.1336091497823635,Closed,Closed
369,12.30080182529335,0.1751314928887321,Closed,Open
370,12.334137331594958,0.1581138830084189,Closed,Closed
371,12.367472837896566,0.1302019183820833,Closed,Closed
372,12.400808344198174,0.1481024786349982,Closed,Closed
373,12.43414385049978,0.1493348412909887,Closed,Closed
374,12.467479356801393,0.1279826308463849,Closed,Closed
375,12.500814863103,0.1444497486202225,Closed,Closed
376,12.534150369404609,0.172183618093467,Closed,Open
377,12.567485875706216,0.1513041608673057,Closed,Closed
378,12.600821382007824,0.1667620644149145,Closed,Open
379,12.63415688830943,0.154544826400844,Closed,Closed
380,12.667492394611038,0.139796890806194,Closed,Closed
381,12.700827900912646,0.1621461385428438,Closed,Open
382,12.734163407214254,0.1603278650490399,Closed,Closed
383,12.767498913515862,0.1709993332044884,Closed,Open
384,12.80083441981747,0.1892702574311773,Closed,Open
385,12.834169926119078,0.1906191385078102,Closed,Open
386,12.867505432420684,0.1847176372002029,Closed,Open
387,12.900840938722292,0.1923513133897819,Closed,Open
388,12.934176445023905,0.1873660478557151,Closed,Open
389,12.96751195132551,0.1969862934019718,Closed,Open
390,13.00084745762712,0.1957069602272723,Closed,Open
391,13.034182963928728,0.1747008501435249,Closed,Open
392,13.067518470230334,0.1621857257942137,Closed,Open
393,13.100853976531942,0.1640359416197689,Closed,Open
394,13.13418948283355,0.1607220085990856,Closed,Open
395,13.167524989135158,0.1554150769836896,Closed,Closed
396,13.200860495436766,0.1455819597491182,Closed,Closed
397,13.234196001738374,0.1400366705542059,Closed,Closed
398,13.267531508039982,0.1648530036001219,Closed,Open
399,13.30086701434159,0.1529885626201147,Closed,Closed
400,13.334202520643196,0.1487635737032803,Closed,Closed
401,13.367538026944809,0.165417966153741,Closed,Open
402,13.400873533246417,0.1479400801543847,Closed,Closed
403,13.434209039548024,0.1437623834574923,Closed,Closed
404,13.46754454584963,0.1552047693097408,Closed,Closed
405,13.500880052151238,0.1591824606983803,Closed,Closed
406,13.534215558452846,0.1581669680805906,Closed,Closed
407,13.567551064754454,0.1657920436363044,Closed,Open
408,13.600886571056062,0.1788669211713291,Closed,Open
409,13.63422207735767,0.1796019218891636,Closed,Open
410,13.667557583659278,0.2037743178193457,Closed,Open
411,13.700893089960886,0.2209671646325919,Open,Open
412,13.734228596262492,0.2289984993358631,Open,Open
413,13.7675641025641,0.2090436062816165,Closed,Open
414,13.80089960886571,0.1729570080673662,Closed,Open
415,13.83423511516732,0.1826710024853475,Closed,Open
416,13.867570621468928,0.1543842390876507,Closed,Closed
417,13.900906127770536,0.1464600482920581,Closed,Closed
418,13.934241634072142,0.1435719854098547,Closed,Closed
419,13.96757714037375,0.1399430436258698,Closed,Closed
420,14.000912646675358,0.1387416637108307,Closed,Closed
421,14.034248152976966,0.1527273888506208,Closed,Closed
422,14.067583659278574,0.1530540467292699,Closed,Closed
423,14.100919165580182,0.160738992360703,Closed,Open
424,14.13425467188179,0.1597596190154553,Closed,Closed
425,14.167590178183396,0.1602208303793015,Closed,Closed
426,14.200925684485004,0.1805725628955135,Closed,Open
427,14.234261190786611,0.1648846574544561,Closed,Open
428,14.26759669708822,0.1610736104995032,Closed,Open
429,14.30093220338983,0.1490107846379303,Closed,Closed
430,14.33426770969144,0.1693432000165387,Closed,Open
431,14.367603215993046,0.1704489087257191,Closed,Open
432,14.400938722294654,0.1680696959014693,Closed,Open
433,14.434274228596262,0.185578364724073,Closed,Open
434,14.46760973489787,0.1806684243728543,Closed,Open
435,14.500945241199478,0.1903374903722285,Closed,Open
436,14.534280747501086,0.1963037115230112,Closed,Open
437,14.567616253802694,0.1945555044833317,Closed,Open
438,14.600951760104302,0.1763773061857599,Closed,Open
439,14.63428726640591,0.1722318499918497,Closed,Open
440,14.667622772707515,0.1687353970223736,Closed,Open
441,14.700958279009123,0.1520080658688137,Closed,Closed
442,14.734293785310737,0.1418868793641982,Closed,Closed
443,14.767629291612344,0.1499612630234206,Closed,Closed
444,14.80096479791395,0.1309315070571415,Closed,Closed
445,14.834300304215558,0.1600318470693898,Closed,Closed
446,14.867635810517166,0.1463061139729886,Closed,Closed
447,14.900971316818774,0.1474675639422543,Closed,Closed
448,14.934306823120382,0.1779268119682425,Closed,Open
449,14.96764232942199,0.1744830842184955,Closed,Open
450,15.000977835723598,0.1947307973182042,Closed,Open
451,15.034313342025206,0.1693853375656386,Closed,Open
452,15.067648848326812,0.1689102438301362,Closed,Open
453,15.10098435462842,0.168946384786879,Closed,Open
454,15.13431986093003,0.1539911564074731,Closed,Closed
455,15.167655367231635,0.1628653334522385,Closed,Open
456,15.200990873533248,0.1719051058276713,Closed,Open
457,15.234326379834854,0.1486829915948589,Closed,Closed
458,15.267661886136462,0.1580688026977167,Closed,Closed
459,15.30099739243807,0.158635808120134,Closed,Closed
460,15.334332898739678,0.1734392615655221,Closed,Open
461,15.367668405041286,0.1927308339925185,Closed,Open
462,15.401003911342894,0.1872539274039134,Closed,Open
463,15.434339417644502,0.2030445955272088,Closed,Open
464,15.46767492394611,0.1964587684408591,Closed,Open
465,15.501010430247716,0.1930120148350729,Closed,Open
466,15.534345936549323,0.1855439663661386,Closed,Open
467,15.567681442850931,0.1956277310549714,Closed,Open
468,15.60101694915254,0.1814660656912331,Closed,Open
469,15.63435245545415,0.1994649286678854,Closed,Open
470,15.66768796175576,0.2018267569069245,Closed,Open
471,15.701023468057366,0.1724034980795449,Closed,Open
472,15.734358974358974,0.1322318616141102,Closed,Closed
473,15.767694480660582,0.1276748887701295,Closed,Closed
474,15.80102998696219,0.1410215463573343,Closed,Closed
475,15.834365493263798,0.1473829588302646,Closed,Closed
476,15.867700999565406,0.1557527689020299,Closed,Closed
477,15.901036505867014,0.1659255006594485,Closed,Open
478,15.93437201216862,0.1508539286615068,Closed,Closed
479,15.96770751847023,0.1598721533954863,Closed,Closed
480,16.00104302477184,0.1561866669979836,Closed,Closed
481,16.034378531073447,0.1628331812348472,Closed,Open
482,16.067714037375055,0.185207685565294,Closed,Open
483,16.101049543676663,0.1800843415951336,Closed,Open
484,16.13438504997827,0.1843128181196657,Closed,Open
485,16.16772055627988,0.1818913944399688,Closed,Open
486,16.201056062581486,0.1971879021147857,Closed,Open
487,16.234391568883094,0.2098585611362238,Closed,Open
488,16.267727075184702,0.2035099727602447,Closed,Open
489,16.30106258148631,0.204847642134482,Closed,Open
490,16.334398087787918,0.1897505105178563,Closed,Open
491,16.367733594089525,0.1772457570554527,Closed,Open
492,16.401069100391133,0.1724913493550393,Closed,Open
493,16.43440460669274,0.1553130792665778,Closed,Closed
494,16.46774011299435,0.1386172304995639,Closed,Closed
495,16.501075619295957,0.1322620019150856,Closed,Closed
496,16.534411125597565,0.1242240224385098,Closed,Closed
497,16.567746631899173,0.1342814653606211,Closed,Closed
498,16.60108213820078,0.1489033254754497,Closed,Closed
499,16.63441764450239,0.1409644450440752,Closed,Closed
500,16.667753150803996,0.1496334860395319,Closed,Closed
501,16.701088657105604,0.1435111522787032,Closed,Closed
502,16.734424163407212,0.1433190358513565,Closed,Closed
503,16.767759669708823,0.1562753729476314,Closed,Closed
504,16.80109517601043,0.1516326870075652,Closed,Closed
505,16.83443068231204,0.1544204701625451,Closed,Closed
506,16.867766188613647,0.1500873198793264,Closed,Closed
507,16.901101694915255,0.1745364127332328,Closed,Open
508,16.934437201216863,0.1896806706691322,Closed,Open
509,16.96777270751847,0.1792337412403642,Closed,Open
510,17.00110821382008,0.1844245941820844,Closed,Open
511,17.034443720121686,0.2071722809217026,Closed,Open
512,17.067779226423294,0.1953881015257343,Closed,Open
513,17.101114732724902,0.1774539642774392,Closed,Open
514,17.13445023902651,0.1553254694397034,Closed,Closed
515,17.167785745328118,0.1692032712610047,Closed,Open
516,17.201121251629726,0.1500756904601918,Closed,Closed
517,17.234456757931333,0.1369170877333937,Closed,Closed
518,17.26779226423294,0.1324724047410425,Closed,Closed
519,17.30112777053455,0.1362559093928783,Closed,Closed
520,17.334463276836157,0.1343918360942022,Closed,Closed
521,17.367798783137765,0.130609431242203,Closed,Closed
522,17.401134289439373,0.1544483485487392,Closed,Closed
523,17.43446979574098,0.1496951734675395,Closed,Closed
524,17.46780530204259,0.1489599192005322,Closed,Closed
525,17.501140808344196,0.1352334037920811,Closed,Closed
526,17.534476314645804,0.1666666666666666,Closed,Open
527,17.567811820947412,0.1475141603032763,Closed,Closed
528,17.60114732724902,0.1578001024193354,Closed,Closed
529,17.634482833550628,0.177758160265039,Closed,Open
530,17.667818339852236,0.1831723948857115,Closed,Open
531,17.701153846153847,0.1860803028201854,Closed,Open
532,17.734489352455455,0.19216812992326,Closed,Open
533,17.767824858757063,0.1891494793520723,Closed,Open
534,17.80116036505867,0.1912581583394738,Closed,Open
535,17.83449587136028,0.1911405450776311,Closed,Open
536,17.867831377661886,0.1704032901806407,Closed,Open
537,17.901166883963494,0.2014741339035818,Closed,Open
538,17.934502390265102,0.1720213114992513,Closed,Open
539,17.96783789656671,0.1681623644419805,Closed,Open
540,18.001173402868318,0.1685481855877649,Closed,Open
541,18.03450890916993,0.162591200852335,Closed,Open
542,18.067844415471537,0.1464928699671323,Closed,Closed
543,18.10117992177314,0.1563931651532874,Closed,Closed
544,18.13451542807475,0.1520659026439876,Closed,Closed
545,18.167850934376357,0.1444628550857409,Closed,Closed
546,18.201186440677965,0.1461763365511715,Closed,Closed
547,18.234521946979573,0.1505856607363645,Closed,Closed
548,18.26785745328118,0.1507707967947282,Closed,Closed
549,18.30119295958279,0.1605658212340057,Closed,Closed
550,18.334528465884397,0.1579970644605109,Closed,Closed
551,18.367863972186004,0.1538903693597923,Closed,Closed
552,18.401199478487612,0.1566951310333027,Closed,Closed
553,18.43453498478922,0.1715679902336722,Closed,Open
554,18.467870491090828,0.1550963250519854,Closed,Closed
555,18.501205997392436,0.1688088448109472,Closed,Open
556,18.534541503694044,0.176054588902881,Closed,Open
557,18.56787700999565,0.1902895985914168,Closed,Open
558,18.601212516297263,0.185411579935957,Closed,Open
559,18.63454802259887,0.1903160050889424,Closed,Open
560,18.66788352890048,0.1978689457715589,Closed,Open
561,18.701219035202087,0.1907895581780044,Closed,Open
562,18.734554541503694,0.176737186728675,Closed,Open
563,18.767890047805302,0.1713943201099859,Closed,Open
564,18.80122555410691,0.1533618930347389,Closed,Closed
565,18.83456106040852,0.1397389164252456,Closed,Closed
566,18.86789656671013,0.1387999959047635,Closed,Closed
567,18.901232073011737,0.1277141663557472,Closed,Closed
568,18.93456757931334,0.1381210537900288,Closed,Closed
569,18.96790308561495,0.1343009982208766,Closed,Closed
570,19.001238591916557,0.1384353682793192,Closed,Closed
571,19.034574098218165,0.133889155171361,Closed,Closed
572,19.067909604519773,0.1387339136004749,Closed,Closed
573,19.10124511082138,0.1391662405200873,Closed,Closed
574,19.13458061712299,0.1428971839527369,Closed,Closed
575,19.167916123424597,0.1436359539664463,Closed,Closed
576,19.201251629726205,0.1538008294638803,Closed,Closed
577,19.234587136027812,0.1433720877840437,Closed,Closed
578,19.26792264232942,0.1269288292662881,Closed,Closed
579,19.301258148631028,0.150381928207689,Closed,Closed
580,19.334593654932636,0.1789211862923054,Closed,Open
581,19.367929161234244,0.1878541639775965,Closed,Open
582,19.40126466753585,0.166221458213829,Closed,Open
583,19.43460017383746,0.1890691785422541,Closed,Open
584,19.467935680139068,0.145544994787419,Closed,Closed
585,19.50127118644068,0.1537599309472879,Closed,Closed
586,19.534606692742287,0.1634692212228123,Closed,Open
587,19.567942199043895,0.1302686532518548,Closed,Closed
588,19.601277705345503,0.1611585438778381,Closed,Open
589,19.63461321164711,0.1237014951109236,Closed,Closed
590,19.66794871794872,0.1411172097172628,Closed,Closed
591,19.70128422425033,0.1482846858407061,Closed,Closed
592,19.734619730551938,0.1494943214329559,Closed,Closed
593,19.767955236853545,0.167185117310843,Closed,Open
594,19.80129074315515,0.1501695886407222,Closed,Closed
595,19.83462624945676,0.1611765925017686,Closed,Open
596,19.867961755758365,0.1849806136246317,Closed,Open
597,19.901297262059973,0.1692334633241072,Closed,Open
598,19.93463276836158,0.1644962689328012,Closed,Open
599,19.96796827466319,0.1662056238286333,Closed,Open
600,20.001303780964797,0.1930810866909275,Closed,Open
601,20.034639287266405,0.1662027543307122,Closed,Open
602,20.067974793568013,0.1585748831118781,Closed,Closed
603,20.10131029986962,0.1662966105996502,Closed,Open
604,20.13464580617123,0.164007187445918,Closed,Open
605,20.167981312472836,0.1630782012024637,Closed,Open
606,20.201316818774444,0.1402599335744721,Closed,Closed
607,20.234652325076052,0.1573100451473447,Closed,Closed
608,20.26798783137766,0.174954350986192,Closed,Open
609,20.301323337679268,0.1619176861377141,Closed,Open
610,20.334658843980876,0.1572186100388071,Closed,Closed
611,20.367994350282483,0.1582426831714513,Closed,Closed
612,20.401329856584095,0.1671269199875361,Closed,Open
613,20.434665362885703,0.1595755304240779,Closed,Closed
614,20.46800086918731,0.1478847749189802,Closed,Closed
615,20.50133637548892,0.1541520481698088,Closed,Closed
616,20.534671881790526,0.1552047693097408,Closed,Closed
617,20.568007388092138,0.1460630836622297,Closed,Closed
618,20.601342894393746,0.1529407721657727,Closed,Closed
619,20.63467840069535,0.1552609685934116,Closed,Closed
620,20.66801390699696,0.1425047382303397,Closed,Closed
621,20.70134941329857,0.1616717155091593,Closed,Open
622,20.734684919600173,0.1605444579715601,Closed,Closed
623,20.76802042590178,0.1553590947779623,Closed,Closed
624,20.80135593220339,0.1630488608839732,Closed,Open
625,20.834691438504997,0.1530311417700257,Closed,Closed
626,20.868026944806605,0.159026909535726,Closed,Closed
627,20.901362451108213,0.174363149521791,Closed,Open
628,20.93469795740982,0.153975462188722,Closed,Closed
629,20.96803346371143,0.1791557538822758,Closed,Open
630,21.001368970013036,0.1620584411850823,Closed,Open
631,21.034704476314644,0.1480900352947174,Closed,Closed
632,21.068039982616252,0.1580871090038229,Closed,Closed
633,21.10137548891786,0.1346220167180803,Closed,Closed
634,21.134710995219468,0.1475406396331114,Closed,Closed
635,21.168046501521076,0.1811515511292528,Closed,Open
636,21.201382007822684,0.1466844364570786,Closed,Closed
637,21.23471751412429,0.1500602552656362,Closed,Closed
638,21.2680530204259,0.1425477517988244,Closed,Closed
639,21.30138852672751,0.1622456515666357,Closed,Open
640,21.33472403302912,0.1658089912624534,Closed,Open
641,21.368059539330726,0.1733787382541337,Closed,Open
642,21.401395045632334,0.1877706655189789,Closed,Open
643,21.434730551933946,0.1839679630053511,Closed,Open
644,21.46806605823555,0.17321400954421,Closed,Open
645,21.50140156453716,0.1525105855681109,Closed,Closed
646,21.53473707083877,0.1459934225312314,Closed,Closed
647,21.568072577140377,0.1319339602388938,Closed,Closed
648,21.60140808344198,0.1296528510507226,Closed,Closed
649,21.63474358974359,0.1211156197488498,Closed,Closed
650,21.668079096045197,0.1318457212371342,Closed,Closed
651,21.701414602346805,0.1375202689229274,Closed,Closed
652,21.734750108648413,0.1273729855440229,Closed,Closed
653,21.76808561495002,0.1534044497085523,Closed,Closed
654,21.80142112125163,0.151988075961641,Closed,Closed
655,21.834756627553237,0.1494316008356012,Closed,Closed
656,21.868092133854844,0.1472346861983321,Closed,Closed
657,21.901427640156452,0.1449494763269982,Closed,Closed
658,21.93476314645806,0.1606015674447362,Closed,Closed
659,21.968098652759668,0.1607783387223884,Closed,Open
660,22.001434159061276,0.1594704980053472,Closed,Closed
661,22.034769665362884,0.1763643594720368,Closed,Open
662,22.06810517166449,0.1566151393920538,Closed,Closed
663,22.1014406779661,0.1728552461572925,Closed,Open
664,22.134776184267707,0.1717237898985252,Closed,Open
665,22.168111690569315,0.1531976450296248,Closed,Closed
666,22.201447196870923,0.1576892142565142,Closed,Closed
667,22.234782703172534,0.1614219457664671,Closed,Open
668,22.268118209474142,0.1702158345712031,Closed,Open
669,22.30145371577575,0.1626525583186882,Closed,Open
670,22.33478922207736,0.175153439324582,Closed,Open
671,22.36812472837897,0.1569897923096848,Closed,Closed
672,22.401460234680577,0.1580286747788346,Closed,Closed
673,22.43479574098218,0.1485832538150183,Closed,Closed
674,22.46813124728379,0.1399609311865732,Closed,Closed
675,22.501466753585397,0.1550902635095933,Closed,Closed
676,22.534802259887005,0.1580834852607559,Closed,Closed
677,22.568137766188613,0.1491067192536596,Closed,Closed
678,22.60147327249022,0.1494316008356012,Closed,Closed
679,22.63480877879183,0.1532737315003856,Closed,Closed
680,22.668144285093437,0.1570071884154286,Closed,Closed
681,22.701479791395045,0.148539891940609,Closed,Closed
682,22.734815297696652,0.148539891940609,Closed,Closed
683,22.76815080399826,0.1545604172264454,Closed,Closed
684,22.801486310299868,0.1548101807694986,Closed,Closed
685,22.834821816601476,0.1673967104274609,Closed,Open
686,22.868157322903084,0.1660166141310217,Closed,Open
687,22.90149282920469,0.1610742591029421,Closed,Open
688,22.9348283355063,0.1559039927016416,Closed,Closed
689,22.968163841807907,0.1542038389688863,Closed,Closed
690,23.001499348109515,0.1647812336235377,Closed,Open
691,23.034834854411123,0.1625946422645679,Closed,Open
692,23.06817036071273,0.1642013791022851,Closed,Open
693,23.10150586701434,0.1678690766570631,Closed,Open
694,23.13484137331595,0.1498914038568976,Closed,Closed
695,23.16817687961756,0.1363775906371691,Closed,Closed
696,23.20151238591917,0.1500202121336828,Closed,Closed
697,23.234847892220778,0.1585059432167296,Closed,Closed
698,23.268183398522385,0.1505449069740773,Closed,Closed
699,23.30151890482399,0.1542157124529142,Closed,Closed
700,23.3348544111256,0.1436417277809172,Closed,Closed
701,23.368189917427205,0.1560394394760142,Closed,Closed
702,23.401525423728813,0.1674583877549705,Closed,Open
703,23.43486093003042,0.1684647510175817,Closed,Open
704,23.46819643633203,0.1610742591029421,Closed,Open
705,23.501531942633637,0.1589940144319164,Closed,Closed
706,23.534867448935245,0.1772501749535746,Closed,Open
707,23.568202955236853,0.1665982232049218,Closed,Open
708,23.60153846153846,0.1573469880590361,Closed,Closed
709,23.63487396784007,0.1655788994835606,Closed,Open
710,23.668209474141676,0.1629344439700632,Closed,Open
711,23.701544980443284,0.1628745330660669,Closed,Open
712,23.734880486744892,0.1692610398566699,Closed,Open
713,23.7682159930465,0.1723162465233546,Closed,Open
714,23.801551499348108,0.16732763338301,Closed,Open
715,23.834887005649716,0.1512361510887676,Closed,Closed
716,23.868222511951323,0.1494501885037845,Closed,Closed
717,23.90155801825293,0.1551650830212666,Closed,Closed
718,23.93489352455454,0.1590629164774061,Closed,Closed
719,23.968229030856147,0.1935012361812645,Closed,Open
720,24.001564537157755,0.1872360922439466,Closed,Open
721,24.034900043459366,0.1931391362941134,Closed,Open
722,24.068235549760978,0.2082219182172261,Closed,Open
723,24.101571056062586,0.213772821667594,Closed,Open
724,24.13490656236419,0.2151828445712488,Closed,Open
725,24.1682420686658,0.2683050534461951,Open,Open
726,24.20157757496741,0.1736878413336802,Closed,Open
727,24.234913081269013,0.2289829338510981,Open,Open
728,24.26824858757062,0.2247666777691124,Open,Open
729,24.30158409387223,0.2127583866808567,Closed,Open
730,24.334919600173837,0.1838100906623781,Closed,Open
731,24.368255106475445,0.1745036802071526,Closed,Open
732,24.401590612777053,0.1619480055133125,Closed,Open
733,24.43492611907866,0.1856953381770518,Closed,Open
734,24.46826162538027,0.2028016721645768,Closed,Open
735,24.501597131681876,0.2027524230056007,Closed,Open
736,24.534932637983484,0.2277560229086524,Open,Open
737,24.568268144285092,0.2034390644211233,Closed,Open
738,24.6016036505867,0.1628504536999214,Closed,Open
739,24.634939156888308,0.1745098792304798,Closed,Open
740,24.668274663189916,0.1584154401599214,Closed,Closed
741,24.701610169491524,0.177041186036482,Closed,Open
742,24.73494567579313,0.1842135972760292,Closed,Open
743,24.76828118209474,0.2431886513084835,Open,Open
744,24.801616688396347,0.2068272742864458,Closed,Open
745,24.834952194697955,0.158810204201071,Closed,Closed
746,24.868287700999563,0.1664452600549071,Closed,Open
747,24.90162320730117,0.1621646992505858,Closed,Open
748,24.934958713602786,0.1588633708019705,Closed,Closed
749,24.96829421990439,0.1744031871534578,Closed,Open
750,25.001629726206,0.1838551555680387,Closed,Open
751,25.03496523250761,0.1741153888180643,Closed,Open
752,25.068300738809217,0.1550025282630773,Closed,Closed
753,25.10163624511082,0.1605060594555583,Closed,Closed
754,25.13497175141243,0.1510863844853784,Closed,Closed
755,25.168307257714037,0.1488564592321529,Closed,Closed
756,25.201642764015645,0.1599798404501499,Closed,Closed
757,25.234978270317253,0.1589781923704805,Closed,Closed
758,25.26831377661886,0.1696296864117336,Closed,Open
759,25.30164928292047,0.1562070063999093,Closed,Closed
760,25.334984789222077,0.1935656228606515,Closed,Open
761,25.368320295523684,0.196354209800341,Closed,Open
762,25.401655801825292,0.1903645049204593,Closed,Open
763,25.4349913081269,0.1774382493251763,Closed,Open
764,25.468326814428508,0.194738634220147,Closed,Open
765,25.501662320730116,0.1807439344567589,Closed,Open
766,25.534997827031724,0.2080699778557274,Closed,Open
767,25.56833333333333,0.1923513133897819,Closed,Open
768,25.60166883963494,0.1848208850384644,Closed,Open
769,25.635004345936547,0.181312937178015,Closed,Open
770,25.668339852238155,0.165357013356187,Closed,Open
771,25.701675358539763,0.1681008508180722,Closed,Open
772,25.73501086484137,0.1365652388143799,Closed,Closed
773,25.76834637114298,0.1562665843407171,Closed,Closed
774,25.801681877444587,0.164714456988257,Closed,Open
775,25.8350173837462,0.1570708712966652,Closed,Closed
776,25.86835289004781,0.1496422897445609,Closed,Closed
777,25.901688396349417,0.1579304080587314,Closed,Closed
778,25.93502390265102,0.1485357842600103,Closed,Closed
779,25.96835940895263,0.1449150406827013,Closed,Closed
780,26.001694915254237,0.136919497292431,Closed,Closed
781,26.035030421555845,0.1476754799501443,Closed,Closed
782,26.068365927857453,0.1453766441689231,Closed,Closed
783,26.10170143415906,0.1829060591305185,Closed,Open
784,26.13503694046067,0.1946552787573253,Closed,Open
785,26.168372446762277,0.1958434752248292,Closed,Open
786,26.201707953063885,0.1848675375319599,Closed,Open
787,26.235043459365492,0.1803456999288743,Closed,Open
788,26.2683789656671,0.1808018524237519,Closed,Open
789,26.301714471968708,0.1480896340168505,Closed,Closed
790,26.335049978270316,0.1778341309630569,Closed,Open
791,26.368385484571924,0.1386646491816043,Closed,Closed
792,26.40172099087353,0.1470455219601984,Closed,Closed
793,26.43505649717514,0.1396982111569272,Closed,Closed
794,26.468392003476747,0.1550388733080139,Closed,Closed
795,26.501727509778355,0.1541549520822261,Closed,Closed
796,26.535063016079963,0.1843554395849907,Closed,Open
797,26.56839852238157,0.1210131767091009,Closed,Closed
798,26.60173402868318,0.1922562411119917,Closed,Open
799,26.635069534984787,0.1706838904179297,Closed,Open
800,26.668405041286395,0.1852486502715245,Closed,Open
801,26.701740547588003,0.1794110838667389,Closed,Open
802,26.735076053889617,0.1771924779845835,Closed,Open
803,26.768411560191225,0.1680968684907166,Closed,Open
804,26.80174706649283,0.2158325325850696,Closed,Open
805,26.83508257279444,0.221269955921616,Open,Open
806,26.868418079096045,0.1952714098831239,Closed,Open
807,26.901753585397653,0.1537865660822275,Closed,Closed
808,26.93508909169926,0.1479746422825815,Closed,Closed
809,26.96842459800087,0.1455028512609494,Closed,Closed
810,27.001760104302477,0.1208583533440436,Closed,Closed
811,27.035095610604085,0.1310410047429132,Closed,Closed
812,27.068431116905693,0.1554332507219962,Closed,Closed
813,27.1017666232073,0.1619536101333035,Closed,Open
814,27.13510212950891,0.1588602941579075,Closed,Closed
815,27.168437635810516,0.1615412655862277,Closed,Open
816,27.201773142112124,0.1719776519669083,Closed,Open
817,27.235108648413732,0.1825708198848908,Closed,Open
818,27.26844415471534,0.2001555642215311,Closed,Open
819,27.301779661016948,0.2521117964191829,Open,Open
820,27.335115167318556,0.2549463534065115,Open,Open
821,27.368450673620163,0.2183418302263635,Closed,Open
822,27.40178617992177,0.1877381504995698,Closed,Open
823,27.43512168622338,0.1788419187846494,Closed,Open
824,27.468457192524987,0.1582447934287296,Closed,Closed
825,27.501792698826595,0.1420146877000467,Closed,Closed
826,27.535128205128203,0.1580233388033695,Closed,Closed
827,27.56846371142981,0.1491352974242602,Closed,Closed
828,27.60179921773142,0.141896331870664,Closed,Closed
829,27.635134724033023,0.1354123763251402,Closed,Closed
830,27.66847023033464,0.1606501370676302,Closed,Closed
831,27.70180573663625,0.1651272255866085,Closed,Open
832,27.735141242937853,0.1546403358930588,Closed,Closed
833,27.76847674923946,0.1833420942760004,Closed,Open
834,27.80181225554107,0.1878978562255186,Closed,Open
835,27.835147761842677,0.1822161176220625,Closed,Open
836,27.868483268144285,0.192092590483801,Closed,Open
837,27.901818774445893,0.2044184904330466,Closed,Open
838,27.9351542807475,0.2384006813336794,Open,Open
839,27.96848978704911,0.241290780417976,Open,Open
840,28.001825293350716,0.2378768921379109,Open,Open
841,28.035160799652324,0.2382198882848906,Open,Open
842,28.068496305953932,0.1832641429806984,Closed,Open
843,28.10183181225554,0.1570313258649176,Closed,Closed
844,28.135167318557148,0.1365543205057688,Closed,Closed
845,28.168502824858756,0.1663763145584177,Closed,Open
846,28.201838331160364,0.1685200463885195,Closed,Open
847,28.23517383746197,0.168467979184296,Closed,Open
848,28.26850934376358,0.1571188667536869,Closed,Closed
849,28.301844850065187,0.1538530857786241,Closed,Closed
850,28.335180356366795,0.1674927575689011,Closed,Open
851,28.368515862668403,0.1616593432944855,Closed,Open
852,28.40185136897001,0.1619957926582359,Closed,Open
853,28.43518687527162,0.1678084680856095,Closed,Open
854,28.468522381573223,0.162598378349908,Closed,Open
855,28.50185788787483,0.195538193849,Closed,Open
856,28.53519339417644,0.1746285124336961,Closed,Open
857,28.568528900478057,0.1882785410303602,Closed,Open
858,28.60186440677966,0.1803890942764037,Closed,Open
859,28.63519991308127,0.1676895951834182,Closed,Open
860,28.668535419382877,0.1631634032896008,Closed,Open
861,28.701870925684485,0.172633431188409,Closed,Open
862,28.735206431986093,0.165417966153741,Closed,Open
863,28.7685419382877,0.1651229876064893,Closed,Open
864,28.80187744458931,0.1754617092529736,Closed,Open
865,28.835212950890917,0.1744245973182278,Closed,Open
866,28.868548457192524,0.1577859828053432,Closed,Closed
867,28.901883963494132,0.171241438142134,Closed,Open
868,28.93521946979574,0.1860041514008104,Closed,Open
869,28.968554976097348,0.2024538442961894,Closed,Open
870,29.001890482398956,0.2114417196624496,Closed,Open
871,29.035225988700564,0.1883938108836768,Closed,Open
872,29.06856149500217,0.2065480961930069,Closed,Open
873,29.10189700130378,0.1523053263634959,Closed,Closed
874,29.135232507605387,0.13703829948163,Closed,Closed
875,29.168568013906995,0.125286807260409,Closed,Closed
876,29.201903520208603,0.1388838045856643,Closed,Closed
877,29.23523902651021,0.1436128416389846,Closed,Closed
878,29.26857453281182,0.1651693445072238,Closed,Open
879,29.301910039113427,0.1415525613290805,Closed,Closed
880,29.33524554541503,0.1454967081207269,Closed,Closed
881,29.36858105171664,0.131709669123425,Closed,Closed
882,29.40191655801825,0.1656133323258289,Closed,Open
883,29.435252064319855,0.1577834409177947,Closed,Closed
884,29.46858757062147,0.1869748706040855,Closed,Open
885,29.501923076923077,0.1958744458498502,Closed,Open
886,29.535258583224685,0.1903940643806508,Closed,Open
887,29.568594089526293,0.2169850958731708,Closed,Open
888,29.6019295958279,0.2009001585221053,Closed,Open
889,29.63526510212951,0.206674038450065,Closed,Open
890,29.668600608431117,0.1592238845691039,Closed,Closed
891,29.701936114732725,0.1548843895177827,Closed,Closed
892,29.735271621034332,0.1339293856040434,Closed,Closed
893,29.76860712733594,0.1373965116254335,Closed,Closed
894,29.801942633637548,0.1522596368937281,Closed,Closed
895,29.835278139939156,0.1448054508247243,Closed,Closed
896,29.868613646240764,0.1274567013850953,Closed,Closed
897,29.90194915254237,0.1446781958902466,Closed,Closed
898,29.93528465884398,0.1755719567851187,Closed,Open
899,29.968620165145587,0.1623858625527418,Closed,Open
900,30.001955671447195,0.163103353372572,Closed,Open
901,30.035291177748803,0.1655355667373673,Closed,Open
902,30.06862668405041,0.1743059628222509,Closed,Open
903,30.10196219035202,0.1939142313119066,Closed,Open
904,30.135297696653627,0.1918497301560634,Closed,Open
905,30.168633202955235,0.1915662969813507,Closed,Open
906,30.201968709256843,0.2286435020633071,Open,Open
907,30.23530421555845,0.2272269868383604,Open,Open
908,30.26863972186006,0.2274167999789762,Open,Open
909,30.301975228161663,0.2057595746015726,Closed,Open
910,30.33531073446327,0.1942846675303254,Closed,Open
911,30.368646240764885,0.1885898786963613,Closed,Open
912,30.401981747066493,0.1361111611659073,Closed,Closed
913,30.4353172533681,0.1438260756091855,Closed,Closed
914,30.46865275966971,0.1280428320452098,Closed,Closed
915,30.501988265971317,0.1451065480753597,Closed,Closed
916,30.535323772272925,0.1324510394086025,Closed,Closed
917,30.568659278574533,0.1491979020276405,Closed,Closed
918,30.60199478487614,0.1427843122927064,Closed,Closed
919,30.63533029117775,0.1711134930981655,Closed,Open
920,30.668665797479356,0.1489107034498759,Closed,Closed
921,30.702001303780964,0.1301661685732818,Closed,Closed
922,30.735336810082572,0.1477347549134279,Closed,Closed
923,30.76867231638418,0.1582074876834212,Closed,Closed
924,30.802007822685788,0.1624474620905054,Closed,Open
925,30.835343328987395,0.2148904764128183,Closed,Open
926,30.868678835289003,0.2246904124899106,Open,Open
927,30.90201434159061,0.2093901537931922,Closed,Open
928,30.93534984789222,0.2088105602393,Closed,Open
929,30.968685354193827,0.196995839600585,Closed,Open
930,31.002020860495435,0.1622803357581382,Closed,Open
931,31.035356366797043,0.1642524734419993,Closed,Open
932,31.06869187309865,0.1421636418515637,Closed,Closed
933,31.10202737940026,0.1635377718720116,Closed,Open
934,31.135362885701863,0.1582532211125766,Closed,Closed
935,31.16869839200347,0.1253573656516534,Closed,Closed
936,31.20203389830508,0.1807694362814641,Closed,Open
937,31.23536940460669,0.1744534617098893,Closed,Open
938,31.2687049109083,0.1590882047844533,Closed,Closed
939,31.30204041720991,0.1505001758675065,Closed,Closed
940,31.335375923511517,0.1516092976131324,Closed,Closed
941,31.368711429813125,0.1905830291413371,Closed,Open
942,31.402046936114733,0.1909391081474321,Closed,Open
943,31.43538244241634,0.1912021135322482,Closed,Open
944,31.46871794871795,0.2005599419908506,Closed,Open
945,31.502053455019556,0.1985230726584806,Closed,Open
946,31.535388961321164,0.2139235087603884,Closed,Open
947,31.568724467622772,0.2275057462654982,Open,Open
948,31.60205997392438,0.2117177348750653,Closed,Open
949,31.635395480225988,0.1752108309281775,Closed,Open
950,31.668730986527596,0.1570398957212995,Closed,Closed
951,31.702066492829204,0.1577178357807376,Closed,Closed
952,31.73540199913081,0.1466752409906528,Closed,Closed
953,31.76873750543242,0.161347703234874,Closed,Open
954,31.802073011734027,0.1355312451834894,Closed,Closed
955,31.835408518035635,0.1358290792191825,Closed,Closed
956,31.868744024337243,0.13732274440944,Closed,Closed
957,31.90207953063885,0.1398783303996924,Closed,Closed
958,31.93541503694046,0.1400322919803545,Closed,Closed
959,31.968750543242063,0.1754116038614058,Closed,Open
960,32.00208604954368,0.1482277934731766,Closed,Closed
961,32.03542155584528,0.1332829585514101,Closed,Closed
962,32.068757062146894,0.1494011419917973,Closed,Closed
963,32.1020925684485,0.1799921589282247,Closed,Open
964,32.13542807475011,0.2005561574153925,Closed,Open
965,32.168763581051714,0.1931287051156691,Closed,Open
966,32.202099087353325,0.2083710525017574,Closed,Open
967,32.23543459365493,0.1919753700661933,Closed,Open
968,32.26877009995654,0.1724694380086262,Closed,Open
969,32.302105606258145,0.163132086939236,Closed,Open
970,32.33544111255976,0.1801564534844879,Closed,Open
971,32.36877661886136,0.1408194055057573,Closed,Closed
972,32.40211212516297,0.1448863740239358,Closed,Closed
973,32.43544763146458,0.1116362888412171,Closed,Closed
974,32.46878313776619,0.1176788621917359,Closed,Closed
975,32.50211864406779,0.1444320142853602,Closed,Closed
976,32.535454150369404,0.1619694069640947,Closed,Open
977,32.56878965667101,0.1801965399884269,Closed,Open
978,32.60212516297262,0.1744031871534578,Closed,Open
979,32.63546066927423,0.1793794613394813,Closed,Open
980,32.668796175575835,0.1830733155696922,Closed,Open
981,32.70213168187745,0.1576131226018911,Closed,Closed
982,32.73546718817905,0.1638436396465707,Closed,Open
983,32.76880269448066,0.2057760573131203,Closed,Open
984,32.80213820078227,0.2090506942317976,Closed,Open
985,32.83547370708388,0.2204369750341361,Closed,Open
986,32.86880921338548,0.2452731341365608,Open,Open
987,32.902144719687094,0.2363624080573297,Open,Open
988,32.9354802259887,0.2208218973607596,Open,Open
989,32.96881573229031,0.2088643863636556,Closed,Open
990,33.002151238591914,0.2171518230156994,Closed,Open
991,33.035486744893525,0.1938215955288705,Closed,Open
992,33.06882225119513,0.1687608832001727,Closed,Open
993,33.10215775749674,0.1406721332307483,Closed,Closed
994,33.135493263798345,0.1562101463683655,Closed,Closed
995,33.16882877009996,0.1368846827801206,Closed,Closed
996,33.20216427640156,0.1568752496016342,Closed,Closed
997,33.23549978270317,0.1307911949923121,Closed,Closed
998,33.26883528900478,0.1667451523899797,Closed,Open
999,33.30217079530639,0.1690378982534568,Closed,Open
1000,33.33550630160799,0.1291855171847689,Closed,Closed
1001,33.368841807909604,0.1713654512744868,Closed,Open
1002,33.40217731421121,0.1760230286018561,Closed,Open
1003,33.43551282051282,0.1773847998335076,Closed,Open
1004,33.468848326814424,0.1744201031043935,Closed,Open
1005,33.502183833116035,0.1953647226045483,Closed,Open
1006,33.53551933941765,0.2184130952018262,Closed,Open
1007,33.56885484571925,0.214557901983648,Closed,Open
1008,33.60219035202086,0.2171233498771918,Closed,Open
1009,33.63552585832247,0.2192768111888799,Closed,Open
1010,33.66886136462408,0.1943612505920542,Closed,Open
1011,33.70219687092568,0.1861371358643127,Closed,Open
1012,33.735532377227294,0.1938525589926399,Closed,Open
1013,33.7688678835289,0.1449855673103685,Closed,Closed
1014,33.80220338983051,0.1434478868731879,Closed,Closed
1015,33.835538896132114,0.1362551323869626,Closed,Closed
1016,33.868874402433725,0.1519325803005946,Closed,Closed
1017,33.90220990873533,0.1511663547787806,Closed,Closed
1018,33.93554541503694,0.1558958908614232,Closed,Closed
1019,33.968880921338545,0.1403340809174963,Closed,Closed
1020,34.00221642764016,0.1695215348284705,Closed,Open
1021,34.03555193394176,0.1683419464199831,Closed,Open
1022,34.06888744024337,0.1790014254662497,Closed,Open
1023,34.10222294654498,0.1869738473011779,Closed,Open
1024,34.13555845284659,0.1815149082965704,Closed,Open
1025,34.16889395914819,0.1733787382541337,Closed,Open
1026,34.202229465449804,0.1837809919904662,Closed,Open
1027,34.23556497175141,0.1843128181196657,Closed,Open
1028,34.26890047805302,0.1950380217793028,Closed,Open
1029,34.302235984354624,0.1969787411966673,Closed,Open
1030,34.335571490656235,0.2009199176294132,Closed,Open
1031,34.36890699695784,0.1926846420286597,Closed,Open
1032,34.40224250325945,0.1856549520656179,Closed,Open
1033,34.43557800956106,0.1899052927564437,Closed,Open
1034,34.46891351586267,0.1989765321969631,Closed,Open
1035,34.50224902216428,0.1736507353381265,Closed,Open
1036,34.53558452846588,0.1422390145499357,Closed,Closed
1037,34.568920034767494,0.1582983988139397,Closed,Closed
1038,34.6022555410691,0.146117778684599,Closed,Closed
1039,34.63559104737071,0.1683145458715695,Closed,Open
1040,34.668926553672314,0.1652442543455733,Closed,Open
1041,34.702262059973926,0.1744534617098893,Closed,Open
1042,34.73559756627553,0.1826435510469719,Closed,Open
1043,34.76893307257714,0.1548101807694986,Closed,Closed
1044,34.802268578878746,0.1617582629168302,Closed,Open
1045,34.83560408518036,0.1738457714549865,Closed,Open
1046,34.86893959148196,0.1562753729476314,Closed,Closed
1047,34.90227509778357,0.1370692109408197,Closed,Closed
1048,34.93561060408518,0.1584638219455263,Closed,Closed
1049,34.96894611038679,0.1553874647166502,Closed,Closed
1050,35.00228161668839,0.1582768990589426,Closed,Closed
1051,35.035617122990004,0.1851772473731759,Closed,Open
1052,35.06895262929161,0.1659473876486635,Closed,Open
1053,35.10228813559322,0.1597007108105108,Closed,Closed
1054,35.135623641894824,0.1529058389958408,Closed,Closed
1055,35.168959148196436,0.1481036720715819,Closed,Closed
1056,35.20229465449804,0.1628256203876588,Closed,Open
1057,35.23563016079965,0.1578227467935579,Closed,Closed
1058,35.268965667101256,0.1654087072671285,Closed,Open
1059,35.30230117340287,0.1564937561704007,Closed,Closed
1060,35.33563667970447,0.152382074802475,Closed,Closed
1061,35.36897218600608,0.1458627491287525,Closed,Closed
1062,35.402307692307694,0.1633428800962003,Closed,Open
1063,35.4356431986093,0.1610804229410491,Closed,Open
1064,35.46897870491091,0.1667689278161784,Closed,Open
1065,35.502314211212514,0.2031861154382028,Closed,Open
1066,35.535649717514126,0.2115342177777175,Closed,Open
1067,35.56898522381573,0.2,Closed,Open
1068,35.60232073011734,0.206790563635583,Closed,Open
1069,35.635656236418946,0.2095565328632457,Closed,Open
1070,35.66899174272056,0.2076356785120936,Closed,Open
1071,35.70232724902216,0.176614440379202,Closed,Open
1072,35.73566275532377,0.1501772602466745,Closed,Closed
1073,35.76899826162538,0.157048141756104,Closed,Closed
1074,35.80233376792699,0.1487994137029412,Closed,Closed
1075,35.83566927422859,0.1507035227321913,Closed,Closed
1076,35.869004780530204,0.1637012878252848,Closed,Open
1077,35.90234028683181,0.1724103232233622,Closed,Open
1078,35.93567579313342,0.1577543718711457,Closed,Closed
1079,35.969011299435024,0.1786733690868363,Closed,Open
1080,36.002346805736636,0.155661482766877,Closed,Closed
1081,36.03568231203824,0.1565789643972678,Closed,Closed
1082,36.06901781833985,0.1762183377559277,Closed,Open
1083,36.102353324641456,0.1839633312444627,Closed,Open
1084,36.13568883094307,0.1697585119830414,Closed,Open
1085,36.16902433724467,0.1833220851385978,Closed,Open
1086,36.20235984354628,0.1974108280756737,Closed,Open
1087,36.23569534984789,0.2012924205571186,Closed,Open
1088,36.2690308561495,0.2024587612593321,Closed,Open
1089,36.30236636245111,0.2014741273464366,Closed,Open
1090,36.335701868752714,0.1890507952721526,Closed,Open
1091,36.369037375054326,0.1971970984011794,Closed,Open
1092,36.40237288135593,0.181054977098461,Closed,Open
1093,36.43570838765754,0.1663443283398084,Closed,Open
1094,36.469043893959146,0.1469005585567021,Closed,Closed
1095,36.50237940026076,0.1453079800505768,Closed,Closed
1096,36.53571490656236,0.1495581547974955,Closed,Closed
1097,36.56905041286397,0.1550751644918144,Closed,Closed
1098,36.60238591916558,0.1478091188289934,Closed,Closed
1099,36.63572142546719,0.1530322816256604,Closed,Closed
1100,36.66905693176879,0.1642000912174079,Closed,Open
1101,36.702392438070405,0.1644850684493723,Closed,Open
1102,36.73572794437201,0.159026909535726,Closed,Closed
1103,36.76906345067362,0.1696624525654506,Closed,Open
1104,36.802398956975225,0.1648846574544561,Closed,Open
1105,36.83573446327683,0.1617511074186305,Closed,Open
1106,36.86906996957844,0.1679443710332626,Closed,Open
1107,36.90240547588005,0.1570805501960739,Closed,Closed
1108,36.935740982181656,0.170371795413931,Closed,Open
1109,36.96907648848327,0.1908301211787914,Closed,Open
1110,37.00241199478487,0.2059452285862482,Closed,Open
1111,37.03574750108648,0.2124534719703512,Closed,Open
1112,37.06908300738809,0.1973522934664064,Closed,Open
1113,37.1024185136897,0.1807539536350516,Closed,Open
1114,37.1357540199913,0.1737943064848292,Closed,Open
1115,37.169089526292915,0.1440809847468198,Closed,Closed
1116,37.202425032594526,0.1503152239869369,Closed,Closed
1117,37.23576053889613,0.1539818215018303,Closed,Closed
1118,37.26909604519774,0.1646120834671724,Closed,Open
1119,37.302431551499346,0.1463916459569436,Closed,Closed
1120,37.33576705780096,0.1531851950128312,Closed,Closed
1121,37.36910256410256,0.1564640985350044,Closed,Closed
1122,37.40243807040417,0.1566811003288388,Closed,Closed
1123,37.43577357670578,0.1525804780837431,Closed,Closed
1124,37.46910908300739,0.1593730955205695,Closed,Closed
1125,37.50244458930899,0.1644562751724846,Closed,Open
1126,37.535780095610605,0.1629990781743022,Closed,Open
1127,37.56911560191221,0.174574654996504,Closed,Open
1128,37.60245110821382,0.1732176462232534,Closed,Open
1129,37.635786614515425,0.1694531967106378,Closed,Open
1130,37.66912212081704,0.1849501942057,Closed,Open
1131,37.70245762711864,0.1669910042158862,Closed,Open
1132,37.73579313342025,0.1864579213086347,Closed,Open
1133,37.769128639721856,0.188188523477969,Closed,Open
1134,37.80246414602347,0.2059281387099222,Closed,Open
1135,37.83579965232507,0.1995126154099603,Closed,Open
1136,37.86913515862668,0.1864899751697964,Closed,Open
1137,37.90247066492829,0.1622791409052738,Closed,Open
1138,37.9358061712299,0.1701540941198013,Closed,Open
1139,37.9691416775315,0.1576262652568791,Closed,Closed
1140,38.002477183833115,0.1646272291183272,Closed,Open
1141,38.03581269013472,0.1329376312151809,Closed,Closed
1142,38.06914819643633,0.1346915053131468,Closed,Closed
1143,38.10248370273794,0.1396860591539156,Closed,Closed
1144,38.135819209039546,0.1405231911158415,Closed,Closed
1145,38.16915471534116,0.136762304107686,Closed,Closed
1146,38.20249022164276,0.1376158482504983,Closed,Closed
1147,38.23582572794437,0.1443223055931822,Closed,Closed
1148,38.26916123424598,0.1455819597491182,Closed,Closed
1149,38.30249674054759,0.1539039485970772,Closed,Closed
1150,38.33583224684919,0.1538461538461538,Closed,Closed
1151,38.369167753150805,0.1562753729476314,Closed,Closed
1152,38.40250325945241,0.1588412187906062,Closed,Closed
1153,38.43583876575402,0.1754515382054318,Closed,Open
1154,38.469174272055625,0.1925757798842836,Closed,Open
1155,38.50250977835723,0.1762671406738037,Closed,Open
1156,38.53584528465884,0.1783610849511449,Closed,Open
1157,38.56918079096045,0.1970870234316278,Closed,Open
1158,38.602516297262056,0.1903283702476421,Closed,Open
1159,38.63585180356367,0.1925571443280067,Closed,Open
1160,38.66918730986527,0.1918540592478442,Closed,Open
1161,38.70252281616688,0.1799813675993346,Closed,Open
1162,38.73585832246849,0.1938215955288705,Closed,Open
1163,38.7691938287701,0.1861456685626326,Closed,Open
1164,38.8025293350717,0.1634716733708452,Closed,Open
1165,38.835864841373315,0.1437848560350784,Closed,Closed
1166,38.86920034767492,0.1488190166253596,Closed,Closed
1167,38.90253585397653,0.130396726179868,Closed,Closed
1168,38.935871360278135,0.149280114671443,Closed,Closed
1169,38.969206866579746,0.1487965392183101,Closed,Closed
1170,39.00254237288136,0.1360512737817621,Closed,Closed
1171,39.03587787918296,0.1374104316446316,Closed,Closed
1172,39.069213385484574,0.1413712198108826,Closed,Closed
1173,39.10254889178618,0.1472999164095001,Closed,Closed
1174,39.13588439808779,0.1468496428396934,Closed,Closed
1175,39.169219904389394,0.1534014908206832,Closed,Closed
1176,39.202555410691005,0.1478847749189802,Closed,Closed
1177,39.23589091699261,0.1445502977994291,Closed,Closed
1178,39.26922642329422,0.1550230003239658,Closed,Closed
1179,39.302561929595825,0.1727813149462617,Closed,Open
1180,39.33589743589744,0.1701409556968334,Closed,Open
1181,39.36923294219904,0.1848771517138049,Closed,Open
1182,39.40256844850065,0.1898304513793074,Closed,Open
1183,39.43590395480226,0.1811541213777628,Closed,Open
1184,39.46923946110387,0.1971191643587329,Closed,Open
1185,39.50257496740547,0.2156308055341397,Closed,Open
1186,39.53591047370709,0.1749298006774107,Closed,Open
1187,39.56924598000869,0.1672430372630164,Closed,Open
1188,39.6025814863103,0.1437156822442574,Closed,Closed
1189,39.635916992611904,0.1438954489612305,Closed,Closed
1190,39.669252498913515,0.1478736513281784,Closed,Closed
1191,39.70258800521512,0.1552367064172606,Closed,Closed
1192,39.73592351151673,0.1493522366013447,Closed,Closed
1193,39.769259017818335,0.1515549627038339,Closed,Closed
1194,39.80259452411995,0.1432376666040793,Closed,Closed
1195,39.83593003042155,0.1561541309713154,Closed,Closed
1196,39.86926553672316,0.1555788439823033,Closed,Closed
1197,39.902601043024774,0.1471377337096398,Closed,Closed
1198,39.93593654932638,0.1561842390598355,Closed,Closed
1199,39.96927205562799,0.1679355696517466,Closed,Open
1200,40.002607561929594,0.1700415279330714,Closed,Open
1201,40.035943068231205,0.1749655280256396,Closed,Open
1202,40.06927857453281,0.1922572046161773,Closed,Open
1203,40.10261408083442,0.1608411303465443,Closed,Open
1204,40.135949587136025,0.1730850998272233,Closed,Open
1205,40.16928509343764,0.1446005610278005,Closed,Closed
1206,40.20262059973924,0.1631897656686937,Closed,Open
1207,40.23595610604085,0.1788266295619737,Closed,Open
1208,40.26929161234246,0.150494587500294,Closed,Closed
1209,40.30262711864407,0.1461455764532495,Closed,Closed
1210,40.33596262494567,0.1500874617572635,Closed,Closed
1211,40.36929813124728,0.1706855158178803,Closed,Open
1212,40.40263363754889,0.1637798041731719,Closed,Open
1213,40.4359691438505,0.1543179541388438,Closed,Closed
1214,40.469304650152104,0.1427867472022366,Closed,Closed
1215,40.502640156453715,0.1568049517202931,Closed,Closed
1216,40.53597566275532,0.1815859783149171,Closed,Open
1217,40.56931116905693,0.1889756713160096,Closed,Open
1218,40.602646675358535,0.1749359948997075,Closed,Open
1219,40.63598218166015,0.1948076916800075,Closed,Open
1220,40.66931768796175,0.1806965664929739,Closed,Open
1221,40.70265319426336,0.1511127413580263,Closed,Closed
1222,40.73598870056497,0.1445564805457461,Closed,Closed
1223,40.76932420686658,0.14576697607283,Closed,Closed
1224,40.80265971316819,0.152203467673085,Closed,Closed
1225,40.835995219469794,0.1637675287335206,Closed,Open
1226,40.869330725771405,0.1545633642865358,Closed,Closed
1227,40.90266623207301,0.1449692612747507,Closed,Closed
1228,40.93600173837462,0.1400801229304217,Closed,Closed
1229,40.969337244676225,0.1562660334285486,Closed,Closed
1230,41.00267275097784,0.1502563172563964,Closed,Closed
1231,41.03600825727944,0.1582846915132027,Closed,Closed
1232,41.06934376358105,0.1631066166962027,Closed,Open
1233,41.10267926988266,0.166750253751747,Closed,Open
1234,41.13601477618427,0.1720801583817844,Closed,Open
1235,41.16935028248587,0.149374987491258,Closed,Closed
1236,41.20268578878749,0.1729382627410455,Closed,Open
1237,41.23602129508909,0.1638469538685219,Closed,Open
1238,41.2693568013907,0.1758297770456266,Closed,Open
1239,41.302692307692304,0.1694606630934646,Closed,Open
1240,41.336027813993915,0.1734226299691849,Closed,Open
1241,41.36936332029552,0.1754904110254841,Closed,Open
1242,41.40269882659713,0.159105498385621,Closed,Closed
1243,41.436034332898735,0.1495205411286553,Closed,Closed
1244,41.46936983920035,0.1511003468849927,Closed,Closed
1245,41.50270534550195,0.1632734633687623,Closed,Open
1246,41.53604085180356,0.1533450118944584,Closed,Closed
1247,41.56937635810517,0.1567034593293002,Closed,Closed
1248,41.60271186440678,0.1415092168198459,Closed,Closed
1249,41.63604737070838,0.149071198499986,Closed,Closed
1250,41.669382877009994,0.1610637538027845,Closed,Open
1251,41.702718383311606,0.144434952117899,Closed,Closed
1252,41.73605388961321,0.1370466168921373,Closed,Closed
1253,41.76938939591482,0.1320385208002241,Closed,Closed
1254,41.802724902216426,0.1474763246740856,Closed,Closed
1255,41.83606040851804,0.189733549249544,Closed,Open
1256,41.86939591481964,0.1712770535830836,Closed,Open
1257,41.90273142112125,0.188723847772791,Closed,Open
1258,41.93606692742286,0.2058281357053502,Closed,Open
1259,41.96940243372447,0.1523177670694026,Closed,Closed
1260,42.00273794002607,0.1386411431758356,Closed,Closed
1261,42.03607344632768,0.1245774025323846,Closed,Closed
1262,42.06940895262929,0.1219729893888099,Closed,Closed
1263,42.1027444589309,0.1165322702329524,Closed,Closed
1264,42.136079965232504,0.1061515373549897,Closed,Closed
1265,42.16941547153411,0.1262585168334395,Closed,Closed
1266,42.20275097783572,0.1214662504019999,Closed,Closed
1267,42.23608648413733,0.1339402621088791,Closed,Closed
1268,42.269421990438936,0.1379556814538124,Closed,Closed
1269,42.30275749674055,0.148539891940609,Closed,Closed
1270,42.33609300304215,0.1451716762848853,Closed,Closed
1271,42.36942850934376,0.1583154184748884,Closed,Closed
1272,42.40276401564537,0.1563456488269672,Closed,Closed
1273,42.43609952194698,0.162712402159059,Closed,Open
1274,42.46943502824858,0.1602853734343234,Closed,Closed
1275,42.502770534550194,0.1506952197498016,Closed,Closed
1276,42.5361060408518,0.1649393224721346,Closed,Open
1277,42.56944154715341,0.1597186930155804,Closed,Closed
1278,42.60277705345502,0.1671267300236272,Closed,Open
1279,42.636112559756626,0.1586361126599504,Closed,Closed
1280,42.66944806605824,0.1695879465658211,Closed,Open
1281,42.70278357235984,0.1486359043136559,Closed,Closed
1282,42.73611907866145,0.1570761841812313,Closed,Closed
1283,42.76945458496306,0.1497085720959158,Closed,Closed
1284,42.80279009126467,0.1625987581883193,Closed,Open
1285,42.83612559756627,0.1665838164346046,Closed,Open
1286,42.86946110386789,0.1748772016144538,Closed,Open
1287,42.90279661016949,0.1695435025565695,Closed,Open
1288,42.9361321164711,0.1583154184748884,Closed,Closed
1289,42.969467622772704,0.1790831803111359,Closed,Open
1290,43.00280312907432,0.1628283402716248,Closed,Open
1291,43.03613863537592,0.1377564838275165,Closed,Closed
1292,43.06947414167753,0.153003242023775,Closed,Closed
1293,43.102809647979136,0.1712262311847419,Closed,Open
1294,43.13614515428075,0.1825445928069276,Closed,Open
1295,43.16948066058235,0.1691779564255336,Closed,Open
1296,43.20281616688396,0.1896169051153193,Closed,Open
1297,43.23615167318557,0.1848921136035456,Closed,Open
1298,43.26948717948718,0.1756849017739958,Closed,Open
1299,43.30282268578878,0.1743086077634421,Closed,Open
1300,43.336158192090394,0.1846884321545716,Closed,Open
1301,43.369493698392,0.1797315158841892,Closed,Open
1302,43.40282920469361,0.1777015766500601,Closed,Open
1303,43.436164710995214,0.1656253101671741,Closed,Open
1304,43.469500217296826,0.1514211098644352,Closed,Closed
1305,43.50283572359844,0.1586361126599504,Closed,Closed
1306,43.53617122990004,0.135422984103656,Closed,Closed
1307,43.56950673620165,0.120397311623553,Closed,Closed
1308,43.60284224250326,0.1232577973129672,Closed,Closed
1309,43.63617774880487,0.1376799208305048,Closed,Closed
1310,43.66951325510647,0.1467117828002257,Closed,Closed
1311,43.70284876140808,0.1500561863756638,Closed,Closed
1312,43.73618426770969,0.1492628460543615,Closed,Closed
1313,43.7695197740113,0.1506154474680173,Closed,Closed
1314,43.802855280312905,0.1620268730218152,Closed,Open
1315,43.83619078661451,0.1672173601348468,Closed,Open
1316,43.86952629291612,0.1722602406373886,Closed,Open
1317,43.90286179921773,0.16456750987239,Closed,Open
1318,43.936197305519336,0.1806519783167874,Closed,Open
1319,43.96953281182095,0.1632122928294128,Closed,Open
1320,44.00286831812255,0.1631330691390087,Closed,Open
1321,44.03620382442416,0.1750338990960073,Closed,Open
1322,44.06953933072577,0.1712619373339875,Closed,Open
1323,44.10287483702738,0.1728863793677427,Closed,Open
1324,44.13621034332898,0.136047339105345,Closed,Closed
1325,44.169545849630595,0.1870691818505246,Closed,Open
1326,44.2028813559322,0.1618360717116067,Closed,Open
1327,44.23621686223381,0.1274655299842531,Closed,Closed
1328,44.269552368535415,0.2013958000989459,Closed,Open
1329,44.302887874837026,0.1830255057402443,Closed,Open
1330,44.33622338113863,0.1696982080502765,Closed,Open
1331,44.36955888744024,0.1839713246451093,Closed,Open
1332,44.402894393741846,0.1410514653957614,Closed,Closed
1333,44.43622990004346,0.1682812647646685,Closed,Open
1334,44.46956540634507,0.169260299975918,Closed,Open
1335,44.50290091264667,0.1323732682173633,Closed,Closed
1336,44.536236418948285,0.1466219747129365,Closed,Closed
1337,44.56957192524989,0.1589053681997419,Closed,Closed
1338,44.6029074315515,0.1431439427713097,Closed,Closed
1339,44.636242937853105,0.1552226247130936,Closed,Closed
1340,44.66957844415472,0.1928188025787417,Closed,Open
1341,44.70291395045632,0.1875980922033141,Closed,Open
1342,44.73624945675793,0.1784164677111826,Closed,Open
1343,44.769584963059536,0.1608787815728127,Closed,Open
1344,44.80292046936115,0.1761888646206323,Closed,Open
1345,44.83625597566275,0.1717609067081269,Closed,Open
1346,44.86959148196436,0.1648148350835679,Closed,Open
1347,44.90292698826597,0.177556340712378,Closed,Open
1348,44.93626249456758,0.190309010352576,Closed,Open
1349,44.96959800086918,0.1914545311677668,Closed,Open
1350,45.002933507170795,0.1708022826928716,Closed,Open
1351,45.0362690134724,0.1743079717235355,Closed,Open
1352,45.06960451977401,0.1560687887549921,Closed,Closed
1353,45.102940026075615,0.1477506658343106,Closed,Closed
1354,45.136275532377226,0.170203823625972,Closed,Open
1355,45.16961103867883,0.1403047829376688,Closed,Closed
1356,45.20294654498044,0.1555791486590236,Closed,Closed
1357,45.236282051282046,0.1505376344086021,Closed,Closed
1358,45.26961755758366,0.1558276143484049,Closed,Closed
1359,45.30295306388526,0.1646984179858752,Closed,Open
1360,45.33628857018687,0.163383680574604,Closed,Open
1361,45.369624076488485,0.1754181353008682,Closed,Open
1362,45.40295958279009,0.1662394698574928,Closed,Open
1363,45.4362950890917,0.1675742320433836,Closed,Open
1364,45.469630595393305,0.1570419121195426,Closed,Closed
1365,45.50296610169491,0.1739825649507724,Closed,Open
1366,45.53630160799652,0.1722194818057611,Closed,Open
1367,45.56963711429813,0.1435510920186957,Closed,Closed
1368,45.602972620599736,0.1467272237976881,Closed,Closed
1369,45.63630812690135,0.1624198302271611,Closed,Open
1370,45.66964363320295,0.160512605512652,Closed,Closed
1371,45.70297913950456,0.1592818023672959,Closed,Closed
1372,45.73631464580617,0.1466341917241243,Closed,Closed
1373,45.76965015210778,0.1430044296894247,Closed,Closed
1374,45.80298565840938,0.1684055275220443,Closed,Open
1375,45.836321164710995,0.1682301098585318,Closed,Open
1376,45.8696566710126,0.1645909244730466,Closed,Open
1377,45.90299217731421,0.1310295742809984,Closed,Closed
1378,45.936327683615815,0.1436010916110158,Closed,Closed
1379,45.969663189917426,0.1506645231051368,Closed,Closed
1380,46.00299869621903,0.1770363946669532,Closed,Open
1381,46.03633420252064,0.1697404804359382,Closed,Open
1382,46.069669708822246,0.1551355983410622,Closed,Closed
1383,46.10300521512386,0.1712395079435553,Closed,Open
1384,46.13634072142546,0.1737836187219066,Closed,Open
1385,46.169676227727074,0.178197347449981,Closed,Open
1386,46.20301173402868,0.1925121321441435,Closed,Open
1387,46.23634724033029,0.1960690088284472,Closed,Open
1388,46.2696827466319,0.1870330849689714,Closed,Open
1389,46.303018252933505,0.1512845829102116,Closed,Closed
1390,46.33635375923512,0.1417422751406576,Closed,Closed
1391,46.36968926553672,0.1559336472000513,Closed,Closed
1392,46.40302477183833,0.1462657305087571,Closed,Closed
1393,46.43636027813994,0.1680075255411614,Closed,Open
1394,46.46969578444155,0.1548178472118901,Closed,Closed
1395,46.50303129074315,0.1534843720688699,Closed,Closed
1396,46.53636679704477,0.147764660539855,Closed,Closed
1397,46.56970230334637,0.146646181982507,Closed,Closed
1398,46.60303780964798,0.1427135838340887,Closed,Closed
1399,46.636373315949584,0.1541653580383663,Closed,Closed
1400,46.669708822251195,0.1627593466395148,Closed,Open
1401,46.7030443285528,0.1313173009481543,Closed,Closed
1402,46.73637983485441,0.1277562368377975,Closed,Closed
1403,46.769715341156015,0.1277723610349882,Closed,Closed
1404,46.80305084745763,0.1323000472785536,Closed,Closed
1405,46.83638635375923,0.1752449155717511,Closed,Open
1406,46.86972186006084,0.1352790788871263,Closed,Closed
1407,46.90305736636245,0.1397895002950656,Closed,Closed
1408,46.93639287266406,0.1596802083704092,Closed,Closed
1409,46.96972837896566,0.1554759901753395,Closed,Closed
1410,47.003063885267274,0.1005067675110824,Closed,Closed
1411,47.03639939156888,0.1491717718225442,Closed,Closed
1412,47.06973489787049,0.1420081693647241,Closed,Closed
1413,47.103070404172094,0.1844678175108765,Closed,Open
1414,47.136405910473705,0.1691222766357628,Closed,Open
1415,47.16974141677532,0.1564517837845407,Closed,Closed
1416,47.20307692307692,0.1571079429453631,Closed,Closed
1417,47.23641242937853,0.1265290965040412,Closed,Closed
1418,47.26974793568014,0.116935005352943,Closed,Closed
1419,47.30308344198175,0.1109609009189537,Closed,Closed
1420,47.33641894828335,0.132796290504608,Closed,Closed
1421,47.36975445458496,0.1062855311713251,Closed,Closed
1422,47.40308996088657,0.1083942308974161,Closed,Closed
1423,47.43642546718818,0.1522353916165627,Closed,Closed
1424,47.469760973489784,0.1465020381146005,Closed,Closed
1425,47.503096479791395,0.1500924567358107,Closed,Closed
1426,47.536431986093,0.178673270721959,Closed,Open
1427,47.56976749239461,0.1739899088779191,Closed,Open
1428,47.603102998696215,0.1619101850868251,Closed,Open
1429,47.63643850499783,0.196951160198388,Closed,Open
1430,47.66977401129943,0.146336913888071,Closed,Closed
1431,47.70310951760104,0.1716209576345687,Closed,Open
1432,47.73644502390265,0.1595846136326962,Closed,Closed
1433,47.76978053020426,0.1454839974985196,Closed,Closed
1434,47.80311603650586,0.1539356515211485,Closed,Closed
1435,47.836451542807474,0.1400890626932114,Closed,Closed
1436,47.86978704910908,0.1511004125840534,Closed,Closed
1437,47.90312255541069,0.1358498755216407,Closed,Closed
1438,47.936458061712294,0.1427120130284228,Closed,Closed
1439,47.969793568013905,0.1489411951746571,Closed,Closed
1440,48.00312907431551,0.1618550869265348,Closed,Open
1441,48.03646458061712,0.1480358528491426,Closed,Closed
1442,48.06980008691873,0.135464933516698,Closed,Closed
1443,48.10313559322034,0.1473109470751917,Closed,Closed
1444,48.13647109952195,0.1543970374934694,Closed,Closed
1445,48.16980660582355,0.1413693917467669,Closed,Closed
1446,48.20314211212517,0.1430276931555816,Closed,Closed
1447,48.23647761842677,0.1433635963192344,Closed,Closed
1448,48.26981312472838,0.1650208331528953,Closed,Open
1449,48.303148631029984,0.1324732725019758,Closed,Closed
1450,48.336484137331595,0.162712402159059,Closed,Open
1451,48.3698196436332,0.1594967094057306,Closed,Closed
1452,48.40315514993481,0.1477359974417602,Closed,Closed
1453,48.436490656236415,0.1736762337556078,Closed,Open
1454,48.46982616253803,0.1644850684493723,Closed,Open
1455,48.50316166883963,0.1708327202583239,Closed,Open
1456,48.53649717514124,0.172583356024306,Closed,Open
1457,48.56983268144285,0.1644858170675923,Closed,Open
1458,48.60316818774446,0.1611923837970007,Closed,Open
1459,48.63650369404606,0.1750565754260032,Closed,Open
1460,48.669839200347674,0.1833635288404944,Closed,Open
1461,48.70317470664928,0.1748467945286252,Closed,Open
1462,48.73651021295089,0.1822956304251677,Closed,Open
1463,48.769845719252494,0.1754487256538476,Closed,Open
1464,48.803181225554106,0.1621029680874897,Closed,Open
1465,48.83651673185571,0.1743364730376742,Closed,Open
1466,48.86985223815732,0.1627665690199461,Closed,Open
1467,48.903187744458926,0.1657548986117233,Closed,Open
1468,48.93652325076054,0.1689456897088195,Closed,Open
1469,48.96985875706215,0.1685837759131549,Closed,Open
1470,49.00319426336375,0.1789741228903543,Closed,Open
1471,49.03652976966536,0.1446884477130006,Closed,Closed
1472,49.06986527596697,0.1494976176852764,Closed,Closed
1473,49.10320078226858,0.1368564569465992,Closed,Closed
1474,49.136536288570184,0.128130269354454,Closed,Closed
1475,49.16987179487179,0.132555980918092,Closed,Closed
1476,49.2032073011734,0.146205693019051,Closed,Closed
1477,49.23654280747501,0.1342731934814274,Closed,Closed
1478,49.269878313776616,0.1700949361970211,Closed,Open
1479,49.30321382007823,0.1336607416871157,Closed,Closed
1480,49.33654932637983,0.1780603760875025,Closed,Open
1481,49.36988483268144,0.1664799761257553,Closed,Open
1482,49.40322033898305,0.1538365159396155,Closed,Closed
1483,49.43655584528466,0.1629788275383185,Closed,Open
1484,49.46989135158626,0.1554727040186381,Closed,Closed
1485,49.503226857887874,0.1636739256837604,Closed,Open
1486,49.53656236418948,0.1574607043652707,Closed,Closed
1487,49.56989787049109,0.1634987950746321,Closed,Open
1488,49.603233376792694,0.1619694069640947,Closed,Open
1489,49.636568883094306,0.1637571461850238,Closed,Open
1490,49.66990438939591,0.1523177670694026,Closed,Closed
1491,49.70323989569752,0.1357110188514254,Closed,Closed
1492,49.736575401999126,0.1231771317682218,Closed,Closed
1493,49.76991090830074,0.1653440455439821,Closed,Open
1494,49.80324641460234,0.1618287910565569,Closed,Open
1495,49.83658192090395,0.178147954831288,Closed,Open
1496,49.86991742720557,0.1486103085715246,Closed,Closed
1497,49.90325293350717,0.1432788276988031,Closed,Closed
1498,49.93658843980878,0.1437960290664288,Closed,Closed
1499,49.969923946110384,0.1775093759328259,Closed,Open
1500,50.003259452412,0.1635939541134941,Closed,Open
1501,50.0365949587136,0.1681483156801035,Closed,Open
1502,50.06993046501521,0.172429118092866,Closed,Open
1503,50.103265971316816,0.1858053635685315,Closed,Open
1504,50.13660147761843,0.1629888181228899,Closed,Open
1505,50.16993698392003,0.1639616444057345,Closed,Open
1506,50.20327249022164,0.1660034501317603,Closed,Open
1507,50.23660799652325,0.1725058043844458,Closed,Open
1508,50.26994350282486,0.1795714960907801,Closed,Open
1509,50.30327900912646,0.1720708453303584,Closed,Open
1510,50.336614515428074,0.1493895624845,Closed,Closed
1511,50.36995002172968,0.1533200232746963,Closed,Closed
1512,50.40328552803129,0.1685204741639629,Closed,Open
1513,50.436621034332894,0.1574716784642862,Closed,Closed
1514,50.469956540634506,0.184445979363439,Closed,Open
1515,50.50329204693611,0.1668291797302173,Closed,Open
1516,50.53662755323772,0.1535212975042641,Closed,Closed
1517,50.569963059539326,0.1736037533179255,Closed,Open
1518,50.60329856584094,0.1534114658740181,Closed,Closed
1519,50.63663407214254,0.1403404583456908,Closed,Closed
1520,50.66996957844415,0.1597685223036532,Closed,Closed
1521,50.70330508474576,0.1484255389075802,Closed,Closed
1522,50.73664059104737,0.1536910808309801,Closed,Closed
1523,50.76997609734898,0.1617444133289483,Closed,Open
1524,50.803311603650585,0.1533668340106677,Closed,Closed
1525,50.83664710995219,0.1543334726270859,Closed,Closed
1526,50.8699826162538,0.1651693445072238,Closed,Open
1527,50.90331812255541,0.1725058043844458,Closed,Open
1528,50.936653628857016,0.1414685952928589,Closed,Closed
1529,50.96998913515863,0.1395980742609412,Closed,Closed
1530,51.00332464146023,0.143899747093557,Closed,Closed
1531,51.03666014776184,0.1312145182385798,Closed,Closed
1532,51.06999565406345,0.1540344344539849,Closed,Closed
1533,51.10333116036506,0.1391870380752227,Closed,Closed
