frame,timestamp,aspect_ratio_top_lip_heigh_to_mouth_width,lips_label,teeth_label
0,0.0,0.0755494804934949,Closed,Open
1,0.0333355063016079,0.0809675270254212,Closed,Open
2,0.0666710126032159,0.1185497956727638,Closed,Open
3,0.1000065189048239,0.1142030952818873,Closed,Open
4,0.1333420252064319,0.1245204954829389,Closed,Open
5,0.16667753150804,0.0952473098602108,Closed,Open
6,0.2000130378096479,0.126605310244212,Closed,Open
7,0.2333485441112559,0.1298158166939259,Closed,Open
8,0.2666840504128639,0.1265804888979785,Closed,Open
9,0.3000195567144719,0.1230600700494068,Closed,Open
10,0.33335506301608,0.1237803742498875,Closed,Open
11,0.3666905693176879,0.1267052322383206,Closed,Open
12,0.4000260756192959,0.1259840598942076,Closed,Open
13,0.4333615819209039,0.1267052322383206,Closed,Open
14,0.4666970882225119,0.1326399675657779,Closed,Open
15,0.50003259452412,0.1270867970371098,Closed,Open
16,0.5333681008257279,0.1178863265058659,Closed,Open
17,0.5667036071273359,0.1186252570398404,Closed,Open
18,0.6000391134289439,0.1039837233280768,Closed,Open
19,0.6333746197305519,0.1116450957664734,Closed,Open
20,0.66671012603216,0.1179605271907932,Closed,Open
21,0.7000456323337679,0.1077658480133075,Closed,Open
22,0.7333811386353759,0.1213101202712024,Closed,Open
23,0.7667166449369839,0.107911008020849,Closed,Open
24,0.8000521512385919,0.0971032312561817,Closed,Open
25,0.8333876575401998,0.1172540453252768,Closed,Open
26,0.8667231638418079,0.1324641363999452,Closed,Open
27,0.9000586701434159,0.1319395876625582,Closed,Open
28,0.933394176445024,0.1300367640430551,Closed,Open
29,0.9667296827466318,0.1133811326071908,Closed,Open
30,1.00006518904824,0.1136369311479101,Closed,Open
31,1.0334006953498478,0.1606651213493191,Open,Open
32,1.066736201651456,0.1143179428513377,Closed,Open
33,1.1000717079530635,0.1498627962371948,Closed,Open
34,1.1334072142546718,0.1756588487051098,Open,Open
35,1.16674272055628,0.109160938899893,Closed,Open
36,1.2000782268578878,0.1488095238095238,Closed,Open
37,1.233413733159496,0.088795356773963,Closed,Open
38,1.2667492394611035,0.1267404075601315,Closed,Open
39,1.3000847457627118,0.117658803367973,Closed,Open
40,1.33342025206432,0.1127049479046431,Closed,Open
41,1.3667557583659278,0.1128292882302899,Closed,Open
42,1.400091264667536,0.0961817214453226,Closed,Open
43,1.4334267709691435,0.1122957723121976,Closed,Open
44,1.4667622772707518,0.0978682338424063,Closed,Open
45,1.5000977835723597,0.1036673056623895,Closed,Open
46,1.5334332898739678,0.0654436807583114,Closed,Closed
47,1.566768796175576,0.1105878806369545,Closed,Open
48,1.6001043024771835,0.1026518767372607,Closed,Open
49,1.6334398087787918,0.109216371403275,Closed,Open
50,1.6667753150803997,0.0432052038683814,Closed,Closed
51,1.7001108213820078,0.1173966062390545,Closed,Open
52,1.7334463276836158,0.1373727906222589,Closed,Open
53,1.7667818339852237,0.1084317674774322,Closed,Open
54,1.8001173402868318,0.0871511740531153,Closed,Open
55,1.8334528465884397,0.0763590453073304,Closed,Open
56,1.8667883528900475,0.1036573351893411,Closed,Open
57,1.900123859191656,0.085786310708761,Closed,Open
58,1.9334593654932637,0.0717396195160736,Closed,Open
59,1.966794871794872,0.0852732036907286,Closed,Open
60,2.00013037809648,0.1072984715978069,Closed,Open
61,2.0334658843980877,0.0708484101487745,Closed,Open
62,2.0668013906996956,0.1101567747964051,Closed,Open
63,2.100136897001304,0.1024962192897162,Closed,Open
64,2.133472403302912,0.1215926852040805,Closed,Open
65,2.1668079096045196,0.1270770113541202,Closed,Open
66,2.2001434159061275,0.1369060412817852,Closed,Open
67,2.233478922207736,0.1054273982911051,Closed,Open
68,2.2668144285093437,0.1453585263487493,Closed,Open
69,2.3001499348109515,0.1013772850196763,Closed,Open
70,2.33348544111256,0.1111084320241971,Closed,Open
71,2.3668209474141677,0.1016762232685992,Closed,Open
72,2.4001564537157756,0.095168302813571,Closed,Open
73,2.433491960017383,0.1133115447465063,Closed,Open
74,2.4668274663189917,0.0795441705912864,Closed,Open
75,2.5001629726205996,0.0979577132739861,Closed,Open
76,2.5334984789222075,0.0842661820703205,Closed,Open
77,2.566833985223816,0.081687224075019,Closed,Open
78,2.6001694915254236,0.106455145798478,Closed,Open
79,2.6335049978270315,0.1042109385460846,Closed,Open
80,2.66684050412864,0.1152710783806549,Closed,Open
81,2.7001760104302477,0.0912484868158994,Closed,Open
82,2.7335115167318556,0.103647610670455,Closed,Open
83,2.7668470230334634,0.1205482825878939,Closed,Open
84,2.8001825293350717,0.1268170511323191,Closed,Open
85,2.8335180356366796,0.1013323920879574,Closed,Open
86,2.8668535419382875,0.0995651102852489,Closed,Open
87,2.900189048239896,0.1267031786896045,Closed,Open
88,2.9335245545415036,0.1313597006229995,Closed,Open
89,2.9668600608431115,0.1367697907053229,Closed,Open
90,3.0001955671447194,0.1283065786350428,Closed,Open
91,3.0335310734463277,0.1073533058617631,Closed,Open
92,3.0668665797479355,0.1046796893230458,Closed,Open
93,3.1002020860495434,0.1180246379450834,Closed,Open
94,3.1335375923511517,0.1483213033154842,Closed,Open
95,3.1668730986527596,0.0875041018509136,Closed,Open
96,3.200208604954367,0.127959019134785,Closed,Open
97,3.2335441112559757,0.0915337710612993,Closed,Open
98,3.2668796175575836,0.0893557778953245,Closed,Open
99,3.3002151238591915,0.1240347345892084,Closed,Open
100,3.3335506301607993,0.0785317837984718,Closed,Open
101,3.3668861364624076,0.102401027800743,Closed,Open
102,3.4002216427640155,0.0898250908572807,Closed,Open
103,3.4335571490656234,0.1117608152136181,Closed,Open
104,3.4668926553672317,0.1056422490279366,Closed,Open
105,3.5002281616688395,0.1175776030860402,Closed,Open
106,3.5335636679704474,0.1441346515807078,Closed,Open
107,3.5668991742720553,0.1276991572472811,Closed,Open
108,3.6002346805736636,0.1187295428867706,Closed,Open
109,3.633570186875271,0.0992487264606481,Closed,Open
110,3.6669056931768793,0.1034322234705945,Closed,Open
111,3.700241199478488,0.0999978166653928,Closed,Open
112,3.733576705780095,0.0969164243922875,Closed,Open
113,3.7669122120817033,0.1084124648901966,Closed,Open
114,3.800247718383312,0.0818930163004032,Closed,Open
115,3.833583224684919,0.0745049904033776,Closed,Open
116,3.8669187309865274,0.09668755178073,Closed,Open
117,3.9002542372881353,0.1077172174211436,Closed,Open
118,3.933589743589744,0.1092005586015016,Closed,Open
119,3.966925249891351,0.0894661630877516,Closed,Open
120,4.00026075619296,0.1061580656295159,Closed,Open
121,4.033596262494568,0.096362277255145,Closed,Open
122,4.0669317687961755,0.077258733597558,Closed,Open
123,4.100267275097783,0.1192281062037696,Closed,Open
124,4.133602781399391,0.1372564796492968,Closed,Open
125,4.166938287700999,0.1537614687467443,Closed,Open
126,4.200273794002608,0.1143030716456882,Closed,Open
127,4.233609300304216,0.1283398579303172,Closed,Open
128,4.2669448066058235,0.1107505270457728,Closed,Open
129,4.300280312907431,0.1029739340662862,Closed,Open
130,4.333615819209039,0.1313029819225779,Closed,Open
131,4.366951325510647,0.1290014837037738,Closed,Open
132,4.400286831812255,0.1078901605732757,Closed,Open
133,4.433622338113864,0.0958955719396466,Closed,Open
134,4.466957844415472,0.0802365651859615,Closed,Open
135,4.5002933507170795,0.0797067729183022,Closed,Open
136,4.533628857018687,0.0801662460332212,Closed,Open
137,4.566964363320295,0.0815654054819212,Closed,Open
138,4.600299869621903,0.0824162025594834,Closed,Open
139,4.633635375923511,0.095988443238941,Closed,Open
140,4.66697088222512,0.0892167649811176,Closed,Open
141,4.700306388526728,0.1175907573191726,Closed,Open
142,4.733641894828335,0.1141536698297274,Closed,Open
143,4.766977401129943,0.1349032034328142,Closed,Open
144,4.800312907431551,0.1528729360604437,Closed,Open
145,4.833648413733159,0.1323567363046731,Closed,Open
146,4.866983920034767,0.1156299782222942,Closed,Open
147,4.900319426336376,0.1181722475939467,Closed,Open
148,4.9336549326379835,0.1035928742948945,Closed,Open
149,4.966990438939591,0.0897859108415552,Closed,Open
150,5.000325945241199,0.0828738640063608,Closed,Open
151,5.033661451542807,0.0887263775382514,Closed,Open
152,5.066996957844415,0.0855746858077694,Closed,Open
153,5.100332464146024,0.0645221829831554,Closed,Closed
154,5.133667970447632,0.0824162025594834,Closed,Open
155,5.167003476749239,0.0970849148916332,Closed,Open
156,5.200338983050847,0.1022309587309403,Closed,Open
157,5.233674489352455,0.0874827640128198,Closed,Open
158,5.267009995654063,0.0819620304826818,Closed,Open
159,5.300345501955671,0.1098742912048183,Closed,Open
160,5.33368100825728,0.0878057743807236,Closed,Open
161,5.3670165145588875,0.1295349173385743,Closed,Open
162,5.400352020860495,0.1537446319668397,Closed,Open
163,5.433687527162103,0.1489864170573664,Closed,Open
164,5.467023033463711,0.1009740489652524,Closed,Open
165,5.500358539765319,0.1169980052010168,Closed,Open
166,5.533694046066927,0.1218312562859726,Closed,Open
167,5.567029552368536,0.0962740084549896,Closed,Open
168,5.6003650586701434,0.1303589814791738,Closed,Open
169,5.633700564971751,0.091665939623709,Closed,Open
170,5.667036071273359,0.0894063310073324,Closed,Open
171,5.700371577574967,0.0964616584806775,Closed,Open
172,5.733707083876575,0.0750812825968168,Closed,Open
173,5.767042590178183,0.0874014087596351,Closed,Open
174,5.8003780964797915,0.0905704163575662,Closed,Open
175,5.833713602781399,0.0770842287971768,Closed,Open
176,5.867049109083007,0.1118497550647534,Closed,Open
177,5.900384615384615,0.1097601911052899,Closed,Open
178,5.933720121686223,0.099542075247472,Closed,Open
179,5.967055627987831,0.1079022854377699,Closed,Open
180,6.000391134289439,0.096984643915472,Closed,Open
181,6.0337266405910475,0.1332859511949027,Closed,Open
182,6.067062146892655,0.0980038768672085,Closed,Open
183,6.100397653194263,0.0882970949565012,Closed,Open
184,6.133733159495871,0.0813313346270543,Closed,Open
185,6.167068665797479,0.1100553378842369,Closed,Open
186,6.200404172099087,0.0995037190209989,Closed,Open
187,6.2337396784006955,0.080044460565877,Closed,Open
188,6.267075184702303,0.0895063907358182,Closed,Open
189,6.300410691003911,0.0880889133339747,Closed,Open
190,6.333746197305519,0.1001511110602476,Closed,Open
191,6.367081703607127,0.1017518805631793,Closed,Open
192,6.400417209908735,0.078610871756543,Closed,Open
193,6.433752716210343,0.0874444610579274,Closed,Open
194,6.4670882225119515,0.0779006644234429,Closed,Open
195,6.500423728813559,0.098809980244582,Closed,Open
196,6.533759235115167,0.1204141440935102,Closed,Open
197,6.567094741416775,0.1294783769758678,Closed,Open
198,6.600430247718383,0.1418931674540826,Closed,Open
199,6.633765754019991,0.1019087608477571,Closed,Open
200,6.667101260321599,0.1494130154610582,Closed,Open
201,6.700436766623207,0.1280368799328959,Closed,Open
202,6.733772272924815,0.1191281663627866,Closed,Open
203,6.767107779226423,0.126890833756362,Closed,Open
204,6.800443285528031,0.1106132637509944,Closed,Open
205,6.833778791829639,0.0876610882892902,Closed,Open
206,6.867114298131247,0.0734276591573369,Closed,Open
207,6.900449804432855,0.0766585083768907,Closed,Open
208,6.933785310734463,0.1084229532565947,Closed,Open
209,6.967120817036071,0.088003910781436,Closed,Open
210,7.000456323337679,0.0725509943304607,Closed,Open
211,7.033791829639287,0.0970433870890898,Closed,Open
212,7.067127335940895,0.0882784895286459,Closed,Open
213,7.100462842242503,0.1022768292607937,Closed,Open
214,7.1337983485441105,0.0849123731886943,Closed,Open
215,7.167133854845719,0.1103872831396625,Closed,Open
216,7.200469361147327,0.1082480723032983,Closed,Open
217,7.233804867448935,0.1259826790900572,Closed,Open
218,7.267140373750543,0.1540797297705228,Closed,Open
219,7.300475880052151,0.1105583595060331,Closed,Open
220,7.333811386353759,0.1385938597293054,Closed,Open
221,7.367146892655367,0.1304689999426197,Closed,Open
222,7.400482398956975,0.1152847900657305,Closed,Open
223,7.433817905258583,0.1042371556374434,Closed,Open
224,7.467153411560191,0.107808668414224,Closed,Open
225,7.500488917861799,0.0879876897672547,Closed,Open
226,7.533824424163407,0.0853595065189569,Closed,Open
227,7.567159930465015,0.0868283843883611,Closed,Open
228,7.600495436766623,0.071789285902307,Closed,Open
229,7.633830943068231,0.0812503791768108,Closed,Open
230,7.667166449369839,0.0809628870225006,Closed,Open
231,7.700501955671447,0.0861136630710857,Closed,Open
232,7.733837461973055,0.0993284716735602,Closed,Open
233,7.767172968274663,0.1174139827163462,Closed,Open
234,7.8005084745762705,0.0930174513531713,Closed,Open
235,7.833843980877879,0.1141964862500766,Closed,Open
236,7.867179487179487,0.1127045798015042,Closed,Open
237,7.900514993481095,0.1370117972750537,Closed,Open
238,7.933850499782703,0.1481096212581358,Closed,Open
239,7.967186006084311,0.1397895002950656,Closed,Open
240,8.00052151238592,0.1176470588235294,Closed,Open
241,8.033857018687527,0.1037681504123814,Closed,Open
242,8.067192524989135,0.1012120705238821,Closed,Open
243,8.100528031290743,0.1089542139776115,Closed,Open
244,8.133863537592351,0.1050049829018518,Closed,Open
245,8.167199043893959,0.1036636272154388,Closed,Open
246,8.200534550195567,0.0793556608476134,Closed,Open
247,8.233870056497175,0.083326276867481,Closed,Open
248,8.267205562798782,0.08978574804539,Closed,Open
249,8.30054106910039,0.0650311828980081,Closed,Closed
250,8.333876575401998,0.0919647912014684,Closed,Open
251,8.367212081703606,0.0841956727321157,Closed,Open
252,8.400547588005216,0.0814447955180755,Closed,Open
253,8.433883094306823,0.093368322028752,Closed,Open
254,8.467218600608431,0.094722317810671,Closed,Open
255,8.50055410691004,0.0959527684518426,Closed,Open
256,8.533889613211647,0.1134114007207177,Closed,Open
257,8.567225119513255,0.0975078923644452,Closed,Open
258,8.600560625814863,0.0963813450756318,Closed,Open
259,8.63389613211647,0.1230315217295076,Closed,Open
260,8.667231638418079,0.1501241925292895,Closed,Open
261,8.700567144719686,0.1205301959631106,Closed,Open
262,8.733902651021294,0.1115222667319804,Closed,Open
263,8.767238157322902,0.1197009983819838,Closed,Open
264,8.80057366362451,0.1058985155351873,Closed,Open
265,8.833909169926118,0.107868960722731,Closed,Open
266,8.867244676227727,0.0938729219991947,Closed,Open
267,8.900580182529335,0.0855261278816204,Closed,Open
268,8.933915688830943,0.0792520431173553,Closed,Open
269,8.967251195132551,0.1026635322311276,Closed,Open
270,9.000586701434159,0.0759003717666239,Closed,Open
271,9.033922207735769,0.0768813099933705,Closed,Open
272,9.067257714037376,0.0791952519648687,Closed,Open
273,9.100593220338984,0.0894192881495092,Closed,Open
274,9.13392872664059,0.1037815204499753,Closed,Open
275,9.167264232942198,0.0959088402352045,Closed,Open
276,9.200599739243806,0.0837363108596072,Closed,Open
277,9.233935245545414,0.1218623428365999,Closed,Open
278,9.267270751847022,0.1350412025835851,Closed,Open
279,9.300606258148632,0.1325055835934237,Closed,Open
280,9.33394176445024,0.1461768331238123,Closed,Open
281,9.367277270751847,0.1179773960809752,Closed,Open
282,9.400612777053457,0.1228590233667902,Closed,Open
283,9.433948283355065,0.1291744555688256,Closed,Open
284,9.46728378965667,0.1169161648281714,Closed,Open
285,9.50061929595828,0.102099233393682,Closed,Open
286,9.533954802259888,0.0881988678707421,Closed,Open
287,9.567290308561494,0.0936786257985611,Closed,Open
288,9.600625814863102,0.0911921505175106,Closed,Open
289,9.63396132116471,0.0873647057994659,Closed,Open
290,9.667296827466318,0.0793904526135218,Closed,Open
291,9.700632333767926,0.0838670406571568,Closed,Open
292,9.733967840069534,0.0901030727697572,Closed,Open
293,9.767303346371143,0.0966158552440884,Closed,Open
294,9.800638852672751,0.0816054961269257,Closed,Open
295,9.83397435897436,0.0928312827597654,Closed,Open
296,9.867309865275969,0.1042106670930161,Closed,Open
297,9.900645371577577,0.0929181301776809,Closed,Open
298,9.933980877879184,0.0957781301715633,Closed,Open
299,9.96731638418079,0.1021521502841412,Closed,Open
300,10.000651890482398,0.1034371124845244,Closed,Open
301,10.033987396784006,0.1348123628932535,Closed,Open
302,10.067322903085614,0.1386428402417847,Closed,Open
303,10.100658409387222,0.1178062430774103,Closed,Open
304,10.13399391568883,0.1163611425223991,Closed,Open
305,10.167329421990438,0.1140903705043297,Closed,Open
306,10.200664928292047,0.0984311100264529,Closed,Open
307,10.234000434593655,0.099111970574691,Closed,Open
308,10.267335940895263,0.0922979897880713,Closed,Open
309,10.300671447196873,0.0803600634088421,Closed,Open
310,10.33400695349848,0.088915510212461,Closed,Open
311,10.367342459800089,0.098283057694856,Closed,Open
312,10.400677966101696,0.0898806117004439,Closed,Open
313,10.434013472403302,0.0956975717976749,Closed,Open
314,10.46734897870491,0.0855318690256492,Closed,Open
315,10.500684485006518,0.115638667470838,Closed,Open
316,10.534019991308126,0.09233160014506,Closed,Open
317,10.567355497609734,0.1030880558845552,Closed,Open
318,10.600691003911342,0.106696437835144,Closed,Open
319,10.63402651021295,0.0993042520042446,Closed,Open
320,10.66736201651456,0.1182441054729798,Closed,Open
321,10.700697522816167,0.0997176636391061,Closed,Open
322,10.734033029117777,0.103112030150465,Closed,Open
323,10.767368535419385,0.1211752197778174,Closed,Open
324,10.80070404172099,0.1272718390609718,Closed,Open
325,10.8340395480226,0.1411175506098683,Closed,Open
326,10.867375054324206,0.1164348756508762,Closed,Open
327,10.900710560625814,0.1009508930250137,Closed,Open
328,10.934046066927422,0.0906040821905047,Closed,Open
329,10.96738157322903,0.0885595374951424,Closed,Open
330,11.000717079530638,0.1009954378283594,Closed,Open
331,11.034052585832246,0.0787904233139074,Closed,Open
332,11.067388092133854,0.077883048838002,Closed,Open
333,11.100723598435462,0.0900472706717588,Closed,Open
334,11.134059104737071,0.0760011400256506,Closed,Open
335,11.16739461103868,0.0741005069529424,Closed,Open
336,11.200730117340289,0.0966709358294544,Closed,Open
337,11.234065623641897,0.0868353877149894,Closed,Open
338,11.267401129943504,0.0937329752050943,Closed,Open
339,11.30073663624511,0.1101396831822281,Closed,Open
340,11.334072142546718,0.0995508261542442,Closed,Open
341,11.367407648848326,0.1209484760520077,Closed,Open
342,11.400743155149934,0.1064080793960761,Closed,Open
343,11.434078661451542,0.1303827296336781,Closed,Open
344,11.46741416775315,0.1480284629950014,Closed,Open
345,11.500749674054758,0.1334695466399198,Closed,Open
346,11.534085180356366,0.1253788034636503,Closed,Open
347,11.567420686657975,0.0996589578536226,Closed,Open
348,11.600756192959585,0.1170493560974835,Closed,Open
349,11.634091699261193,0.1003136522600448,Closed,Open
350,11.6674272055628,0.0996842429755276,Closed,Open
351,11.700762711864408,0.1094826146917042,Closed,Open
352,11.734098218166016,0.0969437146741217,Closed,Open
353,11.767433724467622,0.1010498406456052,Closed,Open
354,11.80076923076923,0.1054600252725583,Closed,Open
355,11.834104737070838,0.0793291280387451,Closed,Open
356,11.867440243372446,0.0798019414847973,Closed,Open
357,11.900775749674054,0.1091267428418105,Closed,Open
358,11.934111255975662,0.1096693997173675,Closed,Open
359,11.96744676227727,0.0937635780098423,Closed,Open
360,12.000782268578876,0.0901275166510515,Closed,Open
361,12.034117774880489,0.1118877296297796,Closed,Open
362,12.067453281182097,0.1258466006396119,Closed,Open
363,12.100788787483705,0.1105096203991288,Closed,Open
364,12.13412429378531,0.1227581676732013,Closed,Open
365,12.16745980008692,0.1098989214590787,Closed,Open
366,12.200795306388526,0.0974117605573911,Closed,Open
367,12.234130812690134,0.0623410708273269,Closed,Closed
368,12.267466318991742,0.0845018459101718,Closed,Open
369,12.30080182529335,0.1018401736708945,Closed,Open
370,12.334137331594958,0.1016632353239688,Closed,Open
371,12.367472837896566,0.0784954269790252,Closed,Open
372,12.400808344198174,0.0776892843833274,Closed,Open
373,12.43414385049978,0.0851339580755326,Closed,Open
374,12.467479356801393,0.0798897857010629,Closed,Open
375,12.500814863103,0.0857383819894754,Closed,Open
376,12.534150369404609,0.1034694773051507,Closed,Open
377,12.567485875706216,0.1008694405782038,Closed,Open
378,12.600821382007824,0.1088283601570868,Closed,Open
379,12.63415688830943,0.0993927711478476,Closed,Open
380,12.667492394611038,0.1060716478429834,Closed,Open
381,12.700827900912646,0.1113702857613835,Closed,Open
382,12.734163407214254,0.1087724342999329,Closed,Open
383,12.767498913515862,0.1408876290600214,Closed,Open
384,12.80083441981747,0.1512559853145286,Closed,Open
385,12.834169926119078,0.1379231111659024,Closed,Open
386,12.867505432420684,0.1281378504290911,Closed,Open
387,12.900840938722292,0.1112160871475069,Closed,Open
388,12.934176445023905,0.0982721858525336,Closed,Open
389,12.96751195132551,0.1327718901028461,Closed,Open
390,13.00084745762712,0.1253280598109142,Closed,Open
391,13.034182963928728,0.0904638048900556,Closed,Open
392,13.067518470230334,0.0919696518323442,Closed,Open
393,13.100853976531942,0.1010674348694819,Closed,Open
394,13.13418948283355,0.1131796134979075,Closed,Open
395,13.167524989135158,0.1110786277303674,Closed,Open
396,13.200860495436766,0.1019609012660202,Closed,Open
397,13.234196001738374,0.0841617754926037,Closed,Open
398,13.267531508039982,0.0990265946270727,Closed,Open
399,13.30086701434159,0.1040434711325657,Closed,Open
400,13.334202520643196,0.0887813708696629,Closed,Open
401,13.367538026944809,0.1087178247969516,Closed,Open
402,13.400873533246417,0.096264600451147,Closed,Open
403,13.434209039548024,0.0929444736701059,Closed,Open
404,13.46754454584963,0.1148332256496002,Closed,Open
405,13.500880052151238,0.129442515453258,Closed,Open
406,13.534215558452846,0.1229260453521687,Closed,Open
407,13.567551064754454,0.1300579793384526,Closed,Open
408,13.600886571056062,0.1355284525750676,Closed,Open
409,13.63422207735767,0.1416394309331329,Closed,Open
410,13.667557583659278,0.1582491965830414,Closed,Open
411,13.700893089960886,0.1630081840390382,Open,Open
412,13.734228596262492,0.1701343598496103,Open,Open
413,13.7675641025641,0.1177799217909746,Closed,Open
414,13.80089960886571,0.1175783456197884,Closed,Open
415,13.83423511516732,0.0994245182769478,Closed,Open
416,13.867570621468928,0.0988541463179763,Closed,Open
417,13.900906127770536,0.0789752736709753,Closed,Open
418,13.934241634072142,0.0864813404998534,Closed,Open
419,13.96757714037375,0.0913977727278882,Closed,Open
420,14.000912646675358,0.0838273644284909,Closed,Open
421,14.034248152976966,0.0924284656126206,Closed,Open
422,14.067583659278574,0.0998851297380879,Closed,Open
423,14.100919165580182,0.0916814844910492,Closed,Open
424,14.13425467188179,0.098320706827704,Closed,Open
425,14.167590178183396,0.1068138869195343,Closed,Open
426,14.200925684485004,0.1199998032791722,Closed,Open
427,14.234261190786611,0.1136740847211102,Closed,Open
428,14.26759669708822,0.1092783759713334,Closed,Open
429,14.30093220338983,0.0918034684711788,Closed,Open
430,14.33426770969144,0.116657212288183,Closed,Open
431,14.367603215993046,0.126112091042554,Closed,Open
432,14.400938722294654,0.1099203085276061,Closed,Open
433,14.434274228596262,0.1324589879152972,Closed,Open
434,14.46760973489787,0.1273224487615598,Closed,Open
435,14.500945241199478,0.1135191522966249,Closed,Open
436,14.534280747501086,0.1241533683114712,Closed,Open
437,14.567616253802694,0.109036854627722,Closed,Open
438,14.600951760104302,0.1065667249988081,Closed,Open
439,14.63428726640591,0.1077589310532696,Closed,Open
440,14.667622772707515,0.1100861797735665,Closed,Open
441,14.700958279009123,0.1160715806781914,Closed,Open
442,14.734293785310737,0.1005896574938226,Closed,Open
443,14.767629291612344,0.1082905822158107,Closed,Open
444,14.80096479791395,0.1013492373249583,Closed,Open
445,14.834300304215558,0.1259369641959505,Closed,Open
446,14.867635810517166,0.1114509012349444,Closed,Open
447,14.900971316818774,0.106255402305023,Closed,Open
448,14.934306823120382,0.1269975919410156,Closed,Open
449,14.96764232942199,0.1145007718261765,Closed,Open
450,15.000977835723598,0.1110136348060887,Closed,Open
451,15.034313342025206,0.094355098909113,Closed,Open
452,15.067648848326812,0.1081553276219437,Closed,Open
453,15.10098435462842,0.1110092974180044,Closed,Open
454,15.13431986093003,0.1021773337436174,Closed,Open
455,15.167655367231635,0.1125122723126961,Closed,Open
456,15.200990873533248,0.1089314454964469,Closed,Open
457,15.234326379834854,0.0857158337837786,Closed,Open
458,15.267661886136462,0.0991292539135321,Closed,Open
459,15.30099739243807,0.1097723246647675,Closed,Open
460,15.334332898739678,0.1237945440779361,Closed,Open
461,15.367668405041286,0.1413926790888372,Closed,Open
462,15.401003911342894,0.1379025996367586,Closed,Open
463,15.434339417644502,0.143500714491248,Closed,Open
464,15.46767492394611,0.1498605371417841,Closed,Open
465,15.501010430247716,0.1104671171659211,Closed,Open
466,15.534345936549323,0.1141809023791622,Closed,Open
467,15.567681442850931,0.1361673562116938,Closed,Open
468,15.60101694915254,0.1299249250836857,Closed,Open
469,15.63435245545415,0.1297837322527775,Closed,Open
470,15.66768796175576,0.1159317273977254,Closed,Open
471,15.701023468057366,0.1062229359088542,Closed,Open
472,15.734358974358974,0.0886484414355872,Closed,Open
473,15.767694480660582,0.0813706400206632,Closed,Open
474,15.80102998696219,0.0953761620957271,Closed,Open
475,15.834365493263798,0.1094172930634664,Closed,Open
476,15.867700999565406,0.1056685175546167,Closed,Open
477,15.901036505867014,0.1051423373641642,Closed,Open
478,15.93437201216862,0.1060129507708345,Closed,Open
479,15.96770751847023,0.1079876930628446,Closed,Open
480,16.00104302477184,0.1041244446653224,Closed,Open
481,16.034378531073447,0.1162243153584495,Closed,Open
482,16.067714037375055,0.1295856968580586,Closed,Open
483,16.101049543676663,0.1426034702026906,Closed,Open
484,16.13438504997827,0.1527007540987395,Closed,Open
485,16.16772055627988,0.1443092074253776,Closed,Open
486,16.201056062581486,0.158819482469648,Closed,Open
487,16.234391568883094,0.158819482469648,Closed,Open
488,16.267727075184702,0.13773146728887,Closed,Open
489,16.30106258148631,0.1270411146168781,Closed,Open
490,16.334398087787918,0.1240999131195025,Closed,Open
491,16.367733594089525,0.1156385003955111,Closed,Open
492,16.401069100391133,0.0974155250772124,Closed,Open
493,16.43440460669274,0.1137165917744747,Closed,Open
494,16.46774011299435,0.094721541329508,Closed,Open
495,16.501075619295957,0.0842941305836689,Closed,Open
496,16.534411125597565,0.0904276573871556,Closed,Open
497,16.567746631899173,0.0967543691817405,Closed,Open
498,16.60108213820078,0.1013415915441547,Closed,Open
499,16.63441764450239,0.099676914996864,Closed,Open
500,16.667753150803996,0.0960964547360189,Closed,Open
501,16.701088657105604,0.0937195498801731,Closed,Open
502,16.734424163407212,0.0877859783925593,Closed,Open
503,16.767759669708823,0.1003619557379625,Closed,Open
504,16.80109517601043,0.0953761620957271,Closed,Open
505,16.83443068231204,0.1142529367747979,Closed,Open
506,16.867766188613647,0.1134106027892159,Closed,Open
507,16.901101694915255,0.1185237824067513,Closed,Open
508,16.934437201216863,0.1467732065097408,Closed,Open
509,16.96777270751847,0.1349475322885928,Closed,Open
510,17.00110821382008,0.1255168871119589,Closed,Open
511,17.034443720121686,0.1398482110142772,Closed,Open
512,17.067779226423294,0.1222955816744949,Closed,Open
513,17.101114732724902,0.109326915190827,Closed,Open
514,17.13445023902651,0.102099233393682,Closed,Open
515,17.167785745328118,0.1028675185815029,Closed,Open
516,17.201121251629726,0.0977239392760407,Closed,Open
517,17.234456757931333,0.0914070370165812,Closed,Open
518,17.26779226423294,0.0844282259627617,Closed,Open
519,17.30112777053455,0.0859135858785868,Closed,Open
520,17.334463276836157,0.0972797940897386,Closed,Open
521,17.367798783137765,0.0982194421870202,Closed,Open
522,17.401134289439373,0.1170263654369904,Closed,Open
523,17.43446979574098,0.0965787568647924,Closed,Open
524,17.46780530204259,0.1066588758078035,Closed,Open
525,17.501140808344196,0.0972076260190516,Closed,Open
526,17.534476314645804,0.1059036593044859,Closed,Open
527,17.567811820947412,0.1149374955178211,Closed,Open
528,17.60114732724902,0.1127832586943334,Closed,Open
529,17.634482833550628,0.131941052943344,Closed,Open
530,17.667818339852236,0.1423024333703345,Closed,Open
531,17.701153846153847,0.1431204236662959,Closed,Open
532,17.734489352455455,0.1654017788554953,Open,Open
533,17.767824858757063,0.1354355650540074,Closed,Open
534,17.80116036505867,0.1236294858316914,Closed,Open
535,17.83449587136028,0.1061164344613012,Closed,Open
536,17.867831377661886,0.1024120567464701,Closed,Open
537,17.901166883963494,0.1195852981304926,Closed,Open
538,17.934502390265102,0.1114924184649874,Closed,Open
539,17.96783789656671,0.1025304031702032,Closed,Open
540,18.001173402868318,0.1027656424745513,Closed,Open
541,18.03450890916993,0.0884182993093813,Closed,Open
542,18.067844415471537,0.1039354656474759,Closed,Open
543,18.10117992177314,0.1050485205977114,Closed,Open
544,18.13451542807475,0.0992402536157797,Closed,Open
545,18.167850934376357,0.0905965933724066,Closed,Open
546,18.201186440677965,0.0935985243509947,Closed,Open
547,18.234521946979573,0.0996451410928259,Closed,Open
548,18.26785745328118,0.086331107107836,Closed,Open
549,18.30119295958279,0.1024405792022226,Closed,Open
550,18.334528465884397,0.104549395363632,Closed,Open
551,18.367863972186004,0.0989718686794683,Closed,Open
552,18.401199478487612,0.1007757015325748,Closed,Open
553,18.43453498478922,0.1200423055075054,Closed,Open
554,18.467870491090828,0.1208452336293927,Closed,Open
555,18.501205997392436,0.1298363825821331,Closed,Open
556,18.534541503694044,0.1233093727877869,Closed,Open
557,18.56787700999565,0.1414213562373095,Closed,Open
558,18.601212516297263,0.1590698028032349,Closed,Open
559,18.63454802259887,0.1432915201347825,Closed,Open
560,18.66788352890048,0.1208861709798295,Closed,Open
561,18.701219035202087,0.1346322324320368,Closed,Open
562,18.734554541503694,0.0989089810997263,Closed,Open
563,18.767890047805302,0.0936063864892354,Closed,Open
564,18.80122555410691,0.0840281609659119,Closed,Open
565,18.83456106040852,0.1078351390727236,Closed,Open
566,18.86789656671013,0.0909492518439402,Closed,Open
567,18.901232073011737,0.0830026807815819,Closed,Open
568,18.93456757931334,0.0849227034422487,Closed,Open
569,18.96790308561495,0.0980348270824232,Closed,Open
570,19.001238591916557,0.1024258465394134,Closed,Open
571,19.034574098218165,0.0973317205917514,Closed,Open
572,19.067909604519773,0.0963529693732779,Closed,Open
573,19.10124511082138,0.0746314230271807,Closed,Open
574,19.13458061712299,0.0929831882235639,Closed,Open
575,19.167916123424597,0.0947383920591012,Closed,Open
576,19.201251629726205,0.1093690073272649,Closed,Open
577,19.234587136027812,0.1092158622873225,Closed,Open
578,19.26792264232942,0.0921121512006504,Closed,Open
579,19.301258148631028,0.1035838488081302,Closed,Open
580,19.334593654932636,0.1372262856492363,Closed,Open
581,19.367929161234244,0.1425724621280373,Closed,Open
582,19.40126466753585,0.1244270405283117,Closed,Open
583,19.43460017383746,0.1185199761308966,Closed,Open
584,19.467935680139068,0.1154595100718585,Closed,Open
585,19.50127118644068,0.1062719376502509,Closed,Open
586,19.534606692742287,0.1348781252373012,Closed,Open
587,19.567942199043895,0.0916085571253117,Closed,Open
588,19.601277705345503,0.129235043397585,Closed,Open
589,19.63461321164711,0.0884541133660228,Closed,Open
590,19.66794871794872,0.1107014470849367,Closed,Open
591,19.70128422425033,0.1415409065527585,Closed,Open
592,19.734619730551938,0.1193635041305166,Closed,Open
593,19.767955236853545,0.1199370792253893,Closed,Open
594,19.80129074315515,0.0980678228112016,Closed,Open
595,19.83462624945676,0.1324357015211341,Closed,Open
596,19.867961755758365,0.1376899633280527,Closed,Open
597,19.901297262059973,0.1026649340433503,Closed,Open
598,19.93463276836158,0.1168965626477968,Closed,Open
599,19.96796827466319,0.1051176662455273,Closed,Open
600,20.001303780964797,0.1155554506804527,Closed,Open
601,20.034639287266405,0.1064216884583081,Closed,Open
602,20.067974793568013,0.0966952412706987,Closed,Open
603,20.10131029986962,0.1107570471672159,Closed,Open
604,20.13464580617123,0.1096400811449797,Closed,Open
605,20.167981312472836,0.1029125302496608,Closed,Open
606,20.201316818774444,0.0952373505592445,Closed,Open
607,20.234652325076052,0.1067250321413264,Closed,Open
608,20.26798783137766,0.1296888039232696,Closed,Open
609,20.301323337679268,0.10824323325952,Closed,Open
610,20.334658843980876,0.1125722965801978,Closed,Open
611,20.367994350282483,0.1088742758502545,Closed,Open
612,20.401329856584095,0.1224145565367669,Closed,Open
613,20.434665362885703,0.1154614053674162,Closed,Open
614,20.46800086918731,0.1040020059758442,Closed,Open
615,20.50133637548892,0.1044817590987979,Closed,Open
616,20.534671881790526,0.0915890265956259,Closed,Open
617,20.568007388092138,0.1028568737990358,Closed,Open
618,20.601342894393746,0.1079239230028855,Closed,Open
619,20.63467840069535,0.1052333673838267,Closed,Open
620,20.66801390699696,0.1094326798676941,Closed,Open
621,20.70134941329857,0.1184188122420256,Closed,Open
622,20.734684919600173,0.1128269707864321,Closed,Open
623,20.76802042590178,0.1125619922202425,Closed,Open
624,20.80135593220339,0.1068451316184529,Closed,Open
625,20.834691438504997,0.102368126029722,Closed,Open
626,20.868026944806605,0.1150147128060283,Closed,Open
627,20.901362451108213,0.1306309407069359,Closed,Open
628,20.93469795740982,0.1322491397617053,Closed,Open
629,20.96803346371143,0.1343668154117069,Closed,Open
630,21.001368970013036,0.1172579237001805,Closed,Open
631,21.034704476314644,0.1138503692258361,Closed,Open
632,21.068039982616252,0.1053914060025486,Closed,Open
633,21.10137548891786,0.094923867559418,Closed,Open
634,21.134710995219468,0.0828670790465041,Closed,Open
635,21.168046501521076,0.1088170723492276,Closed,Open
636,21.201382007822684,0.09971792157781,Closed,Open
637,21.23471751412429,0.0924500327042048,Closed,Open
638,21.2680530204259,0.0969057514096094,Closed,Open
639,21.30138852672751,0.1043454206229447,Closed,Open
640,21.33472403302912,0.1082091781165846,Closed,Open
641,21.368059539330726,0.1159050357915917,Closed,Open
642,21.401395045632334,0.111239110671673,Closed,Open
643,21.434730551933946,0.1131422927549558,Closed,Open
644,21.46806605823555,0.1179786451761493,Closed,Open
645,21.50140156453716,0.1024457448486127,Closed,Open
646,21.53473707083877,0.0919896399754661,Closed,Open
647,21.568072577140377,0.0825460710411027,Closed,Open
648,21.60140808344198,0.0917567343361018,Closed,Open
649,21.63474358974359,0.0945683779078396,Closed,Open
650,21.668079096045197,0.0887382876852178,Closed,Open
651,21.701414602346805,0.0934880054287726,Closed,Open
652,21.734750108648413,0.0776606799277431,Closed,Open
653,21.76808561495002,0.1094326798676941,Closed,Open
654,21.80142112125163,0.1088271086965101,Closed,Open
655,21.834756627553237,0.1058071776876546,Closed,Open
656,21.868092133854844,0.1089006154219288,Closed,Open
657,21.901427640156452,0.1061961143698086,Closed,Open
658,21.93476314645806,0.1161535692907659,Closed,Open
659,21.968098652759668,0.1162814174504948,Closed,Open
660,22.001434159061276,0.108533466399079,Closed,Open
661,22.034769665362884,0.1324732725019758,Closed,Open
662,22.06810517166449,0.1117861065697472,Closed,Open
663,22.1014406779661,0.1284643171526503,Closed,Open
664,22.134776184267707,0.1276234300005278,Closed,Open
665,22.168111690569315,0.1024795061479507,Closed,Open
666,22.201447196870923,0.1129092604902244,Closed,Open
667,22.234782703172534,0.1236073343764542,Closed,Open
668,22.268118209474142,0.1133673329253616,Closed,Open
669,22.30145371577575,0.1180354743276339,Closed,Open
670,22.33478922207736,0.124234642171135,Closed,Open
671,22.36812472837897,0.1179745451648475,Closed,Open
672,22.401460234680577,0.1131523223681184,Closed,Open
673,22.43479574098218,0.1208617133827812,Closed,Open
674,22.46813124728379,0.106921010937736,Closed,Open
675,22.501466753585397,0.1165470890040275,Closed,Open
676,22.534802259887005,0.1197647513188857,Closed,Open
677,22.568137766188613,0.1275189176254279,Closed,Open
678,22.60147327249022,0.1105617618211854,Closed,Open
679,22.63480877879183,0.1200941907828457,Closed,Open
680,22.668144285093437,0.1243293543263444,Closed,Open
681,22.701479791395045,0.120788290202271,Closed,Open
682,22.734815297696652,0.120788290202271,Closed,Open
683,22.76815080399826,0.1106689667545069,Closed,Open
684,22.801486310299868,0.1282582057332361,Closed,Open
685,22.834821816601476,0.1228068642037618,Closed,Open
686,22.868157322903084,0.1336875633991568,Closed,Open
687,22.90149282920469,0.1224074071966579,Closed,Open
688,22.9348283355063,0.1184782945735496,Closed,Open
689,22.968163841807907,0.1264218661091966,Closed,Open
690,23.001499348109515,0.120696424257152,Closed,Open
691,23.034834854411123,0.1256420382459462,Closed,Open
692,23.06817036071273,0.1203108429782062,Closed,Open
693,23.10150586701434,0.1287497045061028,Closed,Open
694,23.13484137331595,0.1163954153749473,Closed,Open
695,23.16817687961756,0.0982646988338161,Closed,Open
696,23.20151238591917,0.1168901170182425,Closed,Open
697,23.234847892220778,0.1200848073447029,Closed,Open
698,23.268183398522385,0.1115775507404853,Closed,Open
699,23.30151890482399,0.1201590933534313,Closed,Open
700,23.3348544111256,0.115807663278069,Closed,Open
701,23.368189917427205,0.1224074071966579,Closed,Open
702,23.401525423728813,0.1226573449502657,Closed,Open
703,23.43486093003042,0.1237755144864076,Closed,Open
704,23.46819643633203,0.1220305748795799,Closed,Open
705,23.501531942633637,0.1194806761673854,Closed,Open
706,23.534867448935245,0.1274567013850953,Closed,Open
707,23.568202955236853,0.131941052943344,Closed,Open
708,23.60153846153846,0.12344292237133,Closed,Open
709,23.63487396784007,0.119753377754987,Closed,Open
710,23.668209474141676,0.1305096678617335,Closed,Open
711,23.701544980443284,0.1237755144864076,Closed,Open
712,23.734880486744892,0.1239777238433612,Closed,Open
713,23.7682159930465,0.1208988072576451,Closed,Open
714,23.801551499348108,0.1269937922500265,Closed,Open
715,23.834887005649716,0.1118969161939505,Closed,Open
716,23.868222511951323,0.1090426245682747,Closed,Open
717,23.90155801825293,0.1204905940249315,Closed,Open
718,23.93489352455454,0.1195324546133467,Closed,Open
719,23.968229030856147,0.1378203443259789,Closed,Open
720,24.001564537157755,0.1228908118306241,Closed,Open
721,24.034900043459366,0.1263378904121879,Closed,Open
722,24.068235549760978,0.126303665790438,Closed,Open
723,24.101571056062586,0.1196564073800053,Closed,Open
724,24.13490656236419,0.1141777823297617,Closed,Open
725,24.1682420686658,0.1561102144964507,Closed,Open
726,24.20157757496741,0.0961329587162374,Closed,Open
727,24.234913081269013,0.1338678200070172,Closed,Open
728,24.26824858757062,0.1383885655683757,Closed,Open
729,24.30158409387223,0.1277641806281512,Closed,Open
730,24.334919600173837,0.1360922920923484,Closed,Open
731,24.368255106475445,0.1280303887814701,Closed,Open
732,24.401590612777053,0.1284415216140065,Closed,Open
733,24.43492611907866,0.1311360893075381,Closed,Open
734,24.46826162538027,0.1217691939269558,Closed,Open
735,24.501597131681876,0.1253171496275036,Closed,Open
736,24.534932637983484,0.1169054426420837,Closed,Open
737,24.568268144285092,0.1074777700620089,Closed,Open
738,24.6016036505867,0.1052667140224348,Closed,Open
739,24.634939156888308,0.1310307181496733,Closed,Open
740,24.668274663189916,0.1219201140739848,Closed,Open
741,24.701610169491524,0.120224718052921,Closed,Open
742,24.73494567579313,0.1189928234617458,Closed,Open
743,24.76828118209474,0.1231578470061042,Closed,Open
744,24.801616688396347,0.1098635792016764,Closed,Open
745,24.834952194697955,0.0932565629721278,Closed,Open
746,24.868287700999563,0.0777423903810374,Closed,Open
747,24.90162320730117,0.1123579138643791,Closed,Open
748,24.934958713602786,0.1004397437729871,Closed,Open
749,24.96829421990439,0.1086583196578615,Closed,Open
750,25.001629726206,0.1071887182752312,Closed,Open
751,25.03496523250761,0.1218246636192982,Closed,Open
752,25.068300738809217,0.1033350188420515,Closed,Open
753,25.10163624511082,0.1164777797295763,Closed,Open
754,25.13497175141243,0.0896775679442243,Closed,Open
755,25.168307257714037,0.0917083907386642,Closed,Open
756,25.201642764015645,0.0989718686794683,Closed,Open
757,25.234978270317253,0.1013291131415984,Closed,Open
758,25.26831377661886,0.1298839772057129,Closed,Open
759,25.30164928292047,0.1150305127583661,Closed,Open
760,25.334984789222077,0.14348482314362,Closed,Open
761,25.368320295523684,0.1414913243041358,Closed,Open
762,25.401655801825292,0.1347903046270702,Closed,Open
763,25.4349913081269,0.1008973001794055,Closed,Open
764,25.468326814428508,0.116144037797501,Closed,Open
765,25.501662320730116,0.1115691789305255,Closed,Open
766,25.534997827031724,0.1202806494144994,Closed,Open
767,25.56833333333333,0.1039357293867019,Closed,Open
768,25.60166883963494,0.1029533791938538,Closed,Open
769,25.635004345936547,0.1064518321789598,Closed,Open
770,25.668339852238155,0.1121843970529856,Closed,Open
771,25.701675358539763,0.1287216430044564,Closed,Open
772,25.73501086484137,0.0948467893065426,Closed,Open
773,25.76834637114298,0.10824323325952,Closed,Open
774,25.801681877444587,0.109703299519979,Closed,Open
775,25.8350173837462,0.1064600900935068,Closed,Open
776,25.86835289004781,0.105238002497412,Closed,Open
777,25.901688396349417,0.1132978351668725,Closed,Open
778,25.93502390265102,0.1258306813586237,Closed,Open
779,25.96835940895263,0.1159841069276914,Closed,Open
780,26.001694915254237,0.0971522925175509,Closed,Open
781,26.035030421555845,0.1005125343046468,Closed,Open
782,26.068365927857453,0.1105507665210557,Closed,Open
783,26.10170143415906,0.152458928688608,Closed,Open
784,26.13503694046067,0.1407825948942404,Closed,Open
785,26.168372446762277,0.1423747802565941,Closed,Open
786,26.201707953063885,0.1278050105501221,Closed,Open
787,26.235043459365492,0.118951148053265,Closed,Open
788,26.2683789656671,0.0984071737508161,Closed,Open
789,26.301714471968708,0.0914135242445293,Closed,Open
790,26.335049978270316,0.1129997113093255,Closed,Open
791,26.368385484571924,0.106342635085068,Closed,Open
792,26.40172099087353,0.1084345673599071,Closed,Open
793,26.43505649717514,0.1076164102702997,Closed,Open
794,26.468392003476747,0.1051245990868787,Closed,Open
795,26.501727509778355,0.1079872967713593,Closed,Open
796,26.535063016079963,0.1156114746549641,Closed,Open
797,26.56839852238157,0.1004959732843271,Closed,Open
798,26.60173402868318,0.126492243420775,Closed,Open
799,26.635069534984787,0.1405876195317835,Closed,Open
800,26.668405041286395,0.1530532564935131,Closed,Open
801,26.701740547588003,0.1582586980743496,Closed,Open
802,26.735076053889617,0.1157150438498152,Closed,Open
803,26.768411560191225,0.1211581755578978,Closed,Open
804,26.80174706649283,0.1262002763746007,Closed,Open
805,26.83508257279444,0.1251435649987719,Closed,Open
806,26.868418079096045,0.1578173810640786,Closed,Open
807,26.901753585397653,0.1108084585609198,Closed,Open
808,26.93508909169926,0.109747774166316,Closed,Open
809,26.96842459800087,0.10824323325952,Closed,Open
810,27.001760104302477,0.0967157308004735,Closed,Open
811,27.035095610604085,0.0956509576299388,Closed,Open
812,27.068431116905693,0.1086853102280239,Closed,Open
813,27.1017666232073,0.1149936784851933,Closed,Open
814,27.13510212950891,0.111081639695926,Closed,Open
815,27.168437635810516,0.1114806831970875,Closed,Open
816,27.201773142112124,0.1259675461100675,Closed,Open
817,27.235108648413732,0.1337266668615062,Closed,Open
818,27.26844415471534,0.1468507407616655,Closed,Open
819,27.301779661016948,0.1823374795172637,Open,Open
820,27.335115167318556,0.1670807893010426,Open,Open
821,27.368450673620163,0.1482700026185815,Closed,Open
822,27.40178617992177,0.1084679556393185,Closed,Open
823,27.43512168622338,0.0998976573250094,Closed,Open
824,27.468457192524987,0.0949468760572377,Closed,Open
825,27.501792698826595,0.0961578439035563,Closed,Open
826,27.535128205128203,0.1004325197339928,Closed,Open
827,27.56846371142981,0.1011120278331117,Closed,Open
828,27.60179921773142,0.091951049785655,Closed,Open
829,27.635134724033023,0.1011884781586953,Closed,Open
830,27.66847023033464,0.1017994873725406,Closed,Open
831,27.70180573663625,0.1264446174950034,Closed,Open
832,27.735141242937853,0.0989983305976113,Closed,Open
833,27.76847674923946,0.13587403291841,Closed,Open
834,27.80181225554107,0.1318310209412252,Closed,Open
835,27.835147761842677,0.1299857866206184,Closed,Open
836,27.868483268144285,0.1455302006502775,Closed,Open
837,27.901818774445893,0.159518400432112,Open,Open
838,27.9351542807475,0.1679924405102617,Open,Open
839,27.96848978704911,0.1701765206575095,Open,Open
840,28.001825293350716,0.1723396130806501,Open,Open
841,28.035160799652324,0.1332070450520588,Closed,Open
842,28.068496305953932,0.1217906488121507,Closed,Open
843,28.10183181225554,0.109545179461481,Closed,Open
844,28.135167318557148,0.0863645354269731,Closed,Open
845,28.168502824858756,0.1117720066523083,Closed,Open
846,28.201838331160364,0.1203019965882258,Closed,Open
847,28.23517383746197,0.1210126607889218,Closed,Open
848,28.26850934376358,0.1083202260681941,Closed,Open
849,28.301844850065187,0.1042791272369042,Closed,Open
850,28.335180356366795,0.106135464123192,Closed,Open
851,28.368515862668403,0.1169691550950879,Closed,Open
852,28.40185136897001,0.1041847282860985,Closed,Open
853,28.43518687527162,0.1214183747735435,Closed,Open
854,28.468522381573223,0.1202642116889518,Closed,Open
855,28.50185788787483,0.1404575352425977,Closed,Open
856,28.53519339417644,0.1079343324112943,Closed,Open
857,28.568528900478057,0.1228737360198219,Closed,Open
858,28.60186440677966,0.1146231910949583,Closed,Open
859,28.63519991308127,0.0987441946312678,Closed,Open
860,28.668535419382877,0.1044755542265673,Closed,Open
861,28.701870925684485,0.1207877708382732,Closed,Open
862,28.735206431986093,0.1030602624691205,Closed,Open
863,28.7685419382877,0.111534436263951,Closed,Open
864,28.80187744458931,0.122296667891293,Closed,Open
865,28.835212950890917,0.0998752338877844,Closed,Open
866,28.868548457192524,0.097209745810419,Closed,Open
867,28.901883963494132,0.1054994643886942,Closed,Open
868,28.93521946979574,0.1191145137851392,Closed,Open
869,28.968554976097348,0.1267181085086653,Closed,Open
870,29.001890482398956,0.1246833330422544,Closed,Open
871,29.035225988700564,0.1089278888719195,Closed,Open
872,29.06856149500217,0.1083726422693998,Closed,Open
873,29.10189700130378,0.0959499883131664,Closed,Open
874,29.135232507605387,0.1089934717851575,Closed,Open
875,29.168568013906995,0.0924146315799108,Closed,Open
876,29.201903520208603,0.0908322619831105,Closed,Open
877,29.23523902651021,0.0960678807093999,Closed,Open
878,29.26857453281182,0.0992166194497172,Closed,Open
879,29.301910039113427,0.0978599425057649,Closed,Open
880,29.33524554541503,0.095506410145761,Closed,Open
881,29.36858105171664,0.1033215650752605,Closed,Open
882,29.40191655801825,0.1181420148676697,Closed,Open
883,29.435252064319855,0.1293565528286397,Closed,Open
884,29.46858757062147,0.1252716129230821,Closed,Open
885,29.501923076923077,0.1410408212158271,Closed,Open
886,29.535258583224685,0.1461950924365461,Closed,Open
887,29.568594089526293,0.1629848900340404,Open,Open
888,29.6019295958279,0.1393581815109399,Closed,Open
889,29.63526510212951,0.1173377603031158,Closed,Open
890,29.668600608431117,0.0835118174056104,Closed,Open
891,29.701936114732725,0.0854357657716761,Closed,Open
892,29.735271621034332,0.1005147161224406,Closed,Open
893,29.76860712733594,0.0916968383243295,Closed,Open
894,29.801942633637548,0.0674860560797342,Closed,Open
895,29.835278139939156,0.0915517674360387,Closed,Open
896,29.868613646240764,0.0721853722671613,Closed,Open
897,29.90194915254237,0.0815817016448004,Closed,Open
898,29.93528465884398,0.1100650093174495,Closed,Open
899,29.968620165145587,0.1122821046521703,Closed,Open
900,30.001955671447195,0.1106554296309646,Closed,Open
901,30.035291177748803,0.1185274371063981,Closed,Open
902,30.06862668405041,0.1205242873452029,Closed,Open
903,30.10196219035202,0.1437432369117028,Closed,Open
904,30.135297696653627,0.1346036953365597,Closed,Open
905,30.168633202955235,0.1253848414456255,Closed,Open
906,30.201968709256843,0.1635717291555213,Open,Open
907,30.23530421555845,0.1518307507762794,Closed,Open
908,30.26863972186006,0.1488336233844067,Closed,Open
909,30.301975228161663,0.1079589169922114,Closed,Open
910,30.33531073446327,0.0983491171011505,Closed,Open
911,30.368646240764885,0.0980318873343258,Closed,Open
912,30.401981747066493,0.0851843967029404,Closed,Open
913,30.4353172533681,0.0838985441053582,Closed,Open
914,30.46865275966971,0.0892470761426524,Closed,Open
915,30.501988265971317,0.0839011439869038,Closed,Open
916,30.535323772272925,0.0750847943203611,Closed,Open
917,30.568659278574533,0.0888581777889261,Closed,Open
918,30.60199478487614,0.083845835207779,Closed,Open
919,30.63533029117775,0.1126612702353267,Closed,Open
920,30.668665797479356,0.0938114286405251,Closed,Open
921,30.702001303780964,0.0945686599304866,Closed,Open
922,30.735336810082572,0.0963849617519609,Closed,Open
923,30.76867231638418,0.107551436477407,Closed,Open
924,30.802007822685788,0.1227503070350996,Closed,Open
925,30.835343328987395,0.1418316857752613,Closed,Open
926,30.868678835289003,0.1489355634145132,Closed,Open
927,30.90201434159061,0.144216611123252,Closed,Open
928,30.93534984789222,0.1515958660720563,Closed,Open
929,30.968685354193827,0.134099823403503,Closed,Open
930,31.002020860495435,0.1125925377171253,Closed,Open
931,31.035356366797043,0.0945512232887595,Closed,Open
932,31.06869187309865,0.111687676829348,Closed,Open
933,31.10202737940026,0.0999048321589569,Closed,Open
934,31.135362885701863,0.1002806289392184,Closed,Open
935,31.16869839200347,0.0874746629860721,Closed,Open
936,31.20203389830508,0.1099020024000813,Closed,Open
937,31.23536940460669,0.1143916090776195,Closed,Open
938,31.2687049109083,0.1200335069293144,Closed,Open
939,31.30204041720991,0.095412890631284,Closed,Open
940,31.335375923511517,0.1049602829629378,Closed,Open
941,31.368711429813125,0.1355284525750676,Closed,Open
942,31.402046936114733,0.1415041470333639,Closed,Open
943,31.43538244241634,0.1356178117234939,Closed,Open
944,31.46871794871795,0.1565018073388393,Closed,Open
945,31.502053455019556,0.1391456098173222,Closed,Open
946,31.535388961321164,0.1580064573489351,Closed,Open
947,31.568724467622772,0.1519618916262493,Closed,Open
948,31.60205997392438,0.1240490630978439,Closed,Open
949,31.635395480225988,0.1039966721597354,Closed,Open
950,31.668730986527596,0.1040724596566628,Closed,Open
951,31.702066492829204,0.0960524560091154,Closed,Open
952,31.73540199913081,0.0847433699055054,Closed,Open
953,31.76873750543242,0.1078143837356862,Closed,Open
954,31.802073011734027,0.085397480473401,Closed,Open
955,31.835408518035635,0.0855851440355042,Closed,Open
956,31.868744024337243,0.0950241755742455,Closed,Open
957,31.90207953063885,0.1110483494046507,Closed,Open
958,31.93541503694046,0.1118563996405059,Closed,Open
959,31.968750543242063,0.1300277527870314,Closed,Open
960,32.00208604954368,0.104243238501254,Closed,Open
961,32.03542155584528,0.111727591385965,Closed,Open
962,32.068757062146894,0.1261010034255946,Closed,Open
963,32.1020925684485,0.137827300173721,Closed,Open
964,32.13542807475011,0.1380838190705519,Closed,Open
965,32.168763581051714,0.1133890654792497,Closed,Open
966,32.202099087353325,0.1110136348060887,Closed,Open
967,32.23543459365493,0.121374467146417,Closed,Open
968,32.26877009995654,0.1047792892053256,Closed,Open
969,32.302105606258145,0.1193769089482887,Closed,Open
970,32.33544111255976,0.1337907427632185,Closed,Open
971,32.36877661886136,0.1097211939237859,Closed,Open
972,32.40211212516297,0.1037421197339554,Closed,Open
973,32.43544763146458,0.0805507218129328,Closed,Open
974,32.46878313776619,0.0914920024748279,Closed,Open
975,32.50211864406779,0.0908469768500878,Closed,Open
976,32.535454150369404,0.1016779436372078,Closed,Open
977,32.56878965667101,0.1278116647452949,Closed,Open
978,32.60212516297262,0.1265627982289429,Closed,Open
979,32.63546066927423,0.13735813276675,Closed,Open
980,32.668796175575835,0.1512559853145286,Closed,Open
981,32.70213168187745,0.1300219847932443,Closed,Open
982,32.73546718817905,0.1483938185660071,Closed,Open
983,32.76880269448066,0.1435258846359783,Closed,Open
984,32.80213820078227,0.1247128266787133,Closed,Open
985,32.83547370708388,0.1496040731161003,Closed,Open
986,32.86880921338548,0.1598097620466376,Open,Open
987,32.902144719687094,0.14615397232075,Closed,Open
988,32.9354802259887,0.1259512645987823,Closed,Open
989,32.96881573229031,0.1091394880152696,Closed,Open
990,33.002151238591914,0.1201233597713419,Closed,Open
991,33.035486744893525,0.1231635265132145,Closed,Open
992,33.06882225119513,0.0990998028783006,Closed,Open
993,33.10215775749674,0.0914564068187604,Closed,Open
994,33.135493263798345,0.0978480594860271,Closed,Open
995,33.16882877009996,0.0970433870890898,Closed,Open
996,33.20216427640156,0.1162127452599944,Closed,Open
997,33.23549978270317,0.0996321763981765,Closed,Open
998,33.26883528900478,0.0939593444518365,Closed,Open
999,33.30217079530639,0.101411776109373,Closed,Open
1000,33.33550630160799,0.0837291938774852,Closed,Open
1001,33.368841807909604,0.1218623428365999,Closed,Open
1002,33.40217731421121,0.1138928642365299,Closed,Open
1003,33.43551282051282,0.1181420148676697,Closed,Open
1004,33.468848326814424,0.1268003635214913,Closed,Open
1005,33.502183833116035,0.1470191533196366,Closed,Open
1006,33.53551933941765,0.1626626692541087,Open,Open
1007,33.56885484571925,0.1707771736358624,Open,Open
1008,33.60219035202086,0.1647106847214807,Open,Open
1009,33.63552585832247,0.1306599783197526,Closed,Open
1010,33.66886136462408,0.1112909283441705,Closed,Open
1011,33.70219687092568,0.1006690481440179,Closed,Open
1012,33.735532377227294,0.1086428952510222,Closed,Open
1013,33.7688678835289,0.0839123708356161,Closed,Open
1014,33.80220338983051,0.0910357960956197,Closed,Open
1015,33.835538896132114,0.0985452397055684,Closed,Open
1016,33.868874402433725,0.0990603907300549,Closed,Open
1017,33.90220990873533,0.0922610258417458,Closed,Open
1018,33.93554541503694,0.0990804096024733,Closed,Open
1019,33.968880921338545,0.1034444417150985,Closed,Open
1020,34.00221642764016,0.1112640131941105,Closed,Open
1021,34.03555193394176,0.1089229437830622,Closed,Open
1022,34.06888744024337,0.125,Closed,Open
1023,34.10222294654498,0.1249340142483231,Closed,Open
1024,34.13555845284659,0.1307011316253504,Closed,Open
1025,34.16889395914819,0.1327545936310678,Closed,Open
1026,34.202229465449804,0.1346130751172691,Closed,Open
1027,34.23556497175141,0.1219629855654332,Closed,Open
1028,34.26890047805302,0.1419110055542793,Closed,Open
1029,34.302235984354624,0.1227235544033823,Closed,Open
1030,34.335571490656235,0.1183119049813229,Closed,Open
1031,34.36890699695784,0.1126185012742946,Closed,Open
1032,34.40224250325945,0.1042742096445666,Closed,Open
1033,34.43557800956106,0.1242011432153199,Closed,Open
1034,34.46891351586267,0.1258008804031533,Closed,Open
1035,34.50224902216428,0.1180499501284392,Closed,Open
1036,34.53558452846588,0.0970961668135163,Closed,Open
1037,34.568920034767494,0.1401654929802512,Closed,Open
1038,34.6022555410691,0.1072889905671833,Closed,Open
1039,34.63559104737071,0.1210312870920408,Closed,Open
1040,34.668926553672314,0.1088790794903379,Closed,Open
1041,34.702262059973926,0.1046607629603948,Closed,Open
1042,34.73559756627553,0.1202796083796203,Closed,Open
1043,34.76893307257714,0.0960091984172607,Closed,Open
1044,34.802268578878746,0.1188480800524775,Closed,Open
1045,34.83560408518036,0.1254599495725727,Closed,Open
1046,34.86893959148196,0.100824100725845,Closed,Open
1047,34.90227509778357,0.0872693709309393,Closed,Open
1048,34.93561060408518,0.120068911774005,Closed,Open
1049,34.96894611038679,0.1149683987050422,Closed,Open
1050,35.00228161668839,0.1097917542241156,Closed,Open
1051,35.035617122990004,0.1161268400300727,Closed,Open
1052,35.06895262929161,0.1040701292459991,Closed,Open
1053,35.10228813559322,0.09545431723119,Closed,Open
1054,35.135623641894824,0.0945488580183136,Closed,Open
1055,35.168959148196436,0.102476415432365,Closed,Open
1056,35.20229465449804,0.0962758574225124,Closed,Open
1057,35.23563016079965,0.0976725868901042,Closed,Open
1058,35.268965667101256,0.0970303400745505,Closed,Open
1059,35.30230117340287,0.1009657644629284,Closed,Open
1060,35.33563667970447,0.0963748861915947,Closed,Open
1061,35.36897218600608,0.0957192923929284,Closed,Open
1062,35.402307692307694,0.1218246636192982,Closed,Open
1063,35.4356431986093,0.1314318693589413,Closed,Open
1064,35.46897870491091,0.1367231789074016,Closed,Open
1065,35.502314211212514,0.1378964235264344,Closed,Open
1066,35.535649717514126,0.130176985096955,Closed,Open
1067,35.56898522381573,0.1081665382639196,Closed,Open
1068,35.60232073011734,0.1139008539069505,Closed,Open
1069,35.635656236418946,0.1249815783655325,Closed,Open
1070,35.66899174272056,0.1236621144520775,Closed,Open
1071,35.70232724902216,0.101818330751708,Closed,Open
1072,35.73566275532377,0.0855585910374718,Closed,Open
1073,35.76899826162538,0.0881005761416389,Closed,Open
1074,35.80233376792699,0.1018000200612073,Closed,Open
1075,35.83566927422859,0.0972293130331028,Closed,Open
1076,35.869004780530204,0.1006780676859097,Closed,Open
1077,35.90234028683181,0.1152028162711387,Closed,Open
1078,35.93567579313342,0.1106820499152156,Closed,Open
1079,35.969011299435024,0.1357698335211666,Closed,Open
1080,36.002346805736636,0.0949187181306547,Closed,Open
1081,36.03568231203824,0.1128059381284868,Closed,Open
1082,36.06901781833985,0.1253133541796109,Closed,Open
1083,36.102353324641456,0.1324641363999452,Closed,Open
1084,36.13568883094307,0.116943312564057,Closed,Open
1085,36.16902433724467,0.1364554408451511,Closed,Open
1086,36.20235984354628,0.1469423695039607,Closed,Open
1087,36.23569534984789,0.1635911569988401,Open,Open
1088,36.2690308561495,0.1568782687738437,Closed,Open
1089,36.30236636245111,0.1324150537409642,Closed,Open
1090,36.335701868752714,0.121410732794658,Closed,Open
1091,36.369037375054326,0.1132723956220079,Closed,Open
1092,36.40237288135593,0.1092453313526363,Closed,Open
1093,36.43570838765754,0.0969453792842768,Closed,Open
1094,36.469043893959146,0.098610285118815,Closed,Open
1095,36.50237940026076,0.0931041116553054,Closed,Open
1096,36.53571490656236,0.1074076361560418,Closed,Open
1097,36.56905041286397,0.1036230014880149,Closed,Open
1098,36.60238591916558,0.1019143430647185,Closed,Open
1099,36.63572142546719,0.0953436163997489,Closed,Open
1100,36.66905693176879,0.1170606648972995,Closed,Open
1101,36.702392438070405,0.1099595483147564,Closed,Open
1102,36.73572794437201,0.1045174238984242,Closed,Open
1103,36.76906345067362,0.126681507220141,Closed,Open
1104,36.802398956975225,0.1136740847211102,Closed,Open
1105,36.83573446327683,0.1118432016511554,Closed,Open
1106,36.86906996957844,0.1202521987712815,Closed,Open
1107,36.90240547588005,0.1007277114381113,Closed,Open
1108,36.935740982181656,0.1073503165442168,Closed,Open
1109,36.96907648848327,0.1254194823131532,Closed,Open
1110,37.00241199478487,0.1172468893722447,Closed,Open
1111,37.03574750108648,0.1105995142422045,Closed,Open
1112,37.06908300738809,0.1168575433637905,Closed,Open
1113,37.1024185136897,0.1079188716825788,Closed,Open
1114,37.1357540199913,0.1008534420331293,Closed,Open
1115,37.169089526292915,0.1021067917800727,Closed,Open
1116,37.202425032594526,0.0876078651435362,Closed,Open
1117,37.23576053889613,0.1028128431322578,Closed,Open
1118,37.26909604519774,0.1275521914337265,Closed,Open
1119,37.302431551499346,0.1100102598622165,Closed,Open
1120,37.33576705780096,0.1111650953431893,Closed,Open
1121,37.36910256410256,0.0976552460043174,Closed,Open
1122,37.40243807040417,0.1137020418655487,Closed,Open
1123,37.43577357670578,0.115595648613604,Closed,Open
1124,37.46910908300739,0.1163035337530565,Closed,Open
1125,37.50244458930899,0.1162881473831447,Closed,Open
1126,37.535780095610605,0.1302233428772465,Closed,Open
1127,37.56911560191221,0.123824116039474,Closed,Open
1128,37.60245110821382,0.1283708482655239,Closed,Open
1129,37.635786614515425,0.1359569356630927,Closed,Open
1130,37.66912212081704,0.1387652637784522,Closed,Open
1131,37.70245762711864,0.1410293451533467,Closed,Open
1132,37.73579313342025,0.130820748157943,Closed,Open
1133,37.769128639721856,0.1231740058141262,Closed,Open
1134,37.80246414602347,0.1134712522337462,Closed,Open
1135,37.83579965232507,0.1141568811749795,Closed,Open
1136,37.86913515862668,0.1106914264721491,Closed,Open
1137,37.90247066492829,0.1009298406825925,Closed,Open
1138,37.9358061712299,0.0955680604515116,Closed,Open
1139,37.9691416775315,0.0986207710757575,Closed,Open
1140,38.002477183833115,0.098940654916977,Closed,Open
1141,38.03581269013472,0.0757368752362878,Closed,Open
1142,38.06914819643633,0.0954885500864393,Closed,Open
1143,38.10248370273794,0.1129512006734921,Closed,Open
1144,38.135819209039546,0.0940011005071309,Closed,Open
1145,38.16915471534116,0.0949836543720315,Closed,Open
1146,38.20249022164276,0.0870062146334042,Closed,Open
1147,38.23582572794437,0.0982238113046466,Closed,Open
1148,38.26916123424598,0.0917303795750067,Closed,Open
1149,38.30249674054759,0.1047449480792765,Closed,Open
1150,38.33583224684919,0.1101575370385037,Closed,Open
1151,38.369167753150805,0.1063589074528792,Closed,Open
1152,38.40250325945241,0.1137341233740873,Closed,Open
1153,38.43583876575402,0.1213163982656932,Closed,Open
1154,38.469174272055625,0.1489107034498759,Closed,Open
1155,38.50250977835723,0.1324610692361387,Closed,Open
1156,38.53584528465884,0.1335820584144375,Closed,Open
1157,38.56918079096045,0.138278232839838,Closed,Open
1158,38.602516297262056,0.1295349173385743,Closed,Open
1159,38.63585180356367,0.1146817531124269,Closed,Open
1160,38.66918730986527,0.1138752872548804,Closed,Open
1161,38.70252281616688,0.110647002428179,Closed,Open
1162,38.73585832246849,0.1008994923633185,Closed,Open
1163,38.7691938287701,0.101832071830815,Closed,Open
1164,38.8025293350717,0.0877058019307029,Closed,Open
1165,38.835864841373315,0.0859412910021314,Closed,Open
1166,38.86920034767492,0.1025702793280815,Closed,Open
1167,38.90253585397653,0.0858052604252172,Closed,Open
1168,38.935871360278135,0.0875691523877627,Closed,Open
1169,38.969206866579746,0.0872854823715682,Closed,Open
1170,39.00254237288136,0.0871153208685613,Closed,Open
1171,39.03587787918296,0.0716491366169409,Closed,Open
1172,39.069213385484574,0.0837096603199815,Closed,Open
1173,39.10254889178618,0.0968100798067483,Closed,Open
1174,39.13588439808779,0.0947429073561397,Closed,Open
1175,39.169219904389394,0.1162331555633,Closed,Open
1176,39.202555410691005,0.0886172402048282,Closed,Open
1177,39.23589091699261,0.1003925432167648,Closed,Open
1178,39.26922642329422,0.103913417900698,Closed,Open
1179,39.302561929595825,0.1260882674651723,Closed,Open
1180,39.33589743589744,0.1281676823837511,Closed,Open
1181,39.36923294219904,0.1262837616877735,Closed,Open
1182,39.40256844850065,0.1190478493804117,Closed,Open
1183,39.43590395480226,0.1113812652377511,Closed,Open
1184,39.46923946110387,0.1098123296603183,Closed,Open
1185,39.50257496740547,0.1192819681236987,Closed,Open
1186,39.53591047370709,0.0990674540213668,Closed,Open
1187,39.56924598000869,0.0955784088061757,Closed,Open
1188,39.6025814863103,0.1007462625314658,Closed,Open
1189,39.635916992611904,0.0942880678163094,Closed,Open
1190,39.669252498913515,0.1019187068019503,Closed,Open
1191,39.70258800521512,0.1024202470627362,Closed,Open
1192,39.73592351151673,0.0923970789463262,Closed,Open
1193,39.769259017818335,0.0956684763760579,Closed,Open
1194,39.80259452411995,0.0866854193067895,Closed,Open
1195,39.83593003042155,0.1007762730739768,Closed,Open
1196,39.86926553672316,0.0984511084555756,Closed,Open
1197,39.902601043024774,0.0998237547046327,Closed,Open
1198,39.93593654932638,0.1092786370880876,Closed,Open
1199,39.96927205562799,0.1248080620088417,Closed,Open
1200,40.002607561929594,0.1193028418744579,Closed,Open
1201,40.035943068231205,0.1285518075321249,Closed,Open
1202,40.06927857453281,0.1344341306008911,Closed,Open
1203,40.10261408083442,0.1225231703992838,Closed,Open
1204,40.135949587136025,0.1066353186678988,Closed,Open
1205,40.16928509343764,0.0921003999514602,Closed,Open
1206,40.20262059973924,0.1129235583770924,Closed,Open
1207,40.23595610604085,0.1124228654238816,Closed,Open
1208,40.26929161234246,0.1183809457323656,Closed,Open
1209,40.30262711864407,0.1141120371777745,Closed,Open
1210,40.33596262494567,0.1100474470631132,Closed,Open
1211,40.36929813124728,0.132991745802175,Closed,Open
1212,40.40263363754889,0.1440631798501689,Closed,Open
1213,40.4359691438505,0.1359255332061169,Closed,Open
1214,40.469304650152104,0.1298604094250111,Closed,Open
1215,40.502640156453715,0.1204141440935102,Closed,Open
1216,40.53597566275532,0.1392700878331392,Closed,Open
1217,40.56931116905693,0.1419460580212002,Closed,Open
1218,40.602646675358535,0.1086837998537861,Closed,Open
1219,40.63598218166015,0.1225794288818928,Closed,Open
1220,40.66931768796175,0.0971814933224836,Closed,Open
1221,40.70265319426336,0.1023181167432077,Closed,Open
1222,40.73598870056497,0.0967162946558595,Closed,Open
1223,40.76932420686658,0.0840885582491754,Closed,Open
1224,40.80265971316819,0.0992370099180503,Closed,Open
1225,40.835995219469794,0.1020844283858751,Closed,Open
1226,40.869330725771405,0.1015586719873035,Closed,Open
1227,40.90266623207301,0.0990239381836289,Closed,Open
1228,40.93600173837462,0.0831447835919582,Closed,Open
1229,40.969337244676225,0.0996973256887882,Closed,Open
1230,41.00267275097784,0.108718457708715,Closed,Open
1231,41.03600825727944,0.1110541274963118,Closed,Open
1232,41.06934376358105,0.1156899472778627,Closed,Open
1233,41.10267926988266,0.1135760847068726,Closed,Open
1234,41.13601477618427,0.1182743438363464,Closed,Open
1235,41.16935028248587,0.1062217554898052,Closed,Open
1236,41.20268578878749,0.1180955932454322,Closed,Open
1237,41.23602129508909,0.1108883317168411,Closed,Open
1238,41.2693568013907,0.1372042573331072,Closed,Open
1239,41.302692307692304,0.1201968109943083,Closed,Open
1240,41.336027813993915,0.135528615552722,Closed,Open
1241,41.36936332029552,0.1269544626634832,Closed,Open
1242,41.40269882659713,0.1263631484911039,Closed,Open
1243,41.436034332898735,0.0962072303605056,Closed,Open
1244,41.46936983920035,0.1185422652247205,Closed,Open
1245,41.50270534550195,0.1182961727458111,Closed,Open
1246,41.53604085180356,0.1025780852320338,Closed,Open
1247,41.56937635810517,0.1335226947404981,Closed,Open
1248,41.60271186440678,0.1000621268137105,Closed,Open
1249,41.63604737070838,0.0958418293047444,Closed,Open
1250,41.669382877009994,0.0925169659646755,Closed,Open
1251,41.702718383311606,0.0738971767749279,Closed,Open
1252,41.73605388961321,0.0748475129141701,Closed,Open
1253,41.76938939591482,0.0824215681554197,Closed,Open
1254,41.802724902216426,0.1000534675086014,Closed,Open
1255,41.83606040851804,0.115088954125606,Closed,Open
1256,41.86939591481964,0.1198387436062106,Closed,Open
1257,41.90273142112125,0.1113751932160548,Closed,Open
1258,41.93606692742286,0.119283903927263,Closed,Open
1259,41.96940243372447,0.0818524554228387,Closed,Open
1260,42.00273794002607,0.0836535833926058,Closed,Open
1261,42.03607344632768,0.082159173621627,Closed,Open
1262,42.06940895262929,0.0781008204667628,Closed,Open
1263,42.1027444589309,0.0716986797680002,Closed,Open
1264,42.136079965232504,0.0802920530704211,Closed,Open
1265,42.16941547153411,0.0769811763622701,Closed,Open
1266,42.20275097783572,0.0777763491979133,Closed,Open
1267,42.23608648413733,0.0850756109184757,Closed,Open
1268,42.269421990438936,0.0941560169183916,Closed,Open
1269,42.30275749674055,0.0990265946270727,Closed,Open
1270,42.33609300304215,0.0897664621539637,Closed,Open
1271,42.36942850934376,0.10946758606819,Closed,Open
1272,42.40276401564537,0.1059685460610295,Closed,Open
1273,42.43609952194698,0.1191810783972967,Closed,Open
1274,42.46943502824858,0.1100922168308923,Closed,Open
1275,42.502770534550194,0.1075606864055027,Closed,Open
1276,42.5361060408518,0.1154043741576393,Closed,Open
1277,42.56944154715341,0.1176243579122583,Closed,Open
1278,42.60277705345502,0.1238568966196709,Closed,Open
1279,42.636112559756626,0.1064098354082948,Closed,Open
1280,42.66944806605824,0.1221130359714429,Closed,Open
1281,42.70278357235984,0.1011595883144603,Closed,Open
1282,42.73611907866145,0.1053634675297208,Closed,Open
1283,42.76945458496306,0.1236662529658371,Closed,Open
1284,42.80279009126467,0.1265993572664331,Closed,Open
1285,42.83612559756627,0.129989409084524,Closed,Open
1286,42.86946110386789,0.13646093952435,Closed,Open
1287,42.90279661016949,0.1311019889848362,Closed,Open
1288,42.9361321164711,0.1257356592711037,Closed,Open
1289,42.969467622772704,0.1286376927943404,Closed,Open
1290,43.00280312907432,0.1194553812987055,Closed,Open
1291,43.03613863537592,0.1046607629603948,Closed,Open
1292,43.06947414167753,0.1132043550889377,Closed,Open
1293,43.102809647979136,0.1214491113824391,Closed,Open
1294,43.13614515428075,0.1371154560879887,Closed,Open
1295,43.16948066058235,0.129538091479742,Closed,Open
1296,43.20281616688396,0.1504063175755727,Closed,Open
1297,43.23615167318557,0.1291135762759656,Closed,Open
1298,43.26948717948718,0.1305672893485081,Closed,Open
1299,43.30282268578878,0.0992358123145901,Closed,Open
1300,43.336158192090394,0.1216908059232752,Closed,Open
1301,43.369493698392,0.1220507875342188,Closed,Open
1302,43.40282920469361,0.1008888448826067,Closed,Open
1303,43.436164710995214,0.1141847023887224,Closed,Open
1304,43.469500217296826,0.1080787999801376,Closed,Open
1305,43.50283572359844,0.1109941584937409,Closed,Open
1306,43.53617122990004,0.0990239381836289,Closed,Open
1307,43.56950673620165,0.0783984370421374,Closed,Open
1308,43.60284224250326,0.0859486556628597,Closed,Open
1309,43.63617774880487,0.0956209541763517,Closed,Open
1310,43.66951325510647,0.1047174561208209,Closed,Open
1311,43.70284876140808,0.1070441609549973,Closed,Open
1312,43.73618426770969,0.1174623054321375,Closed,Open
1313,43.7695197740113,0.1128269707864321,Closed,Open
1314,43.802855280312905,0.129090123277491,Closed,Open
1315,43.83619078661451,0.1335934157896434,Closed,Open
1316,43.86952629291612,0.1442293475112908,Closed,Open
1317,43.90286179921773,0.1307011316253504,Closed,Open
1318,43.936197305519336,0.1409671384288883,Closed,Open
1319,43.96953281182095,0.1344718282771779,Closed,Open
1320,44.00286831812255,0.1291802583055157,Closed,Open
1321,44.03620382442416,0.1356977064918411,Closed,Open
1322,44.06953933072577,0.1315043871816666,Closed,Open
1323,44.10287483702738,0.1342416371728483,Closed,Open
1324,44.13621034332898,0.1004645350103242,Closed,Open
1325,44.169545849630595,0.1461933037994346,Closed,Open
1326,44.2028813559322,0.1286594196921453,Closed,Open
1327,44.23621686223381,0.1030695886433476,Closed,Open
1328,44.269552368535415,0.1571596376505462,Closed,Open
1329,44.302887874837026,0.1438625177011622,Closed,Open
1330,44.33622338113863,0.1181190223873473,Closed,Open
1331,44.36955888744024,0.1361170840946691,Closed,Open
1332,44.402894393741846,0.106391314894908,Closed,Open
1333,44.43622990004346,0.0978114983685809,Closed,Open
1334,44.46956540634507,0.1133255364172081,Closed,Open
1335,44.50290091264667,0.0697668381478741,Closed,Open
1336,44.536236418948285,0.0954750027099217,Closed,Open
1337,44.56957192524989,0.1080258644145353,Closed,Open
1338,44.6029074315515,0.1096279323561446,Closed,Open
1339,44.636242937853105,0.119833474792321,Closed,Open
1340,44.66957844415472,0.1758721803381317,Open,Open
1341,44.70291395045632,0.1383804769540442,Closed,Open
1342,44.73624945675793,0.1393094959880532,Closed,Open
1343,44.769584963059536,0.1384272977330152,Closed,Open
1344,44.80292046936115,0.1452008429695507,Closed,Open
1345,44.83625597566275,0.1351211432417599,Closed,Open
1346,44.86959148196436,0.1270531357511597,Closed,Open
1347,44.90292698826597,0.1403706124139996,Closed,Open
1348,44.93626249456758,0.1537111237463114,Closed,Open
1349,44.96959800086918,0.1373477355046779,Closed,Open
1350,45.002933507170795,0.1567304202614548,Closed,Open
1351,45.0362690134724,0.1406831907697424,Closed,Open
1352,45.06960451977401,0.0990463514790267,Closed,Open
1353,45.102940026075615,0.1249274263719748,Closed,Open
1354,45.136275532377226,0.1298420030582342,Closed,Open
1355,45.16961103867883,0.1216442621150018,Closed,Open
1356,45.20294654498044,0.1160203287530384,Closed,Open
1357,45.236282051282046,0.1344086021505376,Closed,Open
1358,45.26961755758366,0.0922662969967431,Closed,Open
1359,45.30295306388526,0.1129081114085487,Closed,Open
1360,45.33628857018687,0.1033900499861737,Closed,Open
1361,45.369624076488485,0.1260050450309428,Closed,Open
1362,45.40295958279009,0.112193286186542,Closed,Open
1363,45.4362950890917,0.1340593856347069,Closed,Open
1364,45.469630595393305,0.1396182052715305,Closed,Open
1365,45.50296610169491,0.1289684459104937,Closed,Open
1366,45.53630160799652,0.1186576196382313,Closed,Open
1367,45.56963711429813,0.1223159253874467,Closed,Open
1368,45.602972620599736,0.1258814069942459,Closed,Open
1369,45.63630812690135,0.1307911949923121,Closed,Open
1370,45.66964363320295,0.108718457708715,Closed,Open
1371,45.70297913950456,0.1176474407046087,Closed,Open
1372,45.73631464580617,0.0898890494645095,Closed,Open
1373,45.76965015210778,0.0926691145612344,Closed,Open
1374,45.80298565840938,0.1267313655226991,Closed,Open
1375,45.836321164710995,0.1208417962711056,Closed,Open
1376,45.8696566710126,0.1315334104411641,Closed,Open
1377,45.90299217731421,0.0892461971889995,Closed,Open
1378,45.936327683615815,0.0920104461057277,Closed,Open
1379,45.969663189917426,0.110253386650774,Closed,Open
1380,46.00299869621903,0.1262118547991232,Closed,Open
1381,46.03633420252064,0.1190916239303254,Closed,Open
1382,46.069669708822246,0.1076169141060924,Closed,Open
1383,46.10300521512386,0.1133121496845224,Closed,Open
1384,46.13634072142546,0.1138795666207459,Closed,Open
1385,46.169676227727074,0.1083174560492803,Closed,Open
1386,46.20301173402868,0.1421917589751996,Closed,Open
1387,46.23634724033029,0.1128461890090166,Closed,Open
1388,46.2696827466319,0.1407492889622523,Closed,Open
1389,46.303018252933505,0.1131450084190656,Closed,Open
1390,46.33635375923512,0.1014529869383435,Closed,Open
1391,46.36968926553672,0.0993110322770452,Closed,Open
1392,46.40302477183833,0.1110731321958947,Closed,Open
1393,46.43636027813994,0.1019212228460775,Closed,Open
1394,46.46969578444155,0.0995683596526385,Closed,Open
1395,46.50303129074315,0.0953436163997489,Closed,Open
1396,46.53636679704477,0.0871341304420838,Closed,Open
1397,46.56970230334637,0.087086440099885,Closed,Open
1398,46.60303780964798,0.0952238119070524,Closed,Open
1399,46.636373315949584,0.0986287303940589,Closed,Open
1400,46.669708822251195,0.1259437409020409,Closed,Open
1401,46.7030443285528,0.0842070592458869,Closed,Open
1402,46.73637983485441,0.0831903067884539,Closed,Open
1403,46.769715341156015,0.0832511505388507,Closed,Open
1404,46.80305084745763,0.0921273600096702,Closed,Open
1405,46.83638635375923,0.1249346829505625,Closed,Open
1406,46.86972186006084,0.0953871712881346,Closed,Open
1407,46.90305736636245,0.0949196002359347,Closed,Open
1408,46.93639287266406,0.1048166908362675,Closed,Open
1409,46.96972837896566,0.1122728973950938,Closed,Open
1410,47.003063885267274,0.0547793070062314,Closed,Closed
1411,47.03639939156888,0.0933583056596166,Closed,Open
1412,47.06973489787049,0.0902756232306825,Closed,Open
1413,47.103070404172094,0.0996005197882802,Closed,Open
1414,47.136405910473705,0.096839133897007,Closed,Open
1415,47.16974141677532,0.0967414821363284,Closed,Open
1416,47.20307692307692,0.0848922128718779,Closed,Open
1417,47.23641242937853,0.0693262653291887,Closed,Open
1418,47.26974793568014,0.0674365574610875,Closed,Open
1419,47.30308344198175,0.0619516381165162,Closed,Closed
1420,47.33641894828335,0.0637594588127139,Closed,Closed
1421,47.36975445458496,0.0728357040729229,Closed,Open
1422,47.40308996088657,0.0488340127048668,Closed,Closed
1423,47.43642546718818,0.071105318595199,Closed,Open
1424,47.469760973489784,0.0816080925028894,Closed,Open
1425,47.503096479791395,0.0928092117000192,Closed,Open
1426,47.536431986093,0.0808452083454443,Closed,Open
1427,47.56976749239461,0.1021703924846349,Closed,Open
1428,47.603102998696215,0.0941667487656237,Closed,Open
1429,47.63643850499783,0.1082968045392313,Closed,Open
1430,47.66977401129943,0.0868918605881747,Closed,Open
1431,47.70310951760104,0.079916554271033,Closed,Open
1432,47.73644502390265,0.0886581186848312,Closed,Open
1433,47.76978053020426,0.092119754663555,Closed,Open
1434,47.80311603650586,0.0887434153596112,Closed,Open
1435,47.836451542807474,0.0870724001714432,Closed,Open
1436,47.86978704910908,0.0734068713320511,Closed,Open
1437,47.90312255541069,0.0816255832999471,Closed,Open
1438,47.936458061712294,0.0874770560528201,Closed,Open
1439,47.969793568013905,0.0878927828487796,Closed,Open
1440,48.00312907431551,0.0725126304725372,Closed,Open
1441,48.03646458061712,0.1099020024000813,Closed,Open
1442,48.06980008691873,0.0814141701358124,Closed,Open
1443,48.10313559322034,0.1093638314463882,Closed,Open
1444,48.13647109952195,0.1103510121621503,Closed,Open
1445,48.16980660582355,0.0977333113475173,Closed,Open
1446,48.20314211212517,0.0935424323541949,Closed,Open
1447,48.23647761842677,0.1100922168308923,Closed,Open
1448,48.26981312472838,0.1154614053674162,Closed,Open
1449,48.303148631029984,0.0881821797360184,Closed,Open
1450,48.336484137331595,0.1191810783972967,Closed,Open
1451,48.3698196436332,0.1204794937443429,Closed,Open
1452,48.40315514993481,0.0984906649611735,Closed,Open
1453,48.436490656236415,0.1142677933863313,Closed,Open
1454,48.46982616253803,0.1154043741576393,Closed,Open
1455,48.50316166883963,0.1230093443339592,Closed,Open
1456,48.53649717514124,0.1239196811843435,Closed,Open
1457,48.56983268144285,0.108105187467471,Closed,Open
1458,48.60316818774446,0.123772427076065,Closed,Open
1459,48.63650369404606,0.1237836915750211,Closed,Open
1460,48.669839200347674,0.124891634136544,Closed,Open
1461,48.70317470664928,0.1352028369396072,Closed,Open
1462,48.73651021295089,0.1293005293105524,Closed,Open
1463,48.769845719252494,0.1227575697375521,Closed,Open
1464,48.803181225554106,0.1140011462638635,Closed,Open
1465,48.83651673185571,0.1162243153584495,Closed,Open
1466,48.86985223815732,0.1018774023598074,Closed,Open
1467,48.903187744458926,0.1214491113824391,Closed,Open
1468,48.93652325076054,0.1222412152584292,Closed,Open
1469,48.96985875706215,0.1104721347240477,Closed,Open
1470,49.00319426336375,0.1093929648559498,Closed,Open
1471,49.03652976966536,0.0935424323541949,Closed,Open
1472,49.06986527596697,0.0964512999039536,Closed,Open
1473,49.10320078226858,0.0831435554472364,Closed,Open
1474,49.136536288570184,0.0696781895144669,Closed,Open
1475,49.16987179487179,0.0848870366465483,Closed,Open
1476,49.2032073011734,0.0810594940156162,Closed,Open
1477,49.23654280747501,0.0920561528446273,Closed,Open
1478,49.269878313776616,0.1112640131941105,Closed,Open
1479,49.30321382007823,0.0968682278240257,Closed,Open
1480,49.33654932637983,0.1183303252702883,Closed,Open
1481,49.36988483268144,0.1215134017623853,Closed,Open
1482,49.40322033898305,0.1113089223642953,Closed,Open
1483,49.43655584528466,0.0925343854833747,Closed,Open
1484,49.46989135158626,0.0965787568647924,Closed,Open
1485,49.503226857887874,0.0985898499459868,Closed,Open
1486,49.53656236418948,0.1030618942990687,Closed,Open
1487,49.56989787049109,0.1188607636493648,Closed,Open
1488,49.603233376792694,0.1071779632319339,Closed,Open
1489,49.636568883094306,0.0998552636421641,Closed,Open
1490,49.66990438939591,0.1087188008016425,Closed,Open
1491,49.70323989569752,0.093432718591587,Closed,Open
1492,49.736575401999126,0.1003889984123119,Closed,Open
1493,49.76991090830074,0.1213101202712024,Closed,Open
1494,49.80324641460234,0.117437673957776,Closed,Open
1495,49.83658192090395,0.1225433581730107,Closed,Open
1496,49.86991742720557,0.0952200337349448,Closed,Open
1497,49.90325293350717,0.0918773737017164,Closed,Open
1498,49.93658843980878,0.0899939276057719,Closed,Open
1499,49.969923946110384,0.1329880586924603,Closed,Open
1500,50.003259452412,0.1256164855846888,Closed,Open
1501,50.0365949587136,0.1291135762759656,Closed,Open
1502,50.06993046501521,0.1278169188760152,Closed,Open
1503,50.103265971316816,0.1370692109408197,Closed,Open
1504,50.13660147761843,0.1136030729714985,Closed,Open
1505,50.16993698392003,0.1248694681858414,Closed,Open
1506,50.20327249022164,0.1216312258266822,Closed,Open
1507,50.23660799652325,0.1223567002896851,Closed,Open
1508,50.26994350282486,0.1293017635134138,Closed,Open
1509,50.30327900912646,0.1275513412222673,Closed,Open
1510,50.336614515428074,0.0958447019743487,Closed,Open
1511,50.36995002172968,0.1023709639763425,Closed,Open
1512,50.40328552803129,0.134612294693053,Closed,Open
1513,50.436621034332894,0.0969056482857146,Closed,Open
1514,50.469956540634506,0.1410102467738088,Closed,Open
1515,50.50329204693611,0.1236658400134308,Closed,Open
1516,50.53662755323772,0.1003793099066342,Closed,Open
1517,50.569963059539326,0.134819023223122,Closed,Open
1518,50.60329856584094,0.1138928642365299,Closed,Open
1519,50.63663407214254,0.1065735236001169,Closed,Open
1520,50.66996957844415,0.1156257246089896,Closed,Open
1521,50.70330508474576,0.1112482276655644,Closed,Open
1522,50.73664059104737,0.1240433895843058,Closed,Open
1523,50.76997609734898,0.1114816117537085,Closed,Open
1524,50.803311603650585,0.1203108429782062,Closed,Open
1525,50.83664710995219,0.1047056137526402,Closed,Open
1526,50.8699826162538,0.1210200741337458,Closed,Open
1527,50.90331812255541,0.1278737642952702,Closed,Open
1528,50.936653628857016,0.0904276573871556,Closed,Open
1529,50.96998913515863,0.1126689864964388,Closed,Open
1530,51.00332464146023,0.1090155145250599,Closed,Open
1531,51.03666014776184,0.096984643915472,Closed,Open
1532,51.06999565406345,0.114242116524326,Closed,Open
1533,51.10333116036506,0.0968257656175462,Closed,Open
