frame,teeth,lips,action,chew_count
1,closed,closed,other,
2,closed,closed,other,0
3,closed,closed,other,0
4,closed,closed,other,0
5,closed,closed,other,0
6,closed,closed,other,0
7,closed,closed,other,0
8,closed,closed,other,0
9,closed,closed,other,0
10,closed,closed,other,0
11,closed,closed,other,0
12,closed,closed,other,0
13,closed,closed,other,0
14,closed,closed,other,0
15,closed,closed,other,0
16,closed,closed,other,0
17,closed,closed,other,0
18,closed,closed,other,0
19,closed,closed,other,0
20,closed,closed,other,0
21,closed,closed,other,0
22,closed,closed,other,0
23,closed,closed,other,0
24,closed,closed,other,0
25,closed,closed,other,0
26,closed,closed,other,0
27,closed,closed,other,0
28,closed,closed,other,0
29,open,open,bite,0
30,open,open,bite,0
31,open,open,bite,0
32,open,open,bite,0
33,open,open,bite,0
34,open,open,bite,0
35,open,open,bite,0
36,open,open,bite,0
37,open,open,bite,0
38,open,open,bite,0
39,open,open,bite,0
40,open,open,bite,0
41,open,open,bite,0
42,open,open,bite,0
43,open,open,bite,0
44,open,open,bite,0
45,open,open,bite,0
46,open,open,bite,0
47,open,open,bite,0
48,open,open,bite,0
49,open,open,bite,0
50,open,open,bite,0
51,open,open,bite,0
52,open,open,bite,0
53,open,open,bite,0
54,open,open,bite,0
55,open,open,bite,0
56,open,closed,bite,0
57,open,closed,bite,0
58,open,closed,bite,0
59,open,closed,bite,0
60,open,closed,bite,0
61,open,closed,bite,0
62,open,closed,bite,0
63,open,closed,bite,0
64,open,closed,bite,0
65,open,closed,bite,0
66,open,closed,bite,0
67,open,closed,bite,0
68,open,closed,bite,0
69,open,closed,bite,0
70,open,closed,bite,0
71,open,closed,bite,0
72,open,closed,bite,0
73,open,closed,bite,0
74,open,closed,bite,0
75,open,closed,bite,0
76,closed,closed,bite,0
77,closed,closed,bite,0
78,closed,closed,bite,0
79,closed,closed,bite,0
80,closed,closed,bite,0
81,closed,closed,bite,0
82,closed,closed,bite,0
83,closed,closed,bite,0
84,closed,closed,bite,0
85,closed,closed,bite,0
86,closed,closed,bite,0
87,closed,closed,bite,0
88,open,closed,bite,0
89,open,closed,bite,0
90,open,closed,bite,0
91,open,closed,bite,0
92,open,closed,bite,0
93,open,closed,bite,0
94,open,closed,bite,0
95,open,closed,bite,0
96,open,closed,bite,0
97,open,closed,bite,0
98,closed,closed,chew,0
99,closed,closed,chew,0
100,closed,closed,chew,0
101,closed,closed,chew,0
102,closed,closed,chew,0
103,closed,closed,chew,0
104,closed,closed,chew,0
105,closed,closed,chew,0
106,open,closed,chew,1
107,open,closed,chew,1
108,open,closed,chew,1
109,open,closed,chew,1
110,open,closed,chew,1
111,open,closed,chew,1
112,open,closed,chew,1
113,open,closed,chew,1
114,open,closed,chew,1
115,open,closed,chew,1
116,closed,closed,chew,1
117,closed,closed,chew,1
118,closed,closed,chew,1
119,closed,closed,chew,1
120,closed,closed,chew,1
121,closed,closed,chew,1
122,closed,closed,chew,1
123,closed,closed,chew,1
124,closed,closed,chew,1
125,closed,closed,chew,1
126,closed,closed,chew,1
127,open,closed,chew,2
128,open,closed,chew,2
129,open,closed,chew,2
130,open,closed,chew,2
131,open,closed,chew,2
132,open,closed,chew,2
133,open,closed,chew,2
134,open,closed,chew,2
135,closed,closed,chew,2
136,closed,closed,chew,2
137,closed,closed,chew,2
138,closed,closed,chew,2
139,closed,closed,chew,2
140,closed,closed,chew,2
141,closed,closed,chew,2
142,closed,closed,chew,2
143,closed,closed,chew,2
144,closed,closed,chew,2
145,closed,closed,chew,2
146,open,closed,chew,3
147,open,closed,chew,3
148,open,closed,chew,3
149,open,closed,chew,3
150,open,closed,chew,3
151,open,closed,chew,3
152,open,closed,chew,3
153,open,closed,chew,3
154,open,closed,chew,3
155,closed,closed,chew,3
156,closed,closed,chew,3
157,closed,closed,chew,3
158,closed,closed,chew,3
159,closed,closed,chew,3
160,closed,closed,chew,3
161,closed,closed,chew,3
162,closed,closed,chew,3
163,closed,closed,chew,3
164,closed,closed,chew,3
165,open,closed,chew,4
166,open,closed,chew,4
167,open,closed,chew,4
168,open,closed,chew,4
169,open,closed,chew,4
170,open,closed,chew,4
171,open,closed,chew,4
172,open,closed,chew,4
173,closed,closed,chew,4
174,closed,closed,chew,4
175,closed,closed,chew,4
176,closed,closed,chew,4
177,closed,closed,chew,4
178,closed,closed,chew,4
179,closed,closed,chew,4
180,closed,closed,chew,4
181,open,closed,chew,5
182,open,closed,chew,5
183,open,closed,chew,5
184,open,closed,chew,5
185,open,closed,chew,5
186,open,closed,chew,5
187,open,closed,chew,5
188,open,closed,chew,5
189,closed,closed,chew,5
190,closed,closed,chew,5
191,closed,closed,chew,5
192,closed,closed,chew,5
193,closed,closed,chew,5
194,closed,closed,chew,5
195,closed,closed,chew,5
196,closed,closed,chew,5
197,closed,closed,chew,5
198,closed,closed,chew,5
199,closed,closed,chew,5
200,closed,closed,chew,5
201,open,closed,chew,6
202,open,closed,chew,6
203,open,closed,chew,6
204,open,closed,chew,6
205,open,closed,chew,6
206,open,closed,chew,6
207,closed,closed,chew,6
208,closed,closed,chew,6
209,closed,closed,chew,6
210,closed,closed,chew,6
211,closed,closed,chew,6
212,closed,closed,chew,6
213,closed,closed,chew,6
214,closed,closed,chew,6
215,closed,closed,chew,6
216,closed,closed,chew,6
217,closed,closed,chew,6
218,open,closed,chew,7
219,open,closed,chew,7
220,open,closed,chew,7
221,open,closed,chew,7
222,open,closed,chew,7
223,open,closed,chew,7
224,open,closed,chew,7
225,open,closed,chew,7
226,open,closed,chew,7
227,open,closed,chew,7
228,closed,closed,chew,7
229,closed,closed,chew,7
230,closed,closed,chew,7
231,closed,closed,chew,7
232,closed,closed,chew,7
233,closed,closed,chew,7
234,closed,closed,chew,7
235,closed,closed,chew,7
236,closed,closed,chew,7
237,closed,closed,chew,7
238,closed,closed,chew,7
239,closed,closed,chew,7
240,open,closed,chew,8
241,open,closed,chew,8
242,open,closed,chew,8
243,open,closed,chew,8
244,open,closed,chew,8
245,open,closed,chew,8
246,open,closed,chew,8
247,closed,closed,chew,8
248,closed,closed,chew,8
249,closed,closed,chew,8
250,closed,closed,chew,8
251,closed,closed,chew,8
252,closed,closed,chew,8
253,closed,closed,chew,8
254,closed,closed,chew,8
255,closed,closed,chew,8
256,closed,closed,chew,8
257,closed,closed,chew,8
258,closed,closed,chew,8
259,open,closed,chew,9
260,open,closed,chew,9
261,open,closed,chew,9
262,open,closed,chew,9
263,open,closed,chew,9
264,open,closed,chew,9
265,open,closed,chew,9
266,open,closed,chew,9
267,open,closed,chew,9
268,open,closed,chew,9
269,open,closed,chew,9
270,open,closed,chew,9
271,closed,closed,chew,9
272,closed,closed,chew,9
273,closed,closed,chew,9
274,closed,closed,chew,9
275,closed,closed,chew,9
276,closed,closed,chew,9
277,closed,closed,chew,9
278,closed,closed,chew,9
279,closed,closed,chew,9
280,closed,closed,chew,9
281,closed,closed,chew,9
282,open,closed,chew,10
283,open,closed,chew,10
284,open,closed,chew,10
285,open,closed,chew,10
286,open,closed,chew,10
287,open,closed,chew,10
288,open,closed,chew,10
289,open,closed,chew,10
290,open,closed,chew,10
291,open,closed,chew,10
292,closed,closed,chew,10
293,closed,closed,chew,10
294,closed,closed,chew,10
295,closed,closed,chew,10
296,closed,closed,chew,10
297,closed,closed,chew,10
298,closed,closed,chew,10
299,closed,closed,chew,10
300,closed,closed,chew,10
301,closed,closed,chew,10
302,closed,closed,chew,10
303,open,closed,chew,11
304,open,closed,chew,11
305,open,closed,chew,11
306,open,closed,chew,11
307,open,closed,chew,11
308,open,closed,chew,11
309,open,closed,chew,11
310,open,closed,chew,11
311,open,closed,chew,11
312,open,closed,chew,11
313,closed,closed,chew,11
314,closed,closed,chew,11
315,closed,closed,chew,11
316,closed,closed,chew,11
317,closed,closed,chew,11
318,closed,closed,chew,11
319,closed,closed,chew,11
320,closed,closed,chew,11
321,closed,closed,chew,11
322,closed,closed,chew,11
323,closed,closed,chew,11
324,closed,closed,chew,11
325,open,closed,chew,12
326,open,closed,chew,12
327,open,closed,chew,12
328,open,closed,chew,12
329,open,closed,chew,12
330,open,closed,chew,12
331,open,closed,chew,12
332,open,closed,chew,12
333,open,closed,chew,12
334,open,closed,chew,12
335,closed,closed,chew,12
336,closed,closed,chew,12
337,closed,closed,chew,12
338,closed,closed,chew,12
339,closed,closed,chew,12
340,closed,closed,chew,12
341,closed,closed,chew,12
342,closed,closed,chew,12
343,closed,closed,chew,12
344,closed,closed,chew,12
345,closed,closed,chew,12
346,open,closed,chew,13
347,open,closed,chew,13
348,open,closed,chew,13
349,open,closed,chew,13
350,open,closed,chew,13
351,open,closed,chew,13
352,open,closed,chew,13
353,open,closed,chew,13
354,open,closed,chew,13
355,open,closed,chew,13
356,closed,closed,chew,13
357,closed,closed,chew,13
358,closed,closed,chew,13
359,closed,closed,chew,13
360,closed,closed,chew,13
361,closed,closed,chew,13
362,closed,closed,chew,13
363,closed,closed,chew,13
364,open,closed,chew,14
365,open,closed,chew,14
366,open,closed,chew,14
367,open,closed,chew,14
368,open,closed,chew,14
369,open,closed,chew,14
370,open,closed,chew,14
371,open,closed,chew,14
372,open,closed,chew,14
373,open,closed,chew,14
374,open,closed,chew,14
375,closed,closed,chew,14
376,closed,closed,chew,14
377,closed,closed,chew,14
378,closed,closed,chew,14
379,closed,closed,chew,14
380,closed,closed,chew,14
381,closed,closed,chew,14
382,closed,closed,chew,14
383,closed,closed,chew,14
384,closed,closed,chew,14
385,closed,closed,chew,14
386,open,closed,chew,15
387,open,closed,chew,15
388,open,closed,chew,15
389,open,closed,chew,15
390,open,closed,chew,15
391,open,closed,chew,15
392,open,closed,chew,15
393,open,closed,chew,15
394,open,closed,chew,15
395,open,closed,chew,15
396,closed,closed,chew,15
397,closed,closed,chew,15
398,closed,closed,chew,15
399,closed,closed,chew,15
400,closed,closed,chew,15
401,closed,closed,chew,15
402,closed,closed,chew,15
403,closed,closed,chew,15
404,closed,closed,chew,15
405,closed,closed,chew,15
406,closed,closed,chew,15
407,closed,closed,chew,15
408,closed,closed,chew,15
409,open,closed,chew,16
410,open,closed,chew,16
411,open,closed,chew,16
412,open,closed,chew,16
413,open,closed,chew,16
414,open,closed,chew,16
415,open,closed,chew,16
416,open,closed,chew,16
417,open,closed,chew,16
418,open,closed,chew,16
419,open,closed,chew,16
420,open,closed,chew,16
421,open,closed,chew,16
422,open,closed,chew,16
423,closed,closed,chew,16
424,closed,closed,chew,16
425,closed,closed,chew,16
426,closed,closed,chew,16
427,closed,closed,chew,16
428,closed,closed,chew,16
429,closed,closed,chew,16
430,closed,closed,chew,16
431,closed,closed,chew,16
432,open,closed,chew,17
433,open,closed,chew,17
434,open,closed,chew,17
435,open,closed,chew,17
436,open,closed,chew,17
437,open,closed,chew,17
438,open,closed,chew,17
439,open,closed,chew,17
440,open,closed,chew,17
441,open,closed,chew,17
442,open,closed,chew,17
443,open,closed,chew,17
444,open,closed,chew,17
445,closed,closed,chew,17
446,closed,closed,chew,17
447,closed,closed,chew,17
448,closed,closed,chew,17
449,closed,closed,chew,17
450,closed,closed,chew,17
451,closed,closed,chew,17
452,closed,closed,chew,17
453,closed,closed,chew,17
454,closed,closed,chew,17
455,closed,closed,chew,17
456,closed,closed,chew,17
457,closed,closed,chew,17
458,closed,closed,chew,17
459,closed,closed,chew,17
460,closed,closed,chew,17
461,closed,closed,chew,17
462,closed,closed,chew,17
463,closed,closed,chew,17
464,open,closed,chew,18
465,open,closed,chew,18
466,open,closed,chew,18
467,open,closed,chew,18
468,open,closed,chew,18
469,open,closed,chew,18
470,open,closed,chew,18
471,open,closed,chew,18
472,open,closed,chew,18
473,open,closed,chew,18
474,open,closed,chew,18
475,open,closed,chew,18
476,open,closed,chew,18
477,open,closed,chew,18
478,closed,closed,chew,18
479,closed,closed,chew,18
480,closed,closed,chew,18
481,closed,closed,chew,18
482,closed,closed,chew,18
483,closed,closed,chew,18
484,closed,closed,chew,18
485,closed,closed,chew,18
486,open,closed,chew,19
487,open,closed,chew,19
488,open,closed,chew,19
489,open,closed,chew,19
490,open,closed,chew,19
491,open,closed,chew,19
492,open,closed,chew,19
493,open,closed,chew,19
494,open,closed,chew,19
495,open,closed,chew,19
496,open,closed,chew,19
497,open,closed,chew,19
498,open,closed,chew,19
499,open,closed,chew,19
500,open,closed,chew,19
501,closed,closed,chew,19
502,closed,closed,chew,19
503,closed,closed,chew,19
504,closed,closed,chew,19
505,closed,closed,chew,19
506,closed,closed,chew,19
507,closed,closed,chew,19
508,closed,closed,chew,19
509,closed,closed,chew,19
510,open,closed,chew,20
511,open,closed,chew,20
512,open,closed,chew,20
513,open,closed,chew,20
514,open,closed,chew,20
515,open,closed,chew,20
516,open,closed,chew,20
517,open,closed,chew,20
518,open,closed,chew,20
519,open,closed,chew,20
520,open,closed,chew,20
521,open,closed,chew,20
522,open,closed,chew,20
523,open,closed,chew,20
524,closed,closed,chew,20
525,closed,closed,chew,20
526,closed,closed,chew,20
527,closed,closed,chew,20
528,closed,closed,chew,20
529,closed,closed,chew,20
530,closed,closed,chew,20
531,closed,closed,chew,20
532,open,closed,chew,21
533,open,closed,chew,21
534,open,closed,chew,21
535,open,closed,chew,21
536,open,closed,chew,21
537,open,closed,chew,21
538,open,closed,chew,21
539,open,closed,chew,21
540,open,closed,chew,21
541,open,closed,chew,21
542,open,closed,chew,21
543,open,closed,chew,21
544,open,closed,chew,21
545,closed,closed,chew,21
546,closed,closed,chew,21
547,closed,closed,chew,21
548,closed,closed,chew,21
549,closed,closed,chew,21
550,closed,closed,chew,21
551,closed,closed,other,21
552,closed,closed,other,21
553,closed,closed,other,21
554,closed,closed,other,21
555,closed,closed,other,21
556,closed,closed,other,21
557,closed,closed,other,21
558,open,closed,other,21
559,open,closed,other,21
560,open,closed,other,21
561,open,closed,other,21
562,open,closed,other,21
563,open,closed,other,21
564,open,closed,other,21
565,open,closed,other,21
566,open,closed,other,21
567,open,closed,other,21
568,open,closed,other,21
569,closed,closed,other,21
570,closed,closed,other,21
571,closed,closed,other,21
572,closed,closed,other,21
573,closed,closed,other,21
574,closed,closed,other,21
575,closed,closed,other,21
576,closed,closed,other,21
577,closed,closed,other,21
578,closed,closed,other,21
579,closed,closed,other,21
580,closed,closed,other,21
581,closed,closed,other,21
582,open,closed,other,21
583,open,closed,other,21
584,open,closed,other,21
585,open,closed,other,21
586,open,closed,other,21
587,open,closed,other,21
588,open,closed,other,21
589,open,closed,other,21
590,open,closed,other,21
591,closed,closed,other,21
592,closed,closed,other,21
593,closed,closed,other,21
594,closed,closed,other,21
595,closed,closed,other,21
596,closed,closed,other,21
597,closed,closed,other,21
598,closed,closed,other,21
599,closed,closed,other,21
600,closed,closed,other,21
601,closed,closed,other,21
602,closed,closed,other,21
603,closed,closed,other,21
604,closed,closed,other,21
605,closed,closed,other,21
606,closed,closed,other,21
607,closed,closed,other,21
608,closed,closed,other,21
609,closed,closed,other,21
610,closed,closed,other,21
611,closed,closed,other,21
612,closed,closed,other,21
613,closed,closed,other,21
614,closed,closed,other,21
615,closed,closed,other,21
616,closed,closed,other,21
617,closed,closed,other,21
618,closed,closed,other,21
619,closed,closed,other,21
620,closed,closed,other,21
621,closed,closed,other,21
622,closed,closed,other,21
623,closed,closed,other,21
624,closed,closed,other,21
625,closed,closed,other,21
626,closed,closed,other,21
627,closed,closed,other,21
628,closed,closed,other,21
629,closed,closed,other,21
630,closed,closed,other,21
631,closed,closed,other,21
632,closed,closed,other,21
633,closed,closed,other,21
634,closed,closed,other,21
635,closed,closed,other,21
636,closed,closed,other,21
637,open,closed,other,21
638,open,closed,other,21
639,open,closed,other,21
640,open,closed,other,21
641,open,closed,other,21
642,open,closed,other,21
643,open,closed,other,21
644,open,closed,other,21
645,open,closed,other,21
646,open,closed,other,21
647,open,closed,other,21
648,open,closed,other,21
649,open,closed,other,21
650,open,closed,other,21
651,open,closed,other,21
652,closed,closed,other,21
653,closed,closed,other,21
654,closed,closed,other,21
655,closed,closed,other,21
656,closed,closed,other,21
657,closed,closed,other,21
658,closed,closed,other,21
659,closed,closed,other,21
660,closed,closed,other,21
661,closed,closed,other,21
662,closed,closed,other,21
663,closed,closed,other,21
664,closed,closed,other,21
665,closed,closed,other,21
666,closed,closed,other,21
667,closed,closed,other,21
668,closed,closed,other,21
669,closed,closed,other,21
670,closed,closed,other,21
671,closed,closed,other,21
672,closed,closed,other,21
673,closed,closed,other,21
674,closed,closed,other,21
675,closed,closed,other,21
676,closed,closed,other,21
677,closed,closed,other,21
678,closed,closed,other,21
679,closed,closed,other,21
680,closed,closed,other,21
681,closed,closed,other,21
682,closed,closed,other,21
683,closed,closed,other,21
684,closed,closed,other,21
685,closed,closed,other,21
686,closed,closed,other,21
687,closed,closed,other,21
688,closed,closed,other,21
689,closed,closed,other,21
690,closed,closed,other,21
691,closed,closed,other,21
692,closed,closed,other,21
693,closed,closed,other,21
694,closed,closed,other,21
695,closed,closed,other,21
696,closed,closed,other,21
697,closed,closed,other,21
698,closed,closed,other,21
699,closed,closed,other,21
700,closed,closed,other,21
701,closed,closed,other,21
702,closed,closed,other,21
703,closed,closed,other,21
704,closed,closed,other,21
705,closed,closed,other,21
706,closed,closed,other,21
707,closed,closed,other,21
708,closed,closed,other,21
709,closed,closed,other,21
710,closed,closed,other,21
711,closed,closed,other,21
712,closed,closed,other,21
713,closed,closed,other,21
714,closed,closed,other,21
715,closed,closed,other,21
716,closed,closed,other,21
717,closed,closed,other,21
718,closed,closed,other,21
719,closed,closed,other,21
720,closed,closed,other,21
721,open,open,bite,21
722,open,open,bite,21
723,open,open,bite,21
724,open,open,bite,21
725,open,open,bite,21
726,open,open,bite,21
727,open,open,bite,21
728,open,open,bite,21
729,open,open,bite,21
730,open,open,bite,21
731,open,open,bite,21
732,open,open,bite,21
733,open,open,bite,21
734,open,open,bite,21
735,open,open,bite,21
736,open,open,bite,21
737,open,open,bite,21
738,open,open,bite,21
739,open,open,bite,21
740,open,open,bite,21
741,open,open,bite,21
742,open,open,bite,21
743,open,open,bite,21
744,open,closed,bite,21
745,open,closed,bite,21
746,open,closed,bite,21
747,open,closed,bite,21
748,open,closed,bite,21
749,open,closed,bite,21
750,open,closed,bite,21
751,closed,closed,bite,21
752,closed,closed,bite,21
753,closed,closed,bite,21
754,closed,closed,bite,21
755,closed,closed,bite,21
756,closed,closed,bite,21
757,closed,closed,bite,21
758,closed,closed,bite,21
759,closed,closed,bite,21
760,closed,closed,bite,21
761,closed,closed,chew,21
762,open,closed,chew,22
763,open,closed,chew,22
764,open,closed,chew,22
765,open,closed,chew,22
766,open,closed,chew,22
767,open,closed,chew,22
768,open,closed,chew,22
769,open,closed,chew,22
770,open,closed,chew,22
771,open,closed,chew,22
772,closed,closed,chew,22
773,closed,closed,chew,22
774,closed,closed,chew,22
775,closed,closed,chew,22
776,closed,closed,chew,22
777,closed,closed,chew,22
778,closed,closed,chew,22
779,closed,closed,chew,22
780,closed,closed,chew,22
781,closed,closed,chew,22
782,closed,closed,chew,22
783,closed,closed,chew,22
784,open,closed,chew,23
785,open,closed,chew,23
786,open,closed,chew,23
787,open,closed,chew,23
788,open,closed,chew,23
789,open,closed,chew,23
790,open,closed,chew,23
791,open,closed,chew,23
792,open,closed,chew,23
793,closed,closed,chew,23
794,closed,closed,chew,23
795,closed,closed,chew,23
796,closed,closed,chew,23
797,closed,closed,chew,23
798,closed,closed,chew,23
799,closed,closed,chew,23
800,closed,closed,chew,23
801,closed,closed,chew,23
802,open,closed,chew,24
803,open,closed,chew,24
804,open,closed,chew,24
805,open,closed,chew,24
806,open,closed,chew,24
807,open,closed,chew,24
808,open,closed,chew,24
809,open,closed,chew,24
810,closed,closed,chew,24
811,closed,closed,chew,24
812,closed,closed,chew,24
813,closed,closed,chew,24
814,closed,closed,chew,24
815,closed,closed,chew,24
816,closed,closed,chew,24
817,closed,closed,chew,24
818,closed,closed,chew,24
819,open,closed,chew,25
820,open,closed,chew,25
821,open,closed,chew,25
822,open,closed,chew,25
823,open,closed,chew,25
824,open,closed,chew,25
825,open,closed,chew,25
826,open,closed,chew,25
827,open,closed,chew,25
828,closed,closed,chew,25
829,closed,closed,chew,25
830,closed,closed,chew,25
831,closed,closed,chew,25
832,closed,closed,chew,25
833,closed,closed,chew,25
834,closed,closed,chew,25
835,closed,closed,chew,25
836,closed,closed,chew,25
837,closed,closed,chew,25
838,open,closed,chew,26
839,open,closed,chew,26
840,open,closed,chew,26
841,open,closed,chew,26
842,open,closed,chew,26
843,open,closed,chew,26
844,open,closed,chew,26
845,closed,closed,chew,26
846,closed,closed,chew,26
847,closed,closed,chew,26
848,closed,closed,chew,26
849,closed,closed,chew,26
850,closed,closed,chew,26
851,closed,closed,chew,26
852,closed,closed,chew,26
853,closed,closed,chew,26
854,closed,closed,chew,26
855,closed,closed,chew,26
856,open,closed,chew,27
857,open,closed,chew,27
858,open,closed,chew,27
859,open,closed,chew,27
860,open,closed,chew,27
861,open,closed,chew,27
862,open,closed,chew,27
863,closed,closed,chew,27
864,closed,closed,chew,27
865,closed,closed,chew,27
866,closed,closed,chew,27
867,closed,closed,chew,27
868,closed,closed,chew,27
869,open,closed,chew,28
870,open,closed,chew,28
871,open,closed,chew,28
872,open,closed,chew,28
873,open,closed,chew,28
874,open,closed,chew,28
875,open,closed,chew,28
876,open,closed,chew,28
877,closed,closed,chew,28
878,closed,closed,chew,28
879,closed,closed,chew,28
880,closed,closed,chew,28
881,closed,closed,chew,28
882,closed,closed,chew,28
883,closed,closed,chew,28
884,closed,closed,chew,28
885,closed,closed,chew,28
886,closed,closed,chew,28
887,closed,closed,chew,28
888,open,closed,chew,29
889,open,closed,chew,29
890,open,closed,chew,29
891,open,closed,chew,29
892,open,closed,chew,29
893,open,closed,chew,29
894,open,closed,chew,29
895,closed,closed,chew,29
896,closed,closed,chew,29
897,closed,closed,chew,29
898,closed,closed,chew,29
899,closed,closed,chew,29
900,closed,closed,chew,29
901,closed,closed,chew,29
902,closed,closed,chew,29
903,closed,closed,chew,29
904,closed,closed,chew,29
905,closed,closed,chew,29
906,open,closed,chew,30
907,open,closed,chew,30
908,open,closed,chew,30
909,open,closed,chew,30
910,open,closed,chew,30
911,open,closed,chew,30
912,open,closed,chew,30
913,open,closed,chew,30
914,open,closed,chew,30
915,closed,closed,chew,30
916,closed,closed,chew,30
917,closed,closed,chew,30
918,closed,closed,chew,30
919,closed,closed,chew,30
920,closed,closed,chew,30
921,closed,closed,chew,30
922,closed,closed,chew,30
923,closed,closed,chew,30
924,closed,closed,chew,30
925,open,closed,chew,31
926,open,closed,chew,31
927,open,closed,chew,31
928,open,closed,chew,31
929,open,closed,chew,31
930,open,closed,chew,31
931,open,closed,chew,31
932,open,closed,chew,31
933,open,closed,chew,31
934,closed,closed,chew,31
935,closed,closed,chew,31
936,closed,closed,chew,31
937,closed,closed,chew,31
938,closed,closed,chew,31
939,closed,closed,chew,31
940,closed,closed,chew,31
941,closed,closed,chew,31
942,closed,closed,chew,31
943,closed,closed,chew,31
944,closed,closed,chew,31
945,closed,closed,chew,31
946,closed,closed,chew,31
947,open,closed,chew,32
948,open,closed,chew,32
949,open,closed,chew,32
950,open,closed,chew,32
951,open,closed,chew,32
952,open,closed,chew,32
953,open,closed,chew,32
954,open,closed,chew,32
955,closed,closed,chew,32
956,closed,closed,chew,32
957,closed,closed,chew,32
958,closed,closed,chew,32
959,closed,closed,chew,32
960,closed,closed,chew,32
961,closed,closed,chew,32
962,closed,closed,chew,32
963,closed,closed,chew,32
964,closed,closed,chew,32
965,closed,closed,chew,32
966,open,closed,chew,33
967,open,closed,chew,33
968,open,closed,chew,33
969,open,closed,chew,33
970,open,closed,chew,33
971,open,closed,chew,33
972,open,closed,chew,33
973,open,closed,chew,33
974,closed,closed,chew,33
975,closed,closed,chew,33
976,closed,closed,chew,33
977,closed,closed,chew,33
978,closed,closed,chew,33
979,closed,closed,chew,33
980,closed,closed,chew,33
981,closed,closed,chew,33
982,closed,closed,chew,33
983,open,closed,chew,34
984,open,closed,chew,34
985,open,closed,chew,34
986,open,closed,chew,34
987,open,closed,chew,34
988,open,closed,chew,34
989,open,closed,chew,34
990,open,closed,chew,34
991,open,closed,chew,34
992,open,closed,chew,34
993,open,closed,chew,34
994,open,closed,chew,34
995,open,closed,chew,34
996,open,closed,chew,34
997,open,closed,chew,34
998,closed,closed,chew,34
999,closed,closed,chew,34
1000,closed,closed,chew,34
1001,closed,closed,chew,34
1002,closed,closed,chew,34
1003,closed,closed,chew,34
1004,closed,closed,chew,34
1005,closed,closed,chew,34
1006,closed,closed,chew,34
1007,closed,closed,chew,34
1008,open,closed,chew,35
1009,open,closed,chew,35
1010,open,closed,chew,35
1011,open,closed,chew,35
1012,open,closed,chew,35
1013,open,closed,chew,35
1014,open,closed,chew,35
1015,open,closed,chew,35
1016,open,closed,chew,35
1017,open,closed,chew,35
1018,open,closed,chew,35
1019,closed,closed,chew,35
1020,closed,closed,chew,35
1021,closed,closed,chew,35
1022,closed,closed,chew,35
1023,closed,closed,chew,35
1024,closed,closed,chew,35
1025,closed,closed,chew,35
1026,closed,closed,chew,35
1027,closed,closed,chew,35
1028,closed,closed,chew,35
1029,open,closed,chew,36
1030,open,closed,chew,36
1031,open,closed,chew,36
1032,open,closed,chew,36
1033,open,closed,chew,36
1034,open,closed,chew,36
1035,open,closed,chew,36
1036,open,closed,chew,36
1037,open,closed,chew,36
1038,open,closed,chew,36
1039,open,closed,chew,36
1040,open,closed,chew,36
1041,closed,closed,chew,36
1042,closed,closed,chew,36
1043,closed,closed,chew,36
1044,closed,closed,chew,36
1045,closed,closed,chew,36
1046,closed,closed,chew,36
1047,closed,closed,chew,36
1048,closed,closed,chew,36
1049,closed,closed,chew,36
1050,closed,closed,chew,36
1051,closed,closed,chew,36
1052,open,closed,chew,37
1053,open,closed,chew,37
1054,open,closed,chew,37
1055,open,closed,chew,37
1056,open,closed,chew,37
1057,open,closed,chew,37
1058,open,closed,chew,37
1059,open,closed,chew,37
1060,open,closed,chew,37
1061,open,closed,chew,37
1062,closed,closed,chew,37
1063,closed,closed,chew,37
1064,closed,closed,chew,37
1065,closed,closed,chew,37
1066,open,closed,chew,38
1067,open,closed,chew,38
1068,open,closed,chew,38
1069,open,closed,chew,38
1070,open,closed,chew,38
1071,open,closed,chew,38
1072,open,closed,chew,38
1073,open,closed,chew,38
1074,open,closed,chew,38
1075,open,closed,chew,38
1076,open,closed,chew,38
1077,closed,closed,chew,38
1078,closed,closed,chew,38
1079,closed,closed,chew,38
1080,closed,closed,chew,38
1081,closed,closed,chew,38
1082,closed,closed,chew,38
1083,closed,closed,chew,38
1084,closed,closed,chew,38
1085,closed,closed,chew,38
1086,closed,closed,chew,38
1087,closed,closed,chew,38
1088,open,closed,chew,39
1089,open,closed,chew,39
1090,open,closed,chew,39
1091,open,closed,chew,39
1092,open,closed,chew,39
1093,open,closed,chew,39
1094,open,closed,chew,39
1095,open,closed,chew,39
1096,open,closed,chew,39
1097,open,closed,chew,39
1098,closed,closed,chew,39
1099,closed,closed,chew,39
1100,closed,closed,chew,39
1101,closed,closed,chew,39
1102,closed,closed,chew,39
1103,closed,closed,chew,39
1104,closed,closed,chew,39
1105,closed,closed,chew,39
1106,closed,closed,chew,39
1107,closed,closed,chew,39
1108,open,closed,chew,40
1109,open,closed,chew,40
1110,open,closed,chew,40
1111,open,closed,chew,40
1112,open,closed,chew,40
1113,open,closed,chew,40
1114,open,closed,chew,40
1115,open,closed,chew,40
1116,open,closed,chew,40
1117,open,closed,chew,40
1118,open,closed,chew,40
1119,open,closed,chew,40
1120,closed,closed,chew,40
1121,closed,closed,chew,40
1122,closed,closed,chew,40
1123,closed,closed,chew,40
1124,closed,closed,chew,40
1125,closed,closed,chew,40
1126,closed,closed,chew,40
1127,closed,closed,chew,40
1128,closed,closed,chew,40
1129,closed,closed,chew,40
1130,closed,closed,chew,40
1131,closed,closed,chew,40
1132,open,closed,chew,41
1133,open,closed,chew,41
1134,open,closed,chew,41
1135,open,closed,chew,41
1136,open,closed,chew,41
1137,open,closed,chew,41
1138,open,closed,chew,41
1139,open,closed,chew,41
1140,open,closed,chew,41
1141,open,closed,chew,41
1142,open,closed,chew,41
1143,open,closed,chew,41
1144,open,closed,chew,41
1145,closed,closed,chew,41
1146,closed,closed,chew,41
1147,closed,closed,chew,41
1148,closed,closed,chew,41
1149,closed,closed,chew,41
1150,closed,closed,chew,41
1151,closed,closed,chew,41
1152,closed,closed,chew,41
1153,closed,closed,chew,41
1154,closed,closed,chew,41
1155,closed,closed,chew,41
1156,open,closed,chew,42
1157,open,closed,chew,42
1158,open,closed,chew,42
1159,open,closed,chew,42
1160,open,closed,chew,42
1161,open,closed,chew,42
1162,open,closed,chew,42
1163,open,closed,chew,42
1164,open,closed,chew,42
1165,open,closed,chew,42
1166,open,closed,chew,42
1167,open,closed,chew,42
1168,open,closed,chew,42
1169,closed,closed,chew,42
1170,closed,closed,chew,42
1171,closed,closed,chew,42
1172,closed,closed,chew,42
1173,closed,closed,chew,42
1174,closed,closed,chew,42
1175,closed,closed,chew,42
1176,closed,closed,chew,42
1177,closed,closed,chew,42
1178,closed,closed,chew,42
1179,closed,closed,chew,42
1180,closed,closed,chew,42
1181,open,closed,chew,43
1182,open,closed,chew,43
1183,open,closed,chew,43
1184,open,closed,chew,43
1185,open,closed,chew,43
1186,open,closed,chew,43
1187,open,closed,chew,43
1188,open,closed,chew,43
1189,open,closed,chew,43
1190,open,closed,chew,43
1191,open,closed,chew,43
1192,open,closed,chew,43
1193,closed,closed,chew,43
1194,closed,closed,chew,43
1195,closed,closed,chew,43
1196,closed,closed,chew,43
1197,closed,closed,chew,43
1198,closed,closed,chew,43
1199,closed,closed,chew,43
1200,closed,closed,chew,43
1201,closed,closed,chew,43
1202,closed,closed,chew,43
1203,closed,closed,chew,43
1204,open,closed,chew,44
1205,open,closed,chew,44
1206,open,closed,chew,44
1207,open,closed,chew,44
1208,open,closed,chew,44
1209,open,closed,chew,44
1210,closed,closed,chew,44
1211,closed,closed,chew,44
1212,closed,closed,chew,44
1213,closed,closed,chew,44
1214,closed,closed,chew,44
1215,closed,closed,chew,44
1216,closed,closed,chew,44
1217,closed,closed,other,44
1218,closed,closed,other,44
1219,closed,closed,other,44
1220,closed,closed,other,44
1221,closed,closed,other,44
1222,closed,closed,other,44
1223,closed,closed,other,44
1224,closed,closed,other,44
1225,closed,closed,other,44
1226,closed,closed,other,44
1227,closed,closed,other,44
1228,closed,closed,other,44
1229,closed,closed,other,44
1230,closed,closed,other,44
1231,closed,closed,other,44
1232,closed,closed,other,44
1233,closed,closed,other,44
1234,closed,closed,other,44
1235,closed,closed,other,44
1236,closed,closed,other,44
1237,closed,closed,other,44
1238,closed,closed,other,44
1239,closed,closed,other,44
1240,closed,closed,other,44
1241,closed,closed,other,44
1242,closed,closed,other,44
1243,closed,closed,other,44
1244,closed,closed,other,44
1245,closed,closed,other,44
1246,closed,closed,other,44
1247,closed,closed,other,44
1248,closed,closed,other,44
1249,open,closed,other,44
1250,open,closed,other,44
1251,open,closed,other,44
1252,open,closed,other,44
1253,open,closed,other,44
1254,open,closed,other,44
1255,open,closed,other,44
1256,open,closed,other,44
1257,open,closed,other,44
1258,open,closed,other,44
1259,open,closed,other,44
1260,open,closed,other,44
1261,open,closed,other,44
1262,open,closed,other,44
1263,open,closed,other,44
1264,open,closed,other,44
1265,closed,closed,other,44
1266,closed,closed,other,44
1267,closed,closed,other,44
1268,closed,closed,other,44
1269,closed,closed,other,44
1270,closed,closed,other,44
1271,closed,closed,other,44
1272,closed,closed,other,44
1273,closed,closed,other,44
1274,closed,closed,other,44
1275,closed,closed,other,44
1276,closed,closed,other,44
1277,closed,closed,other,44
1278,closed,closed,other,44
1279,closed,closed,other,44
1280,closed,closed,other,44
1281,closed,closed,other,44
1282,closed,closed,other,44
1283,closed,closed,other,44
1284,closed,closed,other,44
1285,closed,closed,other,44
1286,closed,closed,other,44
1287,closed,closed,other,44
1288,closed,closed,other,44
1289,closed,closed,other,44
1290,closed,closed,other,44
1291,closed,closed,other,44
1292,closed,closed,other,44
1293,closed,closed,other,44
1294,closed,closed,other,44
1295,closed,closed,other,44
1296,closed,closed,other,44
1297,open,open,other,44
1298,open,open,other,44
1299,open,open,other,44
1300,open,open,other,44
1301,open,open,other,44
1302,open,open,other,44
1303,open,open,other,44
1304,open,open,other,44
1305,open,open,other,44
1306,open,open,other,44
1307,open,closed,other,44
1308,open,closed,other,44
1309,closed,closed,other,44
1310,closed,closed,other,44
1311,closed,closed,other,44
1312,closed,closed,other,44
1313,closed,closed,other,44
1314,closed,closed,other,44
1315,closed,closed,other,44
1316,closed,closed,other,44
1317,closed,closed,other,44
1318,closed,closed,other,44
1319,closed,closed,other,44
1320,closed,closed,other,44
1321,closed,closed,other,44
1322,closed,closed,other,44
1323,closed,closed,other,44
1324,open,closed,other,44
1325,open,closed,other,44
1326,open,closed,other,44
1327,open,closed,other,44
1328,open,closed,other,44
1329,open,closed,other,44
1330,open,closed,other,44
1331,open,closed,other,44
1332,open,closed,other,44
1333,open,closed,other,44
1334,open,closed,other,44
1335,open,closed,other,44
1336,open,closed,other,44
1337,open,closed,other,44
1338,open,closed,other,44
1339,open,closed,other,44
1340,open,closed,other,44
1341,open,closed,other,44
1342,open,closed,other,44
1343,open,closed,other,44
1344,open,closed,other,44
1345,open,closed,other,44
1346,open,closed,other,44
1347,open,closed,other,44
1348,open,closed,other,44
1349,open,closed,other,44
1350,open,closed,other,44
1351,open,closed,other,44
1352,open,closed,other,44
1353,open,closed,other,44
1354,open,closed,other,44
1355,open,closed,other,44
1356,open,closed,other,44
1357,open,closed,other,44
1358,open,closed,other,44
1359,open,closed,other,44
1360,open,closed,other,44
1361,open,closed,other,44
1362,open,closed,other,44
1363,open,closed,other,44
1364,open,closed,other,44
1365,open,closed,other,44
1366,open,closed,other,44
1367,open,closed,other,44
1368,open,closed,other,44
1369,open,closed,other,44
1370,open,closed,other,44
1371,open,closed,other,44
1372,closed,closed,other,44
1373,closed,closed,other,44
1374,closed,closed,other,44
1375,closed,closed,other,44
1376,closed,closed,other,44
1377,closed,closed,other,44
1378,closed,closed,other,44
1379,closed,closed,other,44
1380,closed,closed,other,44
1381,closed,closed,other,44
1382,closed,closed,other,44
1383,closed,closed,other,44
1384,closed,closed,other,44
1385,closed,closed,other,44
1386,closed,closed,other,44
1387,open,closed,other,44
1388,open,closed,other,44
1389,open,closed,other,44
1390,open,closed,other,44
1391,open,closed,other,44
1392,open,closed,other,44
1393,open,closed,other,44
1394,open,closed,other,44
1395,open,closed,other,44
1396,open,closed,other,44
1397,open,closed,other,44
1398,closed,closed,other,44
1399,closed,closed,other,44
1400,closed,closed,other,44
1401,closed,closed,other,44
1402,closed,closed,other,44
1403,closed,closed,other,44
1404,closed,closed,other,44
1405,closed,closed,other,44
1406,closed,closed,other,44
1407,closed,closed,other,44
1408,open,closed,other,44
1409,open,closed,other,44
1410,open,closed,other,44
1411,open,closed,other,44
1412,open,closed,other,44
1413,open,closed,other,44
1414,open,open,other,44
1415,open,open,other,44
1416,open,open,other,44
1417,open,open,other,44
1418,open,open,other,44
1419,open,open,other,44
1420,open,open,other,44
1421,open,open,other,44
1422,open,open,other,44
1423,open,open,other,44
1424,open,open,other,44
1425,open,open,other,44
1426,open,open,other,44
1427,open,open,other,44
1428,open,open,other,44
1429,open,open,other,44
1430,open,open,other,44
1431,open,closed,other,44
1432,open,closed,other,44
1433,open,closed,other,44
1434,open,closed,other,44
1435,open,closed,other,44
1436,open,closed,other,44
1437,closed,closed,other,44
1438,closed,closed,other,44
1439,closed,closed,other,44
1440,closed,closed,other,44
1441,closed,closed,other,44
1442,closed,closed,other,44
1443,closed,closed,other,44
1444,closed,closed,other,44
1445,closed,closed,other,44
1446,closed,closed,other,44
1447,closed,closed,other,44
1448,closed,closed,other,44
1449,closed,closed,other,44
1450,closed,closed,other,44
1451,closed,closed,other,44
1452,closed,closed,other,44
1453,closed,closed,other,44
1454,closed,closed,other,44
1455,closed,closed,other,44
1456,closed,closed,other,44
1457,closed,closed,other,44
1458,closed,closed,other,44
1459,closed,closed,other,44
1460,closed,closed,other,44
1461,closed,closed,other,44
1462,closed,closed,other,44
1463,open,open,other,44
1464,open,open,other,44
1465,open,open,other,44
1466,open,open,other,44
1467,open,open,other,44
1468,open,open,other,44
1469,open,open,other,44
1470,open,open,other,44
1471,open,open,other,44
1472,open,open,other,44
1473,open,open,other,44
1474,open,closed,other,44
1475,open,closed,other,44
1476,closed,closed,other,44
1477,closed,closed,other,44
1478,closed,closed,other,44
1479,closed,closed,other,44
1480,closed,closed,other,44
1481,closed,closed,other,44
1482,closed,closed,other,44
1483,closed,closed,other,44
1484,closed,closed,other,44
1485,closed,closed,other,44
1486,closed,closed,other,44
1487,closed,closed,other,44
1488,closed,closed,other,44
1489,closed,closed,other,44
1490,closed,closed,other,44
1491,closed,closed,other,44
1492,closed,closed,other,44
1493,closed,closed,other,44
1494,closed,closed,other,44
1495,closed,closed,other,44
1496,closed,closed,other,44
1497,closed,closed,other,44
1498,closed,closed,other,44
1499,closed,closed,other,44
1500,closed,closed,other,44
1501,closed,closed,other,44
1502,closed,closed,other,44
1503,closed,closed,other,44
1504,closed,closed,other,44
1505,closed,closed,other,44
1506,closed,closed,other,44
1507,closed,closed,other,44
1508,closed,closed,other,44
1509,closed,closed,other,44
1510,closed,closed,other,44
1511,closed,closed,other,44
1512,closed,closed,other,44
1513,closed,closed,other,44
1514,closed,closed,other,44
1515,closed,closed,other,44
1516,closed,closed,other,44
1517,closed,closed,other,44
1518,closed,closed,other,44
1519,closed,closed,other,44
1520,closed,closed,other,44
1521,closed,closed,other,44
1522,closed,closed,other,44
1523,closed,closed,other,44
1524,closed,closed,other,44
1525,closed,closed,other,44
1526,closed,closed,other,44
1527,closed,closed,other,44
1528,closed,closed,other,44
1529,closed,closed,other,44
1530,closed,closed,other,44
1531,closed,closed,other,44
1532,closed,closed,other,44
1533,closed,closed,other,44
1534,closed,closed,other,44
