timestamp,dtNs,ax,ay,az,gx,gy,gz
59258.043530500,0,0.351637,0.114927776,-0.48700348,-0.0024968716,-0.0005199895,0.0047558732
59258.063530499,19999999,0.05099994,0.005406745,-0.034890473,-0.00012077554,0.0038956292,0.009051975
59258.083530500,0,0.0010909438,0.0008480549,0.00072306395,-0.0010405749,0.018087318,0.004854381
59258.103530500,0,-0.0005712509,-0.0012773946,-0.0012919903,-0.00060961465,0.011717374,0.00056900224
59258.123530499,19999999,-0.0022335649,-0.0034029037,-0.0033070445,-0.00017865439,0.0053474307,-0.0037163766
59258.143530500,0,0.004205346,0.0006796494,-0.0035085082,0.002812827,0.0015927397,-0.017656982
59258.163530499,19999999,0.004578352,-0.001661241,-0.0016469955,-0.005872607,0.006793786,-0.026929665
59258.183530500,0,0.0028674006,-0.0024977326,-0.0019778013,-0.00701602,0.0064186687,-0.023705585
59258.203530500,0,0.0023936033,-0.004115343,-0.00137043,-0.0069772457,0.0016232319,-0.017875846
59258.223530499,19999999,0.0019197464,-0.005733043,-0.0007631779,-0.0069384715,-0.0031722048,-0.012046109
59258.243530500,0,0.00023269653,-0.0021775588,-0.00033301115,3.0131458e-05,-0.004972225,0.0026789075
59258.263530500,0,0.0002630353,-0.0016579181,5.6028366e-06,0.0021190175,-0.0016444009,0.005115239
59258.283530499,19999999,0.00029319525,-0.0011383072,0.0003439784,0.0042079035,0.0016834238,0.0075515704
59258.303530499,39999999,-0.00058174133,0.0010783598,-0.0012443662,0.010576839,0.002182253,0.007955899
59258.323530500,0,-0.0012870431,0.0027467683,-0.0021519065,0.014448549,0.004301101,0.003022377
59258.343530500,0,-0.0016479492,0.003532946,-0.002741158,0.017189411,0.0020328283,-0.00051503093
59258.363530499,19999999,-0.0020088553,0.004319042,-0.0033304691,0.019930273,-0.00023544463,-0.0040524392
59258.383530500,0,-0.00092184544,0.0036727935,-0.001067102,0.028904602,-0.0029604665,-0.014925358
59258.403530500,0,-0.0001835823,0.0027598515,-2.2292137e-05,0.03609412,-0.0021140887,-0.018252898
59258.423530499,19999999,0.0005546808,0.0018468201,0.0010223985,0.04328364,-0.0012677109,-0.021580439
59258.443530500,0,-0.00012689829,0.000768058,0.0007609725,0.056711815,0.007138049,-0.024452142
59258.463530499,19999999,-0.0042384863,-0.0050014406,0.0016008615,0.0862266,0.00850709,-0.013851866
59258.483530500,0,-8.165836e-06,-0.004096277,0.004943013,0.10542499,0.017651292,-0.018032368
59258.503530500,0,-0.0010118484,-0.00758823,0.0059919953,0.12808764,0.025238331,-0.012398822
59258.523530499,19999999,-0.0020157099,-0.011080191,0.007039249,0.15075028,0.032825373,-0.006765275
59258.543530500,0,0.0010116696,-0.012776539,0.008230209,0.20166449,0.07325998,0.028834624
59258.563530500,0,0.0027947426,-0.017295763,0.010978937,0.23436293,0.11855315,0.0849294
59258.583530499,19999999,0.0045802593,-0.02180919,0.013715506,0.26706135,0.16384631,0.14102417
59258.603530499,39999999,0.008697808,-0.011918753,0.0087916255,0.3087123,0.22926265,0.22554177
59258.623530500,0,0.00626719,-0.0031726435,0.00072366,0.30796754,0.23173395,0.24334745
59258.643530500,0,0.0050562024,0.003718838,-0.0047697425,0.301629,0.22287697,0.24012974
59258.663530499,19999999,0.0038487315,0.0106206685,-0.010277033,0.29529047,0.21401998,0.23691201
59258.683530500,0,0.00025480986,0.01695937,-0.017077327,0.26311663,0.16659597,0.2003186
59258.703530500,0,0.002841711,0.019145034,-0.018853009,0.23149578,0.11712032,0.15139219
59258.723530500,0,0.00228405,0.015624434,-0.017228365,0.21977915,0.09932908,0.13127273
59258.743530500,0,-0.0029724836,0.005995363,-0.0146023035,0.20534045,0.05309318,0.10191429
59258.763530500,0,-0.0006926656,0.0038029924,-0.011349797,0.20333524,0.037631672,0.0872309
59258.783530500,0,0.0018736124,0.0024230033,-0.009334624,0.19973457,0.027318684,0.07117611
59258.803530499,19999999,0.0044412017,0.0010434911,-0.007322252,0.1961339,0.017005697,0.05512133
59258.823530500,0,0.0031126142,1.5884638e-05,-0.0022898912,0.20004156,0.003102663,0.0294771
59258.843530499,19999999,0.0015435219,-0.0008510202,-0.0016771555,0.201203,-0.0026697004,0.024978837
59258.863530500,0,-0.0005632639,0.0045174807,-0.0033738017,0.19138755,-0.01855454,0.001963445
59258.883530499,19999999,0.0001410842,0.0052587986,-0.0020540357,0.18694861,-0.023575906,-0.008325089
59258.903530499,39999999,0.0008453131,0.005998984,-0.0007389784,0.18250968,-0.028597271,-0.018613622
59258.923530500,0,-0.0018985271,0.006181121,-0.0012296438,0.18036734,-0.03177437,-0.036376875
59258.943530500,0,-0.0021024346,0.0072731376,0.0019126534,0.18047403,-0.027106993,-0.0747966
59258.963530499,19999999,-0.0023182034,0.0066883266,-0.00050359964,0.18763411,-0.025729308,-0.09084152
59258.983530500,0,-0.002558887,0.0072093457,-0.00090140104,0.19557424,-0.027353043,-0.1036802
59259.003530499,19999999,-0.0028021336,0.007729575,-0.00130409,0.20351438,-0.028976776,-0.11651888
59259.023530500,0,-0.0054627657,0.011456564,-0.0044184923,0.2027355,-0.026925342,-0.14839582
59259.043530500,0,-0.0050749183,0.011534065,-0.0025936365,0.20194966,-0.02388825,-0.17156535
59259.063530499,19999999,-0.0035365224,0.013018101,-0.0029028654,0.19563788,-0.012387367,-0.18609136
59259.083530500,0,-0.006107092,0.012357831,-0.0054523945,0.19163723,-0.010220086,-0.19229522
59259.103530500,0,-0.0077164173,0.011507571,-0.005917728,0.18580148,-0.01139357,-0.20107819
59259.123530499,19999999,-0.003931761,0.008630469,-0.0023812652,0.19330105,-0.0037090336,-0.21155302
59259.143530500,0,-0.0034276247,0.0053140074,-0.0012640357,0.20146094,0.0006529996,-0.21368903
59259.162598833,0,-0.000165409,0.00650504,-0.0065945247,0.20482709,0.010390385,-0.22222468
59259.182598832,19999999,0.00067716837,0.0038594753,-0.005059719,0.19289477,0.011362562,-0.22605997
59259.202598832,39999999,0.0015009642,0.0012084991,-0.003539145,0.18096246,0.01233474,-0.22989528
59259.222598832,59999999,0.0023059845,-0.0014480501,-0.0020326972,0.16903014,0.013306917,-0.23373057
59259.242598833,0,0.0022794008,-0.0047989786,-8.356571e-05,0.16359693,0.00934029,-0.22686191
59259.262598832,19999999,0.0022466779,-0.008151785,0.0018612146,0.15816371,0.0053736633,-0.21999323
59259.282598833,0,0.006559849,-0.01565729,0.007820129,0.13756205,0.0010171656,-0.1946399
59259.302598833,0,0.008423865,-0.020272389,0.009727061,0.105539106,0.011019401,-0.170425
59259.322598832,19999999,0.008899868,-0.023151085,0.0068754554,0.08728557,0.0069404365,-0.15767781
59259.342598833,0,0.010320604,-0.026802033,0.01147753,0.06744756,0.014444154,-0.1511901
59259.362598833,0,0.007971585,-0.038309813,0.011940062,0.028961983,0.0153277805,-0.12704115
59259.382598832,19999999,0.0115558505,-0.03858167,0.011873484,0.0077391975,0.017051116,-0.12480887
59259.402598833,0,0.014738679,-0.040942743,0.015358567,-0.0047089215,0.020092316,-0.12850201
59259.422598833,0,0.01839912,-0.046340466,0.018953443,-0.03139701,0.0364708,-0.14480977
59259.442598832,19999999,0.015311837,-0.047850683,0.018114984,-0.039612904,0.035646882,-0.137955
59259.462598833,0,0.015237212,-0.046490267,0.016413033,-0.054269135,0.034018364,-0.13861407
59259.482598832,19999999,0.015161753,-0.04513088,0.014710963,-0.068925366,0.03238985,-0.13927314
59259.502598833,0,0.016696692,-0.043597832,0.016375244,-0.09416187,0.036848016,-0.13975257
59259.522598833,0,0.01954639,-0.045082167,0.017315328,-0.16208887,0.054404687,-0.15269709
59259.542598832,19999999,0.01836598,-0.047923416,0.017168045,-0.17550945,0.057757333,-0.15080382
59259.562598833,0,0.018033385,-0.046197385,0.016650617,-0.19223991,0.06631069,-0.15618172
59259.582598833,0,0.014327288,-0.052438736,0.013143659,-0.22289024,0.067636296,-0.16017632
59259.602598832,19999999,0.014234066,-0.053790927,0.013648391,-0.22996028,0.06704556,-0.16582792
59259.622598833,0,0.013823748,-0.060299516,0.011964083,-0.24201064,0.0636475,-0.17586106
59259.642598832,19999999,0.014749348,-0.06330024,0.0115174055,-0.24387139,0.057351284,-0.17526112
59259.662598833,0,0.031196743,-0.059313983,0.017931521,-0.24457067,0.08138686,-0.21727017
59259.682598832,19999999,0.032628626,-0.06432223,0.016523182,-0.2333832,0.100102425,-0.23238288
59259.702598833,0,0.034958273,-0.07069133,0.017710388,-0.21516731,0.11798486,-0.23506208
59259.722598833,0,0.033013612,-0.087675706,0.010525823,-0.16343018,0.15787642,-0.18306887
59259.742598832,19999999,0.043978333,-0.07795924,0.01321131,-0.15436208,0.19423863,-0.17753771
59259.762598833,0,0.03951183,-0.070451334,-0.00015056133,-0.19159321,0.18685868,-0.15735921
59259.782598832,19999999,0.03503695,-0.06296308,-0.013529837,-0.22882433,0.17947873,-0.1371807
59259.802598832,39999999,0.030553848,-0.055494517,-0.026926637,-0.26605546,0.17209879,-0.1170022
59259.822598833,0,0.031241864,-0.048830017,-0.031435728,-0.3598273,0.08587714,-0.1381361
59259.842598832,19999999,0.03647834,-0.050004795,-0.027513802,-0.39614436,0.031049944,-0.17277566
59259.862598833,0,0.034036517,-0.055983424,-0.021725655,-0.4233745,-0.031591564,-0.21369937
59259.882598833,0,0.023012787,-0.06573729,-0.010223091,-0.49743608,-0.20837088,-0.28632054
59259.902598832,19999999,0.020690173,-0.06830908,-0.006295562,-0.5281878,-0.2696867,-0.29317325
59259.922598833,0,0.030022025,-0.075262025,0.017443359,-0.595604,-0.34085742,-0.29195398
59259.942598832,19999999,0.025484324,-0.08503075,0.024682343,-0.61989033,-0.3606422,-0.26113585
59259.962598833,0,0.023436964,-0.09082015,0.03173262,-0.63836026,-0.3554911,-0.21572284
59259.982598833,0,0.02837348,-0.07694827,0.032978594,-0.65474457,-0.3190114,-0.17855518
59260.002598832,19999999,0.03333518,-0.06305416,0.034083128,-0.6711289,-0.28253168,-0.1413875
59260.022598832,39999999,0.038321108,-0.04913594,0.0350464,-0.68751323,-0.24605198,-0.10421985
59260.042598833,0,0.027915329,-0.042090386,0.026219428,-0.69813865,-0.23541963,-0.094783306
59260.062598833,0,0.0006465316,-0.03277561,0.008788943,-0.7161839,-0.23597398,-0.034213636
59260.082598832,19999999,0.004578948,-0.019546673,0.016708791,-0.71943146,-0.22304773,0.013259977
59260.102598832,39999999,0.008508503,-0.0063130558,0.024507165,-0.72267896,-0.21012147,0.060733594
59260.122598833,0,0.01964879,0.016161956,0.030674398,-0.72589004,-0.12623912,0.04982257
59260.142598832,19999999,0.011753142,0.024212055,0.028672278,-0.72769845,-0.10061075,0.04042329
59260.162598833,0,0.0048602223,0.032582715,0.024526238,-0.73733103,-0.10176871,0.03903203
59260.182598833,0,0.0010341406,0.052895837,0.018532634,-0.770913,-0.10113141,0.013804697
59260.202598832,19999999,-0.007251978,0.05342576,0.018422008,-0.77966875,-0.119112134,0.014237633
59260.222598833,0,-0.011794686,0.05914547,0.02035433,-0.79201996,-0.15778407,0.025221098
59260.242598832,19999999,-0.013101876,0.05963461,0.02139604,-0.790289,-0.17016415,0.034458213
59260.262598833,0,-0.01613015,0.06437315,0.017078161,-0.79001653,-0.1808177,0.03969635
59260.282598833,0,-0.030024648,0.06636781,0.015050113,-0.76654655,-0.22662999,0.08878207
59260.302598833,0,-0.028267384,0.07094482,0.01993519,-0.7446047,-0.22393283,0.0977707
59260.322598832,19999999,-0.026527345,0.075534865,0.024726331,-0.72266287,-0.22123566,0.106759325
59260.342598833,0,-0.029319286,0.090945125,0.029795349,-0.66772914,-0.17823718,0.10341032
59260.362598832,19999999,-0.033317447,0.09519701,0.026447356,-0.64494854,-0.1554177,0.09339059
59260.382598832,39999999,-0.037336767,0.09946544,0.022992134,-0.622168,-0.13259822,0.083370864
59260.422598833,0,-0.043790996,0.10401436,0.015022278,-0.5521822,-0.08944983,0.042451542
59260.442598832,19999999,-0.04373032,0.10068274,0.012879074,-0.5229406,-0.085426085,0.028552476
59260.462598833,0,-0.039692402,0.09083166,0.014394164,-0.44436473,-0.08274633,0.008466393
59260.482598832,19999999,-0.03844875,0.09019788,0.01456815,-0.423148,-0.077757545,0.0015991181
59260.502598833,0,-0.039500594,0.084152244,0.010491669,-0.3592431,-0.071769394,0.0012753212
59260.522598832,19999999,-0.039604902,0.08139406,0.0110167265,-0.3389622,-0.067342274,0.004669898
59260.542598833,0,-0.03496623,0.07918935,0.01680243,-0.27262178,-0.038906228,-0.0050395685
59260.562598833,0,-0.033442497,0.07311854,0.016590357,-0.24117,-0.028252294,-0.009872881
59260.582598832,19999999,-0.03191942,0.06705041,0.016368032,-0.20971823,-0.01759836,-0.014706193
59260.602598833,0,-0.029034138,0.064968005,0.0137676,-0.15387811,0.0004672191,-0.033793524
59260.622598832,19999999,-0.030722976,0.065285,0.008139491,-0.13809521,0.001379298,-0.042133406
59260.642598833,0,-0.03205198,0.052592218,0.00052666664,-0.10789939,-0.007822302,-0.060881436
59260.662598833,0,-0.030273557,0.047881186,0.0037158728,-0.0835801,-0.007238934,-0.06080835
59260.682598832,19999999,-0.028494835,0.043171316,0.00690341,-0.059260808,-0.0066555655,-0.060735267
59260.702598832,39999999,-0.026715875,0.03846273,0.010089338,-0.034941517,-0.0060721976,-0.06066218
59260.722598833,0,-0.023638368,0.04278539,0.011921525,-0.012645814,0.025872033,-0.051357597
59260.742598833,0,-0.026814103,0.038095966,0.010570526,-0.0038688052,0.035277873,-0.048267707
59260.762598832,19999999,-0.029989779,0.033406302,0.009219468,0.004908202,0.04468371,-0.04517782
59260.782598833,0,-0.01741296,0.034995094,0.017645836,0.041901696,0.07582727,-0.043912593
59260.802598833,0,-0.011030972,0.038334325,0.016529202,0.047457065,0.09779957,-0.052338976
59260.822598832,19999999,-0.0046500564,0.041673377,0.015411556,0.053012438,0.11977186,-0.060765356
59260.842598833,0,-0.0064433813,0.037499323,0.00726074,0.07259178,0.15738128,-0.049581543
59260.862598832,19999999,-0.010760963,0.02630581,0.002998352,0.12058943,0.1776165,-0.03649924
59260.882598833,0,-0.011904001,0.023376137,-0.0002296567,0.15173227,0.17679822,-0.030327164
59260.902598833,0,-0.01305306,0.024112731,-0.002506137,0.16926295,0.17701717,-0.03383288
59260.922598832,19999999,-0.014205813,0.024851918,-0.004790008,0.18679361,0.1772361,-0.037338603
59260.942598833,0,-0.011291504,0.028866619,-0.0032422543,0.19651644,0.18419643,-0.06494062
59260.962598833,0,-0.008448899,0.033228144,-0.0027867556,0.18444131,0.1899215,-0.090525426
59260.982598832,19999999,-0.0056152344,0.03759133,-0.002343893,0.17236619,0.19564657,-0.116110235
59261.002598832,39999999,-0.0027903914,0.041956156,-0.0019136667,0.16029106,0.20137163,-0.14169505
59261.022598833,0,-0.003990948,0.02859214,0.001986146,0.15397339,0.20763315,-0.18314709
59261.042598833,0,-0.006631434,0.029151239,-0.0018334985,0.14258613,0.20303102,-0.17460342
59261.062598833,0,-0.008607447,0.028881364,-0.0023252368,0.13689384,0.20567389,-0.15925375
59261.082598832,19999999,-0.01066196,0.02963999,-0.0044344664,0.13747063,0.2035036,-0.14901653
59261.102598833,0,-0.013163805,0.030692443,-0.0063311458,0.13860087,0.19603798,-0.13798012
59261.122598833,0,-0.015056491,0.029119,-0.0052312016,0.14520903,0.19068354,-0.123498596
59261.142598832,19999999,-0.0202955,0.03476481,-0.0077301264,0.14696674,0.17864187,-0.106112525
59261.162598833,0,-0.024380326,0.03381607,-0.008290291,0.15684748,0.1602605,-0.07889338
59261.182598833,0,-0.023254812,0.033479713,-0.0030805469,0.17475149,0.15566878,-0.04666325
59261.202598832,19999999,-0.024269879,0.033288777,0.0013514757,0.20053543,0.16173008,-0.0049311593
59261.222598833,0,-0.024330199,0.03464605,0.0042691827,0.23248512,0.17487511,0.026516326
59261.242598833,0,-0.025996089,0.035800867,0.0038998723,0.27247941,0.19157346,0.049393747
59261.262598832,19999999,-0.027665079,0.036971785,0.003499627,0.31247374,0.2082718,0.07227117
59261.282598832,39999999,-0.027757704,0.03761605,0.0032496452,0.34037292,0.2188864,0.08600611
59261.302598833,0,-0.019039094,0.03648974,0.007560611,0.357455,0.23495024,0.068860486
59261.322598832,19999999,-0.010322511,0.03538745,0.011822879,0.37453705,0.25101408,0.05171486
59261.342598833,0,-0.0031954944,0.032161776,0.007353306,0.3697019,0.266979,0.028128996
59261.362598833,0,0.0008055866,0.025915753,-0.0004159212,0.35163796,0.2639891,0.013372598
59261.382598832,19999999,-0.00024306774,0.01585522,-0.006521702,0.33079183,0.24260181,0.02417297
59261.402598833,0,0.0050008,0.0057025887,-0.0075825453,0.3281436,0.21976723,0.036993347
59261.422598832,19999999,0.017571002,0.005495496,-0.012449145,0.32544747,0.20983277,0.028759297
59261.442598833,0,0.017163634,-0.0022844784,-0.019772232,0.3322164,0.18647806,0.032666996
59261.462598833,0,0.02426815,-0.002701519,-0.018291175,0.34410197,0.17272384,0.03200814
59261.482598832,19999999,0.030311704,-0.009188961,-0.021579504,0.35414904,0.15655701,0.027840346
59261.502598833,0,0.0335733,-0.022924863,-0.022807121,0.37536287,0.1368313,0.046986148
59261.522598832,19999999,0.036114186,-0.030642942,-0.024677634,0.39650196,0.12014805,0.07492142
59261.542598833,0,0.03975755,-0.027846722,-0.024003327,0.4190138,0.112413116,0.09161806
59261.562598832,19999999,0.043414533,-0.025036141,-0.023388505,0.4415256,0.104678184,0.1083147
59261.582598832,39999999,0.047085196,-0.022211691,-0.022833347,0.46403742,0.09694326,0.12501134
59261.602598833,0,0.045447707,-0.027042901,-0.02655536,0.47678673,0.07955696,0.13158964
59261.622598833,0,0.04165724,-0.03704498,-0.026429415,0.48073167,0.045335673,0.16610563
59261.642598833,0,0.042078704,-0.038362604,-0.022925615,0.45707884,0.009753909,0.20019378
59261.662598832,19999999,0.04252538,-0.03967758,-0.019481063,0.43342602,-0.025827855,0.23428193
59261.682598832,39999999,0.040063083,-0.038015053,-0.017113626,0.39822915,-0.06048493,0.27167052
59261.702598833,0,0.041674107,-0.031219836,-0.010831177,0.36476344,-0.07707614,0.28551215
59261.722598833,0,0.0379889,-0.030951548,-0.007529855,0.35069248,-0.09053175,0.2926969
59261.742598832,19999999,0.034324497,-0.030697126,-0.0042574406,0.33662152,-0.103987366,0.29988167
59261.762598833,0,0.03164795,-0.03163498,-0.0014953017,0.3337272,-0.111728385,0.30401123
59261.782598833,0,0.028846532,-0.029036388,0.001952827,0.33238342,-0.11325238,0.3043371
59261.802598833,0,0.028607577,-0.02600415,0.00671798,0.33196306,-0.09635808,0.2869106
59261.822598833,0,0.021490932,-0.026415244,0.0073297024,0.34013575,-0.08438021,0.26624912
59261.842598833,0,0.017302632,-0.029050678,0.008278906,0.3385608,-0.07561181,0.25919858
59261.862598832,19999999,0.013133079,-0.031698674,0.009198487,0.3369858,-0.066843405,0.25214803
59261.882598832,39999999,0.008981913,-0.03435964,0.010088384,0.33541083,-0.058075007,0.24509747
59261.902598833,0,0.009823829,-0.039690264,0.013281643,0.3317552,-0.047224723,0.25827524
59261.922598832,19999999,0.009866625,-0.04231091,0.01527828,0.3269545,-0.031736616,0.273087
59261.942598833,0,0.01006037,-0.04085715,0.016713798,0.32929373,-0.01562451,0.2862309
59261.962598833,0,0.009193033,-0.03916981,0.01872009,0.34202874,0.0045511276,0.2841014
59261.982598833,0,0.005046457,-0.036796078,0.0135807395,0.3649912,0.012213968,0.27629423
59262.002598833,0,0.0023835897,-0.033991955,0.011834621,0.3871657,0.017477006,0.2570804
59262.022598832,19999999,-0.0009788871,-0.034147143,0.007663846,0.40282252,0.016743692,0.23293778
59262.042598833,0,-0.005086273,-0.040183365,0.007918358,0.4239872,0.0048084036,0.23100011
59262.082598833,0,-0.0014785528,-0.043463096,0.013360858,0.46027455,0.0084870225,0.23468485
59262.102598832,19999999,-0.004624307,-0.04947287,0.013264239,0.49477962,0.009399684,0.26160747
59262.122598833,0,0.0018154383,-0.047977716,0.014654636,0.52773464,0.032233436,0.27925968
59262.142598833,0,0.0054261982,-0.049162358,0.014746249,0.5619485,0.06432963,0.29312336
59262.162598832,19999999,-0.0032348037,-0.04867722,0.0124127865,0.59881854,0.064597875,0.31928852
59262.182598833,0,-0.0066687465,-0.041131616,0.008470893,0.63128686,0.05567793,0.35355312
59262.202598833,0,-0.0044634044,-0.03219007,0.010587394,0.65296406,0.05843901,0.37848583
59262.222598832,19999999,-0.0032678843,-0.021407574,0.013253272,0.6765126,0.06760623,0.37628162
59262.242598833,0,-0.0027118027,-0.011553884,0.011287212,0.6707667,0.07491138,0.34852454
59262.262598832,19999999,-0.0020938516,-0.0017271191,0.009204924,0.6650208,0.08221652,0.32076746
59262.282598832,39999999,-0.0012280047,0.008113757,0.00883013,0.62555486,0.09893673,0.28659305
59262.302598833,0,-0.0031033754,0.013512015,0.008333623,0.56534046,0.09662656,0.24748884
59262.322598832,19999999,-0.0035060346,0.009249523,0.012469292,0.5078999,0.09984759,0.21717499
59262.342598833,0,-0.008049607,0.009912521,0.009881556,0.43826452,0.084482275,0.19495542
59262.362598833,0,-0.0068389177,0.0041564554,0.009948194,0.37343654,0.06792797,0.17078465
59262.382598833,0,-0.0048628747,0.007838324,0.009782791,0.29808128,0.065112375,0.15045358
59262.402598832,19999999,-0.0028756857,0.011515886,0.00959909,0.22272599,0.062296778,0.13012251
59262.422598833,0,-0.0062706172,0.008669287,0.010293126,0.18437164,0.062247105,0.11257265
59262.442598832,19999999,-0.009661019,0.0058223903,0.0109811425,0.14601728,0.062197432,0.09502278
59262.462598832,39999999,-0.008543611,0.0040762275,0.007940531,0.13165335,0.05576083,0.08314092
59262.482598833,0,-0.0062589645,0.0063756555,0.0040383935,0.1074315,0.05117483,0.059833728
59262.502598832,19999999,-0.004841268,0.0052076727,0.0015674233,0.07324937,0.0478044,0.03959553
59262.522598833,0,-0.0031319857,-0.002631396,0.0055904984,0.04996567,0.04622148,0.03232365
59262.542598833,0,4.646182e-05,-0.00899148,0.009625137,0.05641612,0.06716694,0.03535401
59262.562598832,19999999,0.00322479,-0.015350625,0.013658285,0.06286657,0.08811241,0.03838437
59262.582598832,39999999,-0.0010859668,-0.016434193,0.007513523,0.07344052,0.09398438,0.05928075
59262.602598833,0,-0.0003183782,-0.013550475,0.003946364,0.08044865,0.093994655,0.08327057
59262.622598832,19999999,0.00086405873,-0.0057003647,-0.0026236176,0.087844856,0.09488656,0.0936953
59262.642598833,0,0.0010181069,0.005633548,-0.010147512,0.092889324,0.09118597,0.079274066
59262.662598833,0,-0.0033065677,0.009956524,-0.01357168,0.09658838,0.06157617,0.072443105
59262.682598832,19999999,-0.0016726553,0.011050835,-0.011698484,0.09901113,0.03558156,0.04968244
59262.702598833,0,-0.0027867854,0.008059338,-0.013750732,0.08833019,-0.0064250343,0.02947801
59262.722598833,0,0.0019535124,-3.695488e-06,-0.0065167546,0.074839935,-0.018122384,0.0055849794
59262.742598832,19999999,0.004158318,-0.0013655722,-0.002303362,0.056308344,-0.007211454,-0.018881392
59262.762598833,0,-0.001246661,-0.010821432,-0.0013440251,0.05700375,-0.015360264,-0.0034053363
59262.782598833,0,-0.0005826056,-0.012462795,0.0025764108,0.07088865,-0.016783856,0.019265167
59262.802598832,19999999,-0.002047062,-0.010289252,0.004245162,0.087317064,-0.018575862,0.027537853
59262.822598833,0,0.0008533299,-0.010591179,0.009251714,0.1071747,-0.017898899,0.03570436
59262.842598833,0,-0.00014773011,-0.007672012,0.008975327,0.09694009,-0.010844112,0.024847034
59262.862598832,19999999,-0.0011484325,-0.0047538877,0.008695841,0.08670548,-0.0037893266,0.013989709
59262.882598832,39999999,-0.0021487474,-0.0018368661,0.008413315,0.07647088,0.00326546,0.0031323833
59262.902598832,59999999,-0.0031486452,0.0010791719,0.008127749,0.06623627,0.010320245,-0.007724941
59262.922598833,0,-0.004677385,0.0013313591,0.011823297,0.062141024,0.029389367,-0.030464087
59262.942561667,0,-0.01021693,-0.009242171,0.00762574,0.06687719,0.026721945,-0.032586087
59262.962561666,19999999,-0.0035473406,-0.009586334,0.009087622,0.08085552,0.03359027,-0.03577995
59262.982561667,0,-0.0027127862,-0.012426794,0.008562088,0.09386938,0.041230507,-0.030726938
59263.002561666,19999999,-0.0026923418,-0.010268956,0.006763518,0.10556968,0.04751185,-0.029859815
59263.022561667,0,-0.0018286109,-0.010031372,0.0061422586,0.123276226,0.05533048,-0.025079658
59263.042561667,0,-0.002181679,-0.007937968,0.0051420927,0.13830589,0.05904306,-0.017246671
59263.062561667,0,-9.4652176e-05,-0.0065336227,0.0060833693,0.15329152,0.07012786,-0.0071336105
59263.082561666,19999999,-0.0009891689,-0.0034781992,0.0031111836,0.16227789,0.07609889,-0.0039241295
59263.102561667,0,-0.0011769533,-0.0011563897,0.0015869737,0.16627002,0.07661514,-0.0029113577
59263.122561667,0,0.00047150254,-0.003619045,0.0040338635,0.17602676,0.07947515,-0.0022980773
59263.142561667,0,0.00010642409,-0.0014371276,0.0011998415,0.17775673,0.07191512,-0.0014704837
59263.162561666,19999999,-0.00025770068,0.0007432997,-0.0016469955,0.17948669,0.06435508,-0.0006428902
59263.182561667,0,-0.0007930398,0.00089916587,-0.0036444068,0.17290711,0.048316292,-0.00364376
59263.202561666,19999999,-0.0007661283,0.0006812215,-0.0035148263,0.16500399,0.03448969,-0.0128991045
59263.222561667,0,-0.0018266141,-0.0024842024,-0.0027651787,0.16545874,0.02007008,-0.014564555
59263.242561667,0,-0.0008533597,-0.0011595786,-0.0012882352,0.16394381,0.006496961,-0.01921717
59263.262561666,19999999,-0.00022363663,-0.0008701384,-0.00023126602,0.15746556,-0.0010214536,-0.018212594
59263.282561667,0,0.0028102398,-0.0021713972,0.0036696792,0.14898413,0.0030354047,-0.021791432
59263.302561667,0,0.0033292174,-0.0007123649,0.0009896159,0.12844422,0.005669918,-0.026979597
59263.322561667,0,0.0058386326,0.00032407045,0.00051891804,0.10444799,0.013108062,-0.042615734
59263.342561667,0,0.0028602183,-0.0017620325,-0.002358973,0.082975715,0.008310057,-0.053889368
59263.362561666,19999999,-0.0006379485,-0.0050192177,-0.003999412,0.064916894,-0.0006129835,-0.05363669
59263.382561667,0,0.0008261204,-0.0070848167,-0.001352787,0.055886984,-0.007355195,-0.043293387
59263.402561667,0,-0.00019863248,-0.008184165,-0.00027030706,0.050088517,-0.012601446,-0.025905956
59263.422561666,19999999,0.00316903,-0.011838406,0.006363094,0.055392213,-0.012340982,-0.0070299283
59263.442561667,0,0.003359884,-0.012633294,0.0063875914,0.058686513,-0.010128296,0.0085745575
59263.462561666,19999999,0.0035508275,-0.013428777,0.006410837,0.061980814,-0.007915609,0.024179045
59263.482561667,0,0.0041536987,-0.0062668324,0.0036159158,0.044968616,-0.008193287,0.023040947
59263.502561666,19999999,0.0004105866,-0.0068971813,0.0023990273,0.034147512,-0.015153199,0.024173705
59263.522561667,0,-0.002039224,-0.0045645833,0.0022528172,0.020023365,-0.029560383,0.023515176
59263.542561666,19999999,0.0005848408,-0.0047933757,0.0040652156,0.0118221715,-0.0356915,0.011625091
59263.562561667,0,0.0023299754,-0.008838385,0.00415951,0.014511811,-0.03626803,0.0053942464
59263.582561667,0,0.00277704,-0.012357175,0.005937159,0.01971357,-0.028499871,8.0631115e-05
59263.602561666,19999999,-0.00031390786,-0.012032539,0.0051026344,0.020432247,-0.02903182,0.009482681
59263.622561667,0,0.002367705,-0.013085306,0.008230031,0.024661947,-0.018704943,0.014791865
59263.642561667,0,0.0010904968,-0.00926891,0.007281661,0.027036507,-0.0073771644,0.019855248
59263.662561666,19999999,0.0021496713,-0.0071252286,0.00660944,0.031931903,0.010576665,0.020736312
59263.682561667,0,0.0012034178,-0.0032794774,0.0039383173,0.029703908,0.014136175,0.009682266
59263.702561666,19999999,0.00047025084,-0.005215317,0.004698336,0.02859417,0.012990495,0.006057063
59263.722561667,0,0.0022830367,-0.003161788,0.0049586296,0.020900663,0.022997072,0.004317618
59263.742561667,0,0.0019545257,-0.0045279562,0.0057655573,0.012732347,0.02135257,0.0050267386
59263.762561666,19999999,0.0016260147,-0.0058939755,0.0065723658,0.004564031,0.019708067,0.0057358597
59263.782561666,39999999,-0.0003759563,-0.0053273737,0.0054563284,0.004571127,0.012307772,0.005012127
59263.802561667,0,0.00030505657,-0.0054785013,0.005637765,0.009962059,0.014634969,-0.0047838115
59263.822561667,0,-0.004806459,-0.0060122907,0.0027579665,0.015768955,0.0035752505,0.0040067746
59263.842561666,19999999,-0.002286166,-0.006037116,0.0064225793,0.022794988,-0.0010145148,0.0050907903
59263.862561667,0,0.00064623356,-0.008511156,0.010680735,0.0339173,0.009723384,0.004463849
59263.882561667,0,-0.00033900142,-0.009745359,0.010549188,0.038750958,0.022113144,0.008022086
59263.902561666,19999999,0.0013321042,-0.0068471134,0.006570101,0.03958354,0.032870695,-0.00019875634
59263.922561667,0,-0.0008722842,-0.0062246323,0.0024674535,0.041531272,0.036677677,-0.0096627595
59263.942561666,19999999,-0.0039879084,-0.0044783354,-0.0018743873,0.033726383,0.026245713,-0.01833843
59263.962561667,0,-0.006234765,-0.0078050196,-0.002291143,0.038611617,0.00036317483,-0.02611878
59263.982561666,19999999,-0.0022684336,-0.008371502,0.00028795004,0.057829864,-0.006342159,-0.03626414
59264.002561667,0,-0.0025117397,-0.009160817,0.0015485883,0.084991045,-0.025134942,-0.039671432
59264.022561666,0,0.0018361807,-0.0051665604,-0.0004917383,0.0868708,-0.018072737,-0.03209743
59264.042561665,19999999,0.0061825216,-0.0011742115,-0.0025365353,0.08875054,-0.011010535,-0.02452343
59264.062561665,39999999,0.010527134,0.0028160512,-0.004585564,0.09063029,-0.0039483323,-0.01694943
59264.082561665,59999999,0.008352518,0.00206846,-0.00014775991,0.08784137,0.008670678,-0.0069827503
59264.102561666,0,0.005821109,-0.003015548,0.0015029311,0.09290233,0.026510397,-0.0049987375
59264.122561666,0,-0.0006388128,-0.0005316436,-0.0022643209,0.093483284,0.02205332,-0.000842012
59264.142561665,19999999,0.0010428429,-0.0026151538,0.0018782616,0.10362538,0.014322905,-0.017019976
59264.162561666,0,-0.0014389753,-0.001500696,0.00095409155,0.108811595,0.0016837344,-0.032517366
59264.182561666,0,-0.004744321,-0.00049072504,-0.00040394068,0.10278671,-0.02351852,-0.043937765
59264.202561665,19999999,-0.005716771,-0.004430115,-0.00021713972,0.1048217,-0.045261003,-0.04134427
59264.222561666,0,-0.005736679,0.0025606453,0.0017076731,0.07206181,-0.024101794,-0.050701343
59264.242561665,19999999,0.0010506213,-0.01033777,0.012354851,0.077926844,-0.003575623,-0.0346881
59264.262561666,0,4.2289495e-05,-0.013770789,0.010729432,0.068938665,0.010354721,-0.013927724
59264.282561666,0,0.00012549758,-0.008866489,0.007938862,0.05902999,0.01754475,-0.0014152164
59264.302561665,19999999,0.0008176863,0.00036799908,0.0051202774,0.037414726,0.014752524,0.0010055783
59264.322561666,0,-0.00014558434,-0.0030021667,0.00566262,0.03440504,0.016176946,-0.003708907
59264.342561666,0,0.0003091991,0.002168715,0.0015711188,0.03845797,0.015331187,-0.020306109
59264.362561666,0,-0.0022017658,-0.0005951524,0.0013868809,0.04931612,0.010226503,-0.020997921
59264.382561665,19999999,-0.002380848,-0.0032739341,0.0013269186,0.064717785,0.010622839,-0.023157261
59264.402561666,0,-0.000116467476,-0.0053587854,0.003938079,0.080462866,0.017451499,-0.022923188
59264.422561665,19999999,-0.0019581318,-0.00480178,0.005064249,0.094144166,0.015348929,-0.01323184
59264.442561666,0,-0.0007813573,-0.0014927089,0.0044888854,0.096609265,0.017241992,-0.01510478
59264.462561666,0,-0.00030893087,5.146861e-05,0.0017960668,0.09685973,0.01765983,-0.02746068
59264.482561665,19999999,0.000289917,-0.00037831068,0.0019735098,0.094659925,0.020143323,-0.03981942
59264.502561666,0,0.0010653734,0.002301246,0.0022928715,0.07792139,0.025915325,-0.04919076
59264.522561666,0,-0.0016740263,-1.2606382e-05,0.0009800196,0.059616867,0.018868811,-0.051375877
59264.542561665,19999999,-0.0019797683,-0.0015640855,0.0015940666,0.048851095,0.009738631,-0.045717474
59264.562561666,0,-0.0011113882,-0.0048541725,0.0017610788,0.041277543,0.0045720576,-0.013804559
59264.582561666,0,0.0046434402,-0.0033912063,0.007491708,0.034725502,0.01656823,-0.0050342614
59264.602561665,19999999,0.005649954,-0.0053218007,0.010268986,0.032317642,0.030293006,0.005140274
59264.622561666,0,0.008264303,0.004640192,0.009090424,0.016760014,0.04944176,-0.0040850434
59264.642561666,0,0.002555132,-0.00083470345,0.005484998,0.011013558,0.05390191,-0.008297832
59264.662561666,0,-0.0015506744,-0.002027899,-0.0013288856,0.012087386,0.042836018,-0.009166306
59264.682561665,19999999,-0.000107854605,0.0039750636,-0.0037520528,-0.0061446447,0.041566122,-0.04134906
59264.702561666,0,-0.0021628141,-0.0041518807,-0.0003297329,-0.0046192557,0.02674231,-0.04216781
59264.742561666,0,0.0036898553,-0.010519743,0.005477309,-0.0019675256,0.026348224,-0.012121042
59264.762561666,0,0.0040670633,-0.012001783,0.0060911775,0.0033240854,0.03869359,0.007926937
59264.782561665,19999999,0.0053856075,-0.0040354133,0.001296103,-0.0074762055,0.0533364,0.0029917597
59264.802561666,0,-0.002363056,-0.010581285,-0.0014089346,-0.0040729977,0.03475573,0.031490944
59264.822561666,0,0.0035929084,-0.0031996965,-0.001985848,-0.0057395636,0.020708729,0.023345118
59264.842561666,0,0.0029232204,4.49121e-05,-0.00078845024,-0.0016260971,0.016867392,0.007689392
59264.862561665,19999999,-0.00028648973,-0.00028678775,-0.0011210442,0.0037179529,0.011768888,0.0027742246
59264.882561666,0,-0.00013408065,-0.0006621182,-0.0018590689,0.0009329687,0.0012783771,-0.000528733
59264.902561665,19999999,-0.00083720684,-0.0009834766,-0.001884222,-0.0014785684,-0.01432935,0.00087870774
59264.922561666,0,-0.003011644,-0.00584656,0.0014877915,-0.00014736445,-0.022715826,0.01131409
59264.942561666,0,-0.0027795732,-0.0038103163,0.0011224747,0.00013158176,-0.01965475,0.01274537
59264.962561665,19999999,-0.0025477111,-0.0017743707,0.0007570982,0.00041052798,-0.016593678,0.01417665
59264.982561665,39999999,-0.0023158193,0.00026151538,0.00039166212,0.0006894742,-0.013532603,0.015607929
59265.002561666,0,-0.0037891269,0.00011861324,0.0005842447,-0.009710478,-0.024908146,0.012269884
59265.022561665,19999999,-0.0023941696,-0.0005733371,0.0038952231,-0.022656232,-0.034223534,0.003277923
59265.042561666,0,-0.0029517114,-0.010730207,0.010939419,-0.0103814695,-0.026097149,0.013147892
59265.062561666,0,0.0037341416,-0.0021278858,0.009940565,-0.026182802,-0.0024376977,0.0057401215
59265.082561665,19999999,0.011188507,-0.0029726624,0.011880994,-0.024875592,0.038445212,-0.025192864
59265.102561666,0,0.0022717118,-0.0020819604,0.0023026466,-0.026894543,0.038936287,-0.04360747
59265.122561665,19999999,-0.0033561885,-0.0027613044,-0.0050118566,-0.033959057,0.017949754,-0.04299936
59265.142561666,0,0.0010660291,-0.0049089193,-0.0006759167,-0.017736537,-0.0044625252,-0.05428114
59265.162561665,19999999,0.0011967123,-0.004715681,-0.0018754005,-0.009045528,-0.007867382,-0.039698407
59265.182561666,0,0.0046569705,-0.0054626167,0.0005505085,0.00077216513,-0.00030816207,-0.024817776
59265.202561665,19999999,0.0024562478,-0.005145848,0.0024678707,0.014164275,-0.0017502883,-0.021032093
59265.222561666,0,0.0028589964,-0.0055403113,0.005724311,0.020011008,0.0137431305,-0.008335528
59265.242561665,19999999,0.0018474162,-0.0039759576,0.003034234,0.018165767,0.012020706,-0.006372198
59265.262561666,0,-0.0030654967,-0.00015670061,-0.0017396212,0.0015947632,-0.01726406,-0.0047230823
59265.282561665,19999999,-0.007135868,-0.0062650144,-0.0026071072,0.010328653,-0.08410794,-0.024561387
59265.302561666,0,0.00043824315,-0.003516674,0.00037825108,0.020002346,-0.07539317,-0.011956179
59265.322561665,19999999,0.010805637,-0.0027120411,0.008100927,0.023207314,-0.005874507,-0.008184074
59265.342561666,0,0.0062363744,0.00023701787,0.0049431324,0.007900011,0.05653641,0.02264893
59265.362561666,0,0.004048586,-0.0068974197,0.007937372,0.0066128774,0.108682245,0.060386352
59265.382561665,19999999,-0.0005916655,-0.004146397,0.005412221,0.023133997,0.101711005,0.048043974
59265.402561666,0,-0.0062063634,-0.0077920556,0.0069091916,0.048672542,0.0559844,0.04441684
59265.422561666,0,-0.0025663674,-0.0039194226,0.003532648,0.05211441,0.012545098,0.022076443
59265.442561665,19999999,-0.0015015602,-0.0034236908,0.0032058954,0.041970644,0.01096169,0.031792853
59265.462561666,0,0.0017881095,-0.0023242533,0.006673813,0.032608043,0.012122915,0.029509906
59265.482561666,0,0.0011982918,-0.0018118918,0.0035099983,0.018751992,0.02176459,0.028304292
59265.502561665,19999999,0.00438866,-0.0064092875,0.007238984,0.033214405,0.0327409,0.017258542
59265.522561666,0,0.0014014542,-0.004683435,0.004962325,0.05684629,0.02363361,0.0028837174
59265.542561665,19999999,-0.0010432303,-0.0025638044,0.0010313392,0.067253776,0.018175265,-0.009716738
59265.562561666,0,0.00024992228,-0.0006612241,0.0021295547,0.06480715,0.022684354,-0.007264466
59265.582561665,19999999,0.0015430152,0.0012406707,0.0032260418,0.062360518,0.027193444,-0.004812194
59265.602561666,0,-0.00011327863,-0.0011533499,0.0053526163,0.061967,0.03117814,0.00467397
59265.622561666,0,0.0028125048,0.0018602014,0.0056239367,0.051953994,0.043182954,-0.0037858132
59265.642561666,0,0.0046571195,0.0016336739,0.004715562,0.030935591,0.054141775,-0.011451799
59265.662561665,19999999,0.0039013028,-0.0012649298,0.0046622753,0.008975804,0.058652908,-0.016265003
59265.682561666,0,-7.6293945e-06,-0.0068534315,0.0039526224,-0.0033008447,0.055867534,0.00049678795
59265.702561666,0,0.0021588802,-0.007481277,0.006473899,-0.007934502,0.054959208,0.011343367
59265.722561666,0,0.00239861,-0.0065560937,0.0084888935,-0.007452404,0.060692046,0.0195129
59265.742561666,0,0.00085783005,-0.003260851,0.00849086,-0.0023993459,0.06130793,0.02211975
59265.762561666,0,0.00055110455,0.00037235022,0.0086868405,-0.0033651553,0.06502601,0.016448151
59265.782561665,19999999,0.000351727,-0.00018158555,0.010366738,-0.0004169559,0.07633293,0.007601197
59265.802561666,0,0.0014356375,-5.5223703e-05,0.012439549,0.0040405076,0.088887244,-0.0033343704
59265.822561665,19999999,0.00036090612,-0.008200854,0.017031074,0.019242346,0.11225986,0.0055238977
59265.842561666,0,0.0028729737,-0.010682911,0.023489237,0.036074452,0.15044071,0.009124713
59265.862561665,19999999,0.003174305,-0.009056896,0.023570359,0.048520632,0.18777801,0.00991992
59265.882561666,0,0.002647251,-0.007352054,0.02478534,0.053342942,0.22675885,0.00043582078
59265.902561665,19999999,-0.0016016066,-0.0024257004,0.019774675,0.04498018,0.24305439,-0.011265639
59265.922561666,0,0.00016075373,-0.0016236305,0.023328424,0.035669595,0.26921687,-0.031858012
59265.942561666,0,-0.0016833246,-0.0033174455,0.025115073,0.037952047,0.2914376,-0.04897766
59265.962561665,19999999,-0.0026063323,-0.002942443,0.027791917,0.038175154,0.31722668,-0.07118109
59265.982561666,0,0.0002964735,-0.0016613305,0.030743062,0.033946075,0.35221544,-0.094822295
59266.002561665,19999999,0.002937138,-0.0026215315,0.03006351,0.014837982,0.38557798,-0.11228168
59266.022561666,0,0.0003270805,-0.0063235164,0.027820349,0.0017041555,0.40249974,-0.1227121
59266.042561666,0,-0.0018711686,-0.005531311,0.025681555,-0.011863807,0.40846235,-0.14852926
59266.102561665,19999999,-0.0068677366,0.0035642684,0.018320441,-0.03926401,0.40006056,-0.1849786
59266.082561666,0,-0.012724757,0.010897368,0.010358632,-0.07664264,0.37259328,-0.22504906
59266.102561666,0,-0.016628742,0.02512011,0.00020980835,-0.13600762,0.32421714,-0.2774932
59266.122561665,19999999,-0.015182823,0.03740087,-0.008221149,-0.22932367,0.2771829,-0.33937028
59266.142561666,0,-0.014014423,0.032789737,-0.008775234,-0.34119505,0.22855556,-0.38394997
59266.162561665,19999999,-0.012836635,0.028097898,-0.0093797445,-0.4530664,0.17992823,-0.42852965
59266.182561666,0,-0.008690149,0.014050603,-0.004837215,-0.540982,0.13492912,-0.45274508
59266.202561665,19999999,-0.0028206706,0.0026735663,-0.0032164454,-0.6142531,0.09373762,-0.47433937
59266.222561666,0,0.0012468994,-0.016306937,-4.2915344e-05,-0.6534442,0.055925827,-0.4759241
59266.242561666,0,0.009083331,-0.027877927,0.0057814717,-0.66335714,0.039477736,-0.47846425
59266.262561666,0,0.0081419945,-0.042656124,0.006190002,-0.6397439,0.024056502,-0.44547874
59266.282561666,0,0.005094886,-0.05319822,0.0037359,-0.5899121,0.009620494,-0.3763918
59266.302561666,0,0.008186072,-0.05441922,0.0021756291,-0.5198258,0.0052827876,-0.3056889
59266.322561665,19999999,0.011320174,-0.055687666,0.00054496527,-0.44973958,0.000945081,-0.23498598
59266.342561666,0,0.014488995,-0.05902171,-0.0019321442,-0.37165156,-0.004289692,-0.16269934
59266.362561665,19999999,0.01734078,-0.0534558,-0.0056110024,-0.301426,-0.011916263,-0.094534315
59266.382561666,0,0.022409827,-0.03736174,-0.00800252,-0.2647171,-0.0047379723,-0.04411922
59266.402561666,0,0.019567281,-0.03414634,-0.008059561,-0.2341919,-0.0062083136,0.015150584
59266.422561665,19999999,0.013945699,-0.024754494,-0.011144936,-0.21591574,-0.024890296,0.06016963
59266.442561666,0,0.016198099,-0.023892075,-0.0071466565,-0.19138777,-0.015866615,0.07256849
59266.462561665,19999999,0.018446207,-0.0230335,-0.003158927,-0.1668598,-0.006842931,0.084967345
59266.482561665,39999999,0.013276666,-0.020744085,-0.0037010908,-0.13590403,-0.012937006,0.09138228
59266.502561666,0,0.011126012,-0.01809895,-0.0048387647,-0.107048705,-0.016898235,0.0914526
59266.522561666,0,0.006445527,-0.008541137,-0.011108756,-0.09151826,-0.033962235,0.085626625
59266.542561665,19999999,0.007961541,-0.004147649,-0.007661581,-0.078263834,-0.03373247,0.06386425
59266.562561666,0,0.007511586,-0.0072803497,-0.0067874193,-0.066857666,-0.04501374,0.047264263
59266.582561666,0,0.007971078,-0.013245106,-0.00067549944,-0.048870496,-0.052026022,0.031984884
59266.602561665,19999999,0.007213503,-0.010397285,0.002417922,-0.046004932,-0.05331479,0.020596016
59266.622561666,0,0.008796304,-0.009153962,0.0072336197,-0.051397286,-0.050499126,0.015357643
59266.642561665,19999999,0.0109265745,-0.0049728453,0.009943068,-0.06697047,-0.042971402,0.008109956
59266.662561666,0,0.011056185,-0.008233666,0.013064027,-0.07730127,-0.034314398,0.005806459
59266.682561666,0,0.0129775405,-0.008816779,0.014788508,-0.08662132,-0.010772824,0.0047823046
59266.702561665,19999999,0.011487126,-0.007440567,0.013450265,-0.10067856,-0.0001001535,0.0005867919
59266.722561666,0,0.010177344,-0.004863143,0.012529254,-0.11575429,0.004189399,0.004151513
59266.742561665,19999999,0.006295711,-0.0055332184,0.008748114,-0.1232463,-0.008073977,0.013646052
59266.762561666,0,0.011634707,-0.0011755824,0.008393705,-0.13878387,-0.008263881,0.0052383663
59266.782561665,19999999,0.01440084,0.0053994656,0.0033378005,-0.16564685,-0.022054216,-0.014694857
59266.802561666,0,0.010950685,0.012903094,-0.0062425733,-0.2072986,-0.044284187,-0.03690906
59266.822561666,0,0.010020286,0.023106784,-0.011984348,-0.25873607,-0.09153234,-0.05905796
59266.842561665,19999999,0.009096682,0.033307984,-0.017749965,-0.3101735,-0.13878049,-0.08120686
59266.862561666,0,-0.00079643726,0.026852295,-0.02238816,-0.3562826,-0.19340864,-0.08805244
59266.882561666,0,-0.0061460435,0.03418763,-0.029248238,-0.41402376,-0.2715561,-0.087452866
59266.902561665,19999999,-0.00012943149,0.050458714,-0.028280616,-0.49676087,-0.32959524,-0.119951636
59266.922561666,0,-0.0025684536,0.053406462,-0.029969454,-0.57951397,-0.40058023,-0.16109791
59266.942561666,0,-0.0035617352,0.060705334,-0.027490795,-0.65849984,-0.4657571,-0.2128365
59266.962561665,19999999,-0.006094724,0.05590664,-0.02455157,-0.7281262,-0.51146406,-0.2692491
59266.982561666,0,-0.012087971,0.04168673,-0.020258904,-0.76901764,-0.5641382,-0.31135094
59267.002561666,0,-0.010221273,0.017403394,-0.0059955716,-0.75972867,-0.57847106,-0.3235052
59267.022561666,0,-0.007285118,0.018421486,-0.0024317503,-0.7429021,-0.5205257,-0.29098403
59267.042561665,19999999,-0.0042925775,0.019493908,0.00088882446,-0.7260755,-0.4625803,-0.25846288
59267.062561665,39999999,-0.0012463629,0.020624533,0.00396657,-0.7092489,-0.4046349,-0.22594172
59267.082561665,59999999,-0.00845179,0.016739711,-0.0039429665,-0.713883,-0.41057336,-0.2937982
59267.102561666,0,-0.020347744,0.027215272,-0.014779091,-0.6713839,-0.38965446,-0.20177893
59267.122561665,19999999,-0.008048862,0.015985712,-0.00088208914,-0.62408024,-0.32859305,-0.14090097
59267.142561666,0,-0.005743861,0.014859602,-0.00021088123,-0.57728845,-0.284182,-0.1045281
59267.162561666,0,-0.002991438,0.030348428,-0.000629127,-0.5594786,-0.24799389,-0.11085595
59267.182561665,19999999,-0.0023062825,0.029492341,0.0015414357,-0.5459769,-0.2023669,-0.10866578
59267.202561666,0,0.00030511618,0.029264145,0.0036296248,-0.51933527,-0.14624012,-0.12745018
59267.222561665,19999999,0.002936393,0.0290436,0.0056238174,-0.49269366,-0.09011333,-0.1462346
59267.242561666,0,-0.006093949,0.018276364,0.004101336,-0.42961445,-0.061473794,-0.14729503
59267.262561665,19999999,-0.009009331,0.009321809,0.0025181174,-0.34352908,-0.03716474,-0.12401462
59267.282561666,0,-0.008230954,0.008540101,0.00074088573,-0.24146357,-0.019423358,-0.07465979
59267.302561666,0,0.005472094,0.019872092,0.006472647,-0.1685566,0.043946303,-0.04887791
59267.322561665,19999999,0.00594458,0.013067912,-0.001565814,-0.09057691,0.09412216,-0.0038297996
59267.342561666,0,0.0054793954,0.017921083,-0.009325922,-0.05047221,0.12222511,0.024203822
59267.362561665,19999999,0.0050103962,0.022776943,-0.017093003,-0.010367505,0.15032807,0.052237444
59267.382561665,39999999,0.004537463,0.027635444,-0.024867058,0.0297372,0.17843102,0.080271065
59267.402561666,0,-0.0014589727,0.017925452,-0.026360095,0.05620975,0.16403306,0.1068954
59267.422561665,19999999,0.004577458,0.022036456,-0.022253633,0.067200884,0.14990626,0.1011402
59267.442561666,0,0.0020627081,0.021677427,-0.018485606,0.070097744,0.12208137,0.10098374
59267.462561666,0,0.001932472,0.030771248,-0.015975535,0.053058885,0.08495988,0.07917294
59267.482561666,0,-0.00043064356,0.029780194,-0.01598847,0.033538487,0.050931107,0.05611217
59267.502561665,19999999,-0.0035492182,0.034404352,-0.016931951,0.0044926647,0.013492368,0.020088915
59267.522561666,0,-0.0079368055,0.034177054,-0.022022367,-0.03778287,-0.045662407,0.00047571585
59267.542561666,0,0.0020970404,0.033148997,-0.009201705,-0.06903808,-0.06561366,-0.04207719
59267.562561665,19999999,0.0006431937,0.015484225,-0.0028888583,-0.0745284,-0.06707802,-0.06907487
59267.582561666,0,-0.0004982352,0.00576568,0.0010755658,-0.06732488,-0.06575964,-0.08153349
59267.622561666,0,-0.005925715,0.006292537,-0.0046830773,-0.08483484,-0.056659956,-0.07132161
59267.642561666,0,-0.0044942796,0.0096083395,-0.0033157468,-0.09922583,-0.047958143,-0.07755383
59267.662561665,19999999,-0.0030611455,0.01292577,-0.0019518733,-0.11361682,-0.039256327,-0.08378606
59267.682561665,39999999,-0.0017782152,0.016275343,-0.0054746866,-0.14660111,-0.043019086,-0.09153846
59267.702561666,0,0.00011995435,0.010748047,-0.003128171,-0.17313948,-0.049414266,-0.08358382
59267.722561665,19999999,0.0053855777,0.01146337,-0.0012304783,-0.21138686,-0.036148027,-0.08831631
59267.742561666,0,0.0028647482,-0.0036587827,0.0009493232,-0.21062456,-0.046366643,-0.08247693
59267.762561666,0,0.0023937821,-0.0023601241,-0.0008789301,-0.20291613,-0.04940394,-0.06951475
59267.782561665,19999999,0.0019272268,-0.0010594726,-0.0027214885,-0.1952077,-0.052441236,-0.056552567
59267.822561666,0,-0.0021201372,0.0056960154,-0.007944763,-0.19740568,-0.046487045,-0.042486034
59267.842561666,0,-0.00077819824,0.014512816,-0.008944333,-0.22614618,-0.052620254,-0.038139306
59267.862561665,19999999,0.0033100843,0.009957353,-0.0026562214,-0.23817816,-0.043441907,-0.034349814
59267.882561666,0,-0.000754267,0.0065767337,-0.0072021484,-0.24230169,-0.062467527,-0.023811756
59267.902561666,0,0.004032433,0.00015584938,0.00046807528,-0.22562209,-0.045986116,-0.048544183
59267.922561666,0,-0.0063546896,-0.010059347,-0.0046693087,-0.20219569,-0.061757237,-0.024921497
59267.942561665,19999999,-0.009296268,-0.0019128621,-0.00349617,-0.19976032,-0.05690038,0.0012040306
59267.962561666,0,-0.015360028,-0.0003879331,-0.0025291443,-0.18498251,-0.06747506,0.0452775
59267.982561665,19999999,-0.010038406,0.009692789,0.0012723207,-0.16407344,-0.055289753,0.04445447
59268.002561666,0,-0.0111994445,0.01672064,0.004119098,-0.1378186,-0.036686234,0.030750062
59268.022561665,19999999,-0.023688197,0.019228855,-0.0022640228,-0.11831797,-0.048267785,0.037989113
59268.042561666,0,-0.018683225,0.04990397,-0.0051731467,-0.15109639,-0.046975408,0.03585205
59268.062561666,0,-0.01922831,0.063308895,0.00010973215,-0.19046861,-0.02919509,0.024766497
59268.082561665,19999999,-0.032447457,0.055610072,-0.0010816455,-0.18846743,-0.025255255,0.03251773
59268.102561666,0,-0.044418603,0.051439665,-0.004561007,-0.15942408,-0.025111005,0.05114474
59268.122561666,0,-0.050892174,0.05750331,-0.0077813864,-0.115994334,-0.035898987,0.05864454
59268.142561665,19999999,-0.057370573,0.06356701,-0.011010826,-0.07256459,-0.04668697,0.06614434
59268.162561665,39999999,-0.0362432,0.08787502,0.00072038174,-0.051348977,-0.009277124,0.017961275
59268.182561666,0,-0.03727892,0.08872582,-0.0021390915,-0.01958112,0.016481325,-0.027762458
59268.202561666,0,-0.026502669,0.080847315,0.0034387708,0.03338267,0.043168142,-0.09325322
59268.222561666,0,-0.011918545,0.07495552,0.001529336,0.05107604,0.054560266,-0.16553774
59268.242561665,19999999,0.0026554763,0.06906094,-0.00038313866,0.06876941,0.06595239,-0.2378223
59268.262561665,39999999,0.022416383,0.061839823,-0.001278162,0.06330205,0.083055265,-0.304749
59268.282561666,0,0.031156033,0.042788032,-0.0075069666,0.054608602,0.09546527,-0.33451486
59268.302561666,0,0.034170896,0.029677972,-0.013959885,0.053701114,0.09818425,-0.2982759
59268.322561665,19999999,0.03717065,0.016558813,-0.020415902,0.052793626,0.10090322,-0.26203692
59268.342561666,0,0.034809202,0.012157356,-0.025793672,0.0838276,0.11168906,-0.20472305
59268.362561665,19999999,0.032436013,0.007747897,-0.03117925,0.11486158,0.1224749,-0.14740917
59268.402561666,0,0.024808109,0.014044189,-0.035826325,0.18385936,0.11141255,-0.045980766
59268.422561665,19999999,0.021454573,0.019785736,-0.03748834,0.21106566,0.09975058,-0.006181501
59268.462561666,0,0.008701742,0.016612373,-0.032712877,0.25456703,0.03210437,0.03754178
59268.482561665,19999999,0.0074385703,0.017034533,-0.026401758,0.28138378,-0.014630426,0.052723985
59268.502561666,0,0.011177212,0.018294815,-0.01853168,0.30992112,-0.04720671,0.04770571
59268.522561666,0,0.0136199,0.013090182,-0.013381481,0.32857934,-0.08567266,0.037911963
59268.542561665,19999999,0.016065001,0.007877141,-0.008274496,0.34723756,-0.12413862,0.028118216
59268.562561665,39999999,0.018512458,0.002655398,-0.0032106638,0.36589575,-0.16260457,0.018324468
59268.582561666,0,0.021087438,-0.0024318025,-0.00094127655,0.35474205,-0.19809619,0.0146769425
59268.602561665,19999999,0.024079531,-0.010886233,0.0020298362,0.32705316,-0.22756368,0.02088476
59268.622561666,0,0.035178006,-0.016286738,0.0042611957,0.28926808,-0.24472076,0.009517525
59268.642561666,0,0.03125283,-0.033690155,0.006648183,0.2690031,-0.2702645,0.012513416
59268.662561666,0,0.027831346,-0.046561874,0.008618295,0.2623928,-0.30497873,0.01769333
59268.682561666,0,0.023389965,-0.062180832,0.0104471445,0.27075958,-0.33938786,0.030007884
59268.702561665,19999999,0.018369406,-0.07707365,0.008651674,0.28656518,-0.3694384,0.05068125
59268.722561666,0,0.016844273,-0.083918706,0.0050274134,0.2897654,-0.3939571,0.07664405
59268.742561666,0,0.015673786,-0.08754851,0.006241262,0.27953398,-0.40965012,0.11288354
59268.762561666,0,0.018704921,-0.08553641,0.010751843,0.25891212,-0.41142175,0.14764504
59268.782561665,19999999,0.01840815,-0.08355476,0.012154818,0.2337383,-0.40694043,0.17544058
59268.802561666,0,0.018428683,-0.08180957,0.0119133,0.21619785,-0.39973113,0.18760863
59268.822561666,0,0.020466268,-0.08054385,0.014004648,0.20725784,-0.38059527,0.18034874
59268.842561665,19999999,0.022486031,-0.07931557,0.016037464,0.19831783,-0.36145943,0.17308885
59268.902561666,0,0.02309075,-0.076532334,0.02354759,0.17388427,-0.31662837,0.19542365
59268.922561666,0,0.02668938,-0.070408255,0.031103969,0.16170941,-0.30625147,0.21340255
59268.942561665,19999999,0.028455436,-0.065619566,0.0329262,0.14181212,-0.2898576,0.22917716
59268.962561666,0,0.026774406,-0.060157888,0.029801726,0.11052805,-0.27702412,0.24883693
59268.982561666,0,0.023753524,-0.051382653,0.024011195,0.0623902,-0.2654332,0.26458204
59269.002561665,19999999,0.017607987,-0.04508116,0.019751906,0.012549829,-0.25515896,0.28697526
59269.022561666,0,0.008999288,-0.038907275,0.018336296,-0.026814118,-0.252052,0.3140654
59269.042561665,19999999,-0.0018071532,-0.032309152,0.01575917,-0.057514895,-0.25566134,0.33929494
59269.062561666,0,-0.007879317,-0.020174481,0.012407422,-0.078799814,-0.2635458,0.35123134
59269.082561665,19999999,-0.007798195,-0.004372701,0.010539889,-0.09729393,-0.2577622,0.33025232
59269.102561666,0,-0.014423609,0.0005546436,0.013181269,-0.10360247,-0.2568587,0.30063516
59269.122561665,19999999,-0.021081626,0.005465701,0.015792072,-0.10991102,-0.25595525,0.27101803
59269.142561665,39999999,-0.027772486,0.01036071,0.018372476,-0.116219565,-0.25505176,0.24140088
59269.162561665,59999999,-0.034496248,0.01523982,0.020922363,-0.122528106,-0.2541483,0.21178374
59269.182561665,79999999,-0.033620656,0.021884292,0.025440872,-0.122531734,-0.2520746,0.19546178
59269.202561666,0,-0.027537525,0.030173868,0.0271855,-0.14125632,-0.22435163,0.16307127
59269.222561665,19999999,-0.021479487,0.038457066,0.028899908,-0.15998091,-0.19662867,0.13068077
59269.242561665,39999999,-0.02435571,0.039434142,0.0291515,-0.17807889,-0.17154248,0.10532978
59269.262561666,0,-0.028763235,0.03596341,0.029071927,-0.19334394,-0.15208773,0.09652084
59269.282561666,0,-0.031117678,0.03122052,0.02976042,-0.1973029,-0.13686137,0.09606127
59269.302561665,19999999,-0.03095138,0.025662122,0.028719187,-0.18721719,-0.11997269,0.10062741
59269.322561666,0,-0.029924572,0.021154372,0.029195726,-0.16913682,-0.102475025,0.107545644
59269.342561665,19999999,-0.028163314,0.018571705,0.027864158,-0.14900802,-0.083207816,0.12075837
59269.362561666,0,-0.027106166,0.019174717,0.024995267,-0.12968758,-0.06473785,0.13211915
59269.382561665,19999999,-0.025140166,0.02226709,0.023122191,-0.11765263,-0.042314075,0.13374996
59269.402561666,0,-0.024670899,0.024242098,0.018821418,-0.10520435,-0.025915176,0.1272298
59269.422561665,19999999,-0.024493277,0.024000976,0.015521884,-0.09515979,-0.012521216,0.10911382
